Date,AGG.P,DBC.P,GLD.P,IWM.P,LQD.P,MUB.P,VTI.P
2011-01-03,-0.00043829583645028805,0.0007416182844080413,-0.0076800799217803415,-0.014286894533434916,0.004689923102132584,0.0021492648676182096,0.001977296426345014
2011-01-04,0.0012734209055759625,0.0011037028636332708,0.0074073722697732885,0.016266487341964612,0.005507297980378249,9.4621125443501e-05,0.017152440978453205
2011-01-05,0.0010638455826833442,0.007963888981319304,0.0040233354551353715,0.006266855983358609,-0.0033834378674669073,0.003053439335784863,0.03482194361729205
2011-01-06,-0.0013491849840914477,0.00021766910510723157,-0.004744519684923808,-0.007379101876008302,0.00891234965409362,-0.00206648814943469,-0.007042497662690492
2011-01-07,-0.006199991138554495,-0.011795963228058445,-0.02000466236250169,0.006770746399320561,0.012741443415821813,-0.0027564388528100703,-0.0239642635052664
2011-01-10,0.0037500099076971595,-0.006954415680612374,0.013249279022083778,-0.004264742923536848,-0.0021356530079308335,0.0001368947588087773,0.009591438198798872
2011-01-11,-0.0007596853657760684,-0.006252615467592401,-0.0028307288702869703,-0.020715487457716404,0.0027241427162185802,-0.00643503437249663,-0.005463396331260242
2011-01-12,0.0031875503276232514,0.005012325763930243,0.007416441747818045,0.00041726242114850567,0.008323627340179034,0.005006297450171989,0.0033724823279458324
2011-01-13,0.003860194703558272,0.010622780102370463,-0.0018487436426705191,-0.02091483929166127,0.0047552870489994195,0.0038103024917402954,0.009703508535703996
2011-01-14,-0.0035952968041788242,-0.012389485964848762,0.0020347237666464065,-0.0004996060431101036,-0.01192072590718419,0.00015721377361609833,-0.018608777808185248
2011-01-17,-0.003631038023181941,0.014385211717234609,0.01831343233010985,-0.009019817845702565,0.000631174589837256,0.0017648205801117248,0.02684648200766286
2011-01-18,-0.0018214819521498275,-0.0064950264177076,0.013926942598197583,-0.0022239748228515656,0.0048870268727663245,-0.004947485583262066,0.0012496492601973069
2011-01-19,-0.006488408098233683,-0.015459181518118087,0.0044757226283068585,0.0014780076516099079,-0.0033711460403837656,-0.003983710596983937,0.0005620451138046451
2011-01-20,0.001354456432311482,0.01225355285887531,-0.023913512349684612,-0.016462820348579137,0.0009848588215385764,-0.00026403614738197657,0.0009791781591859002
2011-01-21,0.0012201644887545665,-0.003085453578566881,-0.0050562721443076185,-0.005835803325860532,0.006668177905336494,-0.002396051069681169,-0.0031120364144908335
2011-01-24,0.000883371147767778,0.018892388232352706,-0.0005565145676652407,0.018499106840134054,0.0077545721812331495,0.0006055631017413733,-0.0001776743408638196
2011-01-25,-0.0011662188013573382,-0.003577441060596263,0.0076501155386501105,0.005878891148639434,0.0014526122014030477,-0.0041685442542390054,-0.007919242381218425
2011-01-26,0.008723814092151366,0.001798425673315821,-0.004508788220450926,0.01693979268983279,0.0019884525290822784,0.002577062552796402,-0.004982191387846957
2011-01-27,-0.0011246963457146246,-0.002535622690489235,-0.014150859485852502,-0.004095733550099722,0.0006052816847365856,0.006498911943024988,-0.003852720427798906
2011-01-28,-0.009186737346008656,-0.005266570998003634,0.02333126105058956,0.023794179810065503,-0.005490941328375922,0.0014889964713189034,0.0006870889266430344
2011-01-31,-0.005265247000754983,-0.006519982618656943,-0.0014827801606656428,-0.02715292930973028,-0.0064767758782680275,-0.00021086383738718438,-0.0037045867029788524
2011-02-01,0.001729250019717541,-0.013650454877990478,0.006125818777606926,-0.020122939133013235,0.010496645228798536,-0.005367626056506459,-0.015170153468079048
2011-02-02,0.0018194884292542027,0.020546122862935237,0.005960413193654331,0.013698606108511565,0.0017301733200075693,-0.0028364583569154026,8.871896392396631e-05
2011-02-03,-0.004697654028772936,-0.017302348826416455,0.0005712319180856053,-0.017514602479265,0.0010786359256335716,-0.005393939213016342,0.003332576988391179
2011-02-04,-0.0018047363843744172,0.015858794222794445,0.004354160069400737,0.02492353403713688,-0.004269604935708939,5.0873692275249765e-05,-0.0044832378708530565
2011-02-07,-0.0015044261410351284,-0.003804153735029427,-0.007973566709544308,-0.020150858816839746,-0.008149756452548677,-0.009434971367649658,-0.009428829018156452
2011-02-08,0.0026599834303488302,-0.017785479987892067,-0.014431060862987408,0.019765799456028715,-0.0064708898559166315,-0.0008173124157209483,0.003869473885907148
2011-02-09,0.002800112800688803,-0.016818553555687798,-0.00313431677381962,-0.03032860461621359,0.014843544394952696,-0.004834849728791454,-0.019007980728802557
2011-02-10,-0.00401241642685638,-0.019579810331219923,0.009867691361430215,0.03887912318038843,-0.005596762334319229,-0.007114770849666998,-0.019497517241163234
2011-02-11,-0.0008264379254426196,-0.0041428286879963356,-0.007058409930516628,0.001905946809424255,0.0013939536851532252,0.0008003120934184948,-0.0054052462732878635
2011-02-14,-0.004256501088548401,0.005966688596638653,-0.000571110119305317,0.01780583187134638,0.0036122416707875227,-0.005823359474741459,-0.011614288128121797
2011-02-15,-0.002872172319206341,-0.013841752211976083,0.005007822658974135,0.006058975200008633,0.005294628295926146,0.0012036565284350147,0.0012762443759004487
2011-02-16,0.004948934117975503,0.007782463353187134,0.003172898300832215,0.02291868423952245,0.00120941356354699,-0.0007500568956636811,-0.007669662977469489
2011-02-17,0.002962110623986152,0.015992102715468033,0.002253946509884272,0.022806830908406822,-0.010671239640155017,-0.0003692606896763138,0.005748025419393939
2011-02-18,-0.002757986577044844,0.02702410661474962,0.001434871569838862,0.0014961826104518752,0.0017861269795784996,-0.0065847074038404355,-0.0007153624668161291
2011-02-21,0.00408297216826203,-0.005642130354101806,-0.007361193964199729,0.015578183657190105,0.0067819371229456945,0.0018096979643041763,-0.009735349149812465
2011-02-22,-0.0008078872538489308,-0.009921672320146546,-0.011047395438570869,-0.01985161373701593,-0.0041176096334767315,-0.00452850151675651,-0.01955506294021288
2011-02-23,0.0010276134215447096,0.003228221148797714,0.017403488290585106,-0.00566313597398128,0.003937155310008525,0.002804812125494447,-0.0008632818191520399
2011-02-24,0.003127343659154026,0.010587299096494524,0.005425640607039584,-0.0018712921463092808,-0.0002043728413018832,-0.004118263112602936,-0.005640519361849333
2011-02-25,-0.0023380378706886517,-0.014404677446171802,0.0020298386190233373,0.018044173045648614,-0.007121822943840541,-0.0004394865171674411,-0.00991414981714512
2011-02-28,-0.0010696924952778297,-0.008689091947121233,0.004652397751167933,-0.01002966418072622,0.006156578071030279,-0.000383776038895325,-0.008835062037689549
2011-03-01,-0.004863236715671952,0.0007981359042190391,0.007321868212301503,0.009469477396009061,0.012615438776908783,0.006045159750519112,-0.004129847377923402
2011-03-02,-0.001122113710564988,0.00505014561915898,-0.007985923035221514,0.01834955728242021,0.0008950366127580883,0.0003296631069955635,0.008588305846957934
2011-03-03,0.007041341068816128,0.005179338918701199,0.0017966322229202778,0.021298380085498975,0.00624178990349764,-0.0004611084239842641,-0.0007020244795988828
2011-03-04,0.0009315261060128274,0.004694319084167435,-0.012438274656723244,-0.02601067934297308,-0.004250488280555095,-0.003399317959354085,-0.008136590272697444
2011-03-07,0.0026888505022306464,-0.0008117399659977319,0.0027593521196204638,-0.019556085205732685,-0.000988030697498515,0.0032461180160841285,0.004967167813799368
2011-03-08,-0.002748304369910332,0.0006637720554439889,0.020775609792580682,0.006917433461702298,-0.002856603178289165,-0.00011145781888029796,0.007667551917495485
2011-03-09,-0.0004546754123640036,-0.0005941018356839988,-0.014316431156236454,-0.01771093384109298,-0.001091955299568439,-0.000817745381057027,-0.009154347578502484
2011-03-10,-0.0005580565569721163,0.00045527124760523963,0.00863155216792602,0.0014394620387897183,0.003058757333544605,-0.0014297515907753917,0.008859460375097118
2011-03-11,0.0016529258870708083,0.010998570570583023,0.008773769420218264,0.012967942184511446,0.0006539465180597331,0.0017447642643493634,0.015581173281481184
2011-03-14,-0.002458306428530559,-0.008579309393544106,8.996534121363035e-05,0.006684775409173605,-0.005859660594588922,-0.0012715971578853755,0.0008680262987478365
2011-03-15,-0.008711148153372058,-0.006542806885622082,-0.005048188793708185,0.0005521340724769028,0.006233079361824318,-0.005488018782195705,-0.007683302912119512
2011-03-16,-0.010098815845673795,-0.010607647061512222,-0.00806672423309475,-0.0060953234508087815,0.0040627493679152695,0.00215114949216838,-0.0009261969129411732
2011-03-17,-0.0011324568468153795,0.011307856046131942,0.0009237729590366988,-0.009561519297629602,-0.008621025216281167,-0.0013671120056011168,0.013004751483153183
2011-03-18,0.009456183214861512,0.004628716586259161,-0.0036580722531363258,-0.023809290024397974,0.005926467222734856,-0.004747392774211669,0.00237912873355359
2011-03-21,0.003620856646430756,0.006447999135144902,-1.402606148172915e-05,0.007959252246438547,0.0017344458732074582,-0.0024055290371606335,0.021943310973177962
2011-03-22,-0.0010567219144274414,0.008370688262223496,-0.022885341431734166,0.016628868123575256,0.006428100566848091,-0.0007393541873502083,0.003380030612218096
2011-03-23,0.0025840677078591123,-0.006820812442479752,0.005721954370847661,-0.014027441591094543,-0.0022838599902988187,0.004989643224084092,0.008553365639309161
2011-03-24,-0.00247551083814315,-0.010174795547687835,-0.007983970493313862,0.00887896148929738,-0.007741525551061546,-0.0002337014818628698,0.008435781310496639
2011-03-25,-2.9829042388055294e-06,0.011624793798549296,-0.0014627687597691342,-0.0013431290860537086,-0.004752109686815324,0.0042197027296189855,-0.007445254626147283
2011-03-28,0.0017490916430011267,-0.00041652341983687894,-0.009537114403033476,-0.012818002301567512,0.00826898299517386,0.00145133969478899,-0.016898870396209645
2011-03-29,0.0015713169659923956,-0.0013839423041490718,0.03447751204652533,0.011485155294481731,0.0003339564719386961,0.007058774464285517,-0.01669004499612368
2011-03-30,0.0007272818045245023,0.023632148146668523,0.0019244454326751686,-0.022145826733779204,0.0008256264306118917,0.007573085040502806,0.004636931283314396
2011-03-31,-0.003005434923735056,-0.009839819364489797,-0.007278369978448672,0.0036569159569583287,0.006061272918374156,0.0034094321421087597,0.0009879945425779967
2011-04-01,-0.004976595685763425,-0.018351859180468368,0.0018671991092090083,-0.021196158259013494,-0.0018962475836501985,0.000733538920648309,-0.0148132093627164
2011-04-04,-0.003747062140694628,-0.003160341059731076,0.003629215751891866,0.018890239126695487,0.002305179513588649,-0.0002845374841337853,-0.00644613626634135
2011-04-05,-0.003933641369694609,-0.008188793436663924,0.0021031749269108282,0.00638324968479487,-0.013250552288009632,-0.004426897644889486,0.018926990741539914
2011-04-06,0.0006668611814031081,-0.016869142974977904,0.02173416409470755,0.0010075750296346855,0.0030718292493642305,0.0022644435517501587,-0.004166758210646314
2011-04-07,-0.002560303821942389,0.02366242638390651,0.011828562865610395,0.02178413881710889,0.004629907303759484,-0.0027690579666899305,0.022784754662618253
2011-04-08,-0.0030225411711887547,0.0016433476782603713,-0.016619328341215073,-0.033555064659513835,0.0019953452950923394,-0.002869708839374543,-0.02584742045738647
2011-04-11,0.00251244476939653,0.025926234850044114,0.017515976520935523,0.003907131853586327,0.0035671134025051328,0.005794907179948406,0.017341391637383796
2011-04-12,-0.0010241471694925704,-0.0004128698410845853,0.0028255202450050555,0.009790293925467616,-0.0010212602057362065,-0.0006407440645809971,0.017640660405009067
2011-04-13,0.005188097928756701,0.007641242663659631,0.019631336634689134,-0.0027814925410046005,0.012569639622642063,0.004783974318760248,0.036454828917905906
2011-04-14,-0.004419942613130705,-0.010525016226767613,0.0017775333717084578,0.007062561416551501,0.009921015538372678,-0.002791830578197228,0.009627190999568552
2011-04-15,0.004999866549492836,0.010252535772137228,-0.006417674875385575,0.019467417513776505,0.007238117335562892,0.002835540739663205,-0.00031364509460270987
2011-04-18,0.0012544348665231944,-0.0007271469554648585,0.006868856900279173,0.0012618272256785085,-0.0041112201948676165,-0.0037525679385281524,-0.005465783102416402
2011-04-19,0.0012385317468465004,-0.00011997364564668924,0.002759321557699644,0.007698826352658206,-0.0034397608260242317,0.005587332111338679,-0.0035284833661510177
2011-04-20,-0.00138371335695488,0.004742978524029862,-0.01768026707230402,-0.014737370797303802,0.005271455468223401,-0.006590774904028147,0.010892046686446135
2011-04-21,0.006394565154614103,-0.0018632683797534552,0.0050007171834770495,0.014495682675427763,-0.0020336595343921947,0.0036595325484769137,-0.009010207279595133
2011-04-22,-0.0015604151433520556,-0.010543198719148912,0.0019615467470187518,0.01725222523322534,-0.002513890910135981,-0.0058841522364865275,-0.009740153111001796
2011-04-25,0.0019284026179672215,0.02238931097407033,0.007179504155509555,-0.0009391818534489663,0.007031794075601507,0.0011015134568540044,-0.0017036827268941729
2011-04-26,-0.003483848403501155,0.014784949930609878,-0.024161695401593936,0.011579361919281925,-0.004539628654438981,-0.0029382366183057537,0.020813401319357144
2011-04-27,-0.0025065332954249094,-0.009553933587624209,-0.002876381194310928,0.005293618743660873,-0.0038818819690343617,-0.0070524190528256725,-0.007663453437288193
2011-04-28,0.005475351442506256,0.002993563284642369,0.006790164784566955,-0.005000923509034123,-0.0018538190342661405,0.007573080338636109,-0.004351955661382566
2011-04-29,-0.0014234850602233417,0.012006829561358439,-0.005982343093297757,-0.007434705105086962,0.0007210610174473238,0.0004789918118173077,0.003644274661652214
2011-05-02,0.008716702503404715,0.00755432149020742,-0.01938952225975506,-0.0031043486524547402,0.0007498355497050036,0.0005669488021671977,-0.003042941200365796
2011-05-03,0.00023528649082276668,-0.0008758230990335151,0.0062484398731605835,-0.007221204839742368,-0.004477085383355414,0.01201754776437292,-0.010403380911702984
2011-05-04,0.0007505729016247557,-0.017764611050194543,-0.00028690642506573177,-0.018513501804936907,-0.0025905284975151098,0.0038846074287989265,0.0006265900878176368
2011-05-05,0.0026236452034072316,-0.020190860080375825,0.01692446459699769,-0.0199833366684058,0.010399063496275385,0.005512066468556545,0.0007535614319732684
2011-05-06,-0.003069949810926588,5.9530053565563004e-05,-0.005353144796308068,0.0009705363711218062,-0.002191225479326873,-0.008389175726512372,0.0161848691039528
2011-05-09,2.5570359964682615e-05,-0.0060977792763901245,-0.00588940704535265,0.0029357814936419088,-0.00602822679220471,-0.00951251702734279,0.007188666634460413
2011-05-10,0.002426418480604622,-0.0016340968098696662,-0.01038099586669978,-0.002821774555225416,-0.00876705383840029,-0.004604770050553427,-0.008296552062669889
2011-05-11,0.003725766832788127,-0.0029830166843598876,-0.003241881507823659,0.026816583672622518,0.0009783702055334738,0.0007482168330637151,-0.005574191600809908
2011-05-12,-0.002035494125181308,-0.027213509890463738,0.006131857872215762,0.004191868927534601,-0.002700181645731347,-0.0016636383203926914,0.007278760095704466
2011-05-13,-0.00586885972616496,-0.009996961322120792,-0.013881260148045636,0.025592544505225315,0.0013465308914072207,-0.010625831835858622,-0.0151510899649597
2011-05-16,-0.00017938434774827716,-0.00604336412505513,-0.0134398983594155,0.025878527854051783,-0.0008037766199911608,0.0002231746349314652,-0.009974730309172307
2011-05-17,0.0032391056171247423,-0.003413455047252383,-0.0018346383966476132,0.00649682750905663,-0.009487506655371741,0.005588630545710857,0.0007751717291679325
2011-05-18,0.005473792846899288,-0.01065334252628904,-0.008164676530147384,-0.0252640942094156,0.0022786967430034125,0.0009247511896392249,-0.012455190423613656
2011-05-19,-0.003706289447386222,-0.017052517205591113,-0.0032797492101999696,-0.009248348801542319,-0.00529237991629887,0.004870756698121293,-0.003978927041045025
2011-05-20,0.005430187611219568,-0.004240560153785011,0.003966776397259564,-0.00389361595439832,-0.008644424623254283,0.0057434938941592194,-0.003330480477429725
2011-05-23,0.0033356822087450087,-0.007778698418179328,-0.0011160566244803546,-0.017190686285397185,0.008047339281346435,0.0022430239051462837,-0.001670825565800963
2011-05-24,0.005782753565695227,0.015963831056387722,0.011380672090306515,-0.019506190560023045,-6.067638911426139e-05,-0.001418557500330583,0.010883809073167706
2011-05-25,0.0010326099001461443,-0.01639019656734487,-0.0030373621179021113,-0.027764486252932506,2.9258515510325396e-05,-0.006127504175673955,0.0031160718324072414
2011-05-26,0.0018618552286617375,0.02311668376257626,0.011688610058255536,-0.00023747864844052781,0.00770237387796624,-0.003089169381520291,-0.006082980673817794
2011-05-27,0.0016825742925755843,-0.02520633088001648,-0.0022978126769723673,-0.022366039816934764,0.00021825768501290807,-0.004323575674870366,4.153733922253521e-05
2011-05-30,0.0004273099362619768,0.01644906241730272,0.002250905355656478,-0.008354107549785229,0.0005106813560527205,-0.003927443125709425,0.008515900963539975
2011-05-31,0.0027094083583776474,0.03015685417270073,-0.001676459494168032,-0.00011256888349301137,-0.0008616763233930079,0.0023025658271680484,0.0076352541195028765
2011-06-01,0.00013649995510144406,0.012592353747395443,-0.004377026161101255,0.016695188893118194,0.0029921298245531407,8.527392304844347e-05,-0.0021666856281949546
2011-06-02,0.010056701368225065,-0.005525195970325747,0.00585684353056052,-0.017158815953048304,0.012918131190515839,0.005767899804559146,-0.016312629014830212
2011-06-03,0.00240038638115232,0.0037800312230966793,-0.0036129509136438045,0.010273665779903272,0.002237875073541895,0.000983860000936829,-0.0015458219742560803
2011-06-06,0.0020742233585713432,0.0032974052491896834,0.0018716526070649742,-0.010036419336332389,0.011154459047038084,-0.002536189594577771,0.0031032706382462696
2011-06-07,-0.0009309669722087554,0.020099254331423535,-0.006717561021638747,-0.008465370941633639,-0.004347591604828728,0.0017947866716953292,-0.013369734869876842
2011-06-08,-0.001564119960627903,-0.026597526891556218,-0.000786756184184828,-0.012331182953324216,-0.009921399878312304,0.0028357661426044196,-0.018241726747225302
2011-06-09,0.003537784721893421,-0.00708282034263446,0.016340600769492068,0.012085672074462268,-0.0048979572304843465,-0.0032093719656382837,0.010670696910896074
2011-06-10,-0.0006995158025621764,-0.002681398801577704,0.012209047093440412,-0.008821453359405089,0.0018450425752603113,0.004613904650359553,0.009185408913792294
2011-06-13,-0.0002884526652379165,-0.00391494975285774,-0.017306555456315285,-0.021129631965013298,0.0013510381869746145,-0.000717583107628191,-0.004135774609241515
2011-06-14,0.004507027429186064,-0.012416032142834668,-0.0019374200776308024,-0.0026077963466188997,-0.004116062090133493,0.005275595784400755,0.005620729159750793
2011-06-15,0.0015105369350159438,0.02160942946938591,-0.011593748488047194,0.0005465563716419613,0.0030100530476228956,-0.0027680957987942715,0.004592559026522798
2011-06-16,-0.004076343807411072,0.0060010934409101685,0.00994998890680873,0.010168050287514885,-0.01043310233436555,-0.004115557754484223,0.015015149795123915
2011-06-17,0.00043479483903209306,-0.03212412817051583,0.009090357508810711,-0.002346136140894529,-0.005820403732675734,0.002864963272982375,-0.01105694463700821
2011-06-20,-0.002403817076054882,0.002812370851979036,0.017237906956344216,0.03127518157310208,0.001963751087320496,0.0018542434727908137,0.014360510818805775
2011-06-21,-0.004677950413748788,0.005179765007816695,-0.007900464137702951,0.0068043499559294245,-0.002441081302069854,0.0011350129731916214,0.0027967511418465906
2011-06-22,-0.011942159496103564,-0.0036090235317996463,0.002265807033037174,0.01366854914179922,-0.002875247392972135,0.004794538293715496,0.007197371755977914
2011-06-23,0.002100698671680129,0.01297990888299282,0.005907757597981398,-0.011148033993863417,-0.011741799184256468,-0.0010422328929075454,0.013769056064208123
2011-06-24,-0.0010623897393684694,0.00866979869983719,0.0023114430611003815,0.022891497273042804,-0.0020376316148851617,0.001513364513054026,0.009234795978722388
2011-06-27,0.0063564262605188505,-0.017745074598430742,-0.004091970653936313,0.004984551040418258,0.008278149464842316,0.0010310579320528634,-0.010959458570128772
2011-06-28,0.0033784829386625994,0.011469303250404506,-0.0009196026351744222,0.005241821417302254,0.007946017680303466,0.008444812358788011,0.004935167910354672
2011-06-29,0.0005265561383977187,-0.0007621109401113788,0.00581029791554909,-0.0008547070649913516,0.001812680738685323,-0.003495335150777926,0.0164927113096318
2011-06-30,-0.004210753160881534,-0.007379002443837612,-0.0009608710213110105,0.0316462529454455,-0.005008486728967662,-0.004378904652424774,-0.0020606598672991364
2011-07-01,0.006985609406627444,-0.030580345764697828,-0.010617680490455216,0.029723530027316866,0.00022951227472543649,-0.006148970393888803,-0.006314527891703621
2011-07-04,0.0006198191074522051,0.009960048312052234,0.01957387384116124,0.012339142722979899,-0.001208729566289581,0.004156195542422449,-0.0030517913945798873
2011-07-05,-0.003783362900654635,-0.022939977684359052,-0.018811580950303334,-0.02077293609178866,-0.00924350703814953,-0.0007760453776839491,-0.018619754035077696
2011-07-06,-0.01222470450386635,-0.018243798390359563,-0.010337061815862348,-0.008408372049085136,0.00555533406250347,-0.003974784946899449,0.008820202360079
2011-07-07,0.0002740693639944279,-0.0007360818654212241,-0.007921762322206228,-0.003101211689239781,-0.0047536702911011725,0.0002128312303415245,-0.0035536159958784877
2011-07-08,-0.0034285235405971154,0.009867744586421976,0.004396262453940796,-0.001943691693042023,0.0016408736892488246,0.0002924047389506203,-0.006746611711235281
2011-07-11,0.0006319857972861412,-0.007440937840335082,-0.00960772786275467,-0.029316990875954907,-0.0016499682494937943,0.0023772447104282867,-0.013072743424546385
2011-07-12,0.010432866277441296,0.014845245993949732,0.01805879093208492,0.013577510372301876,0.01421603422710133,-4.220668698643953e-05,-0.02900718149970623
2011-07-13,-0.001434508009972923,0.0056198139079806555,0.0018859176366181414,0.006684136471689875,0.00782465688594001,0.0020672741044780642,0.008952335080296086
2011-07-14,-0.0034082627119269575,-0.01488721801784478,0.013350242295436526,0.0037743493399313025,-0.00403456552138396,-0.002851678810857343,-0.003990695731856786
2011-07-15,-0.002485844946157283,-0.01669969192169197,-0.017075894132232212,-0.008982001566993223,-0.005685086217883027,0.0025903030244522817,-0.0019044343018268571
2011-07-18,0.0014112740367777513,-0.008538986323624946,-0.0013967154196323534,0.0027599818873725156,0.003705251005325861,-0.0003800370302133192,0.009751446853942202
2011-07-19,0.0003819573354979761,0.009220906851931577,-0.00341729517986921,-0.027321662516367508,0.0034727124862269677,0.004193371387057964,0.003871680198541298
2011-07-20,0.002038751923074782,-0.003575784773064461,-0.007374307090293571,0.004916387187842962,0.001862822957131669,-0.0023842462743110322,0.010700968755232238
2011-07-21,-0.00318147309399209,-0.008712212637282186,0.014314095578759659,0.01701597462765508,-0.0026205820745300278,0.0006525919566973886,0.005540840305042334
2011-07-22,-0.0106324897800292,-0.0158967113089575,-0.005435807786227575,-0.0038306787519926284,-0.0012541235257129406,0.0026716454663200037,-0.004557139468541902
2011-07-25,-0.0038806324051557533,0.0017503443916815115,-0.004019244304316277,-0.0007771437660032746,-0.0022434162361531186,0.008188774355561911,-0.026979013537640213
2011-07-26,-0.0012033404666967889,-0.0009427663159646514,-0.007894328435678681,0.012596097882566763,0.003393102825637935,-0.0007525073871679178,-0.00416150597027115
2011-07-27,-9.78287363848292e-05,-0.0016447353680817353,-0.0007213105448065451,-0.003351689700794856,0.0016203830289413508,0.0031217914197742545,-0.01589084817678764
2011-07-28,-0.003852668730210815,-0.02283602145769377,0.005011910309024948,0.0027758446649244644,0.0012755338930305086,-0.006394522404842249,0.020978279659400693
2011-07-29,-0.002085411243205891,0.0006997053551152046,0.008028664419263278,-0.012042288084867207,-0.002001041825215888,0.0013126100836217329,0.03455551188602049
2011-08-01,0.0015545027354615013,0.01940027228651547,0.014691726897216184,0.012192102181264427,-0.0034278050862003202,0.005308431450148707,-0.011813931582618967
2011-08-02,0.006753520505616146,0.00505447660124157,-0.022969324064704016,-0.013668128287337334,0.004094162021220762,-0.0004521034364266919,0.0009123166169277051
2011-08-03,-0.003050107296134676,-0.01722452314529227,-0.0033095522766187833,-0.001954676754486459,-0.0036160076122929733,0.003570535911021236,-0.012576814182573485
2011-08-04,0.0016026663438933727,0.0011701081803023481,-0.014352153815249217,-0.024584724160950703,0.0006012749870296687,0.008013117075311901,-0.00045625390444516367
2011-08-05,-0.006552560870980141,-0.04020970065507353,0.0009359828818790617,-0.005470979407749533,0.0034715020826521694,-0.005059531636363699,0.00046180702880181174
2011-08-08,0.0037347044292632115,-0.003985707191219992,-0.003134450671938383,-0.0033045130663972755,0.0035003038357418184,0.0004004774505577052,0.0076711972134599765
2011-08-09,-0.0014977465312489633,-0.016791876326405802,0.017323118103959343,-0.0077111062851360265,-0.0026842200350695664,-7.266643953950271e-06,0.0022248471248614674
2011-08-10,-0.00119673940349111,-0.001102868267113468,-0.0006422715961661672,0.0030419624841363227,-0.013926955499384283,0.006286521598260204,-0.0003500119390980905
2011-08-11,0.002672497735559344,-0.01550500351515809,-0.005173189798957823,-0.016295228203499566,0.008411632476933049,-0.001788529728988908,0.002237650754296856
2011-08-12,-0.002251689940935735,-0.00674073153950261,-0.0036163022999742907,0.019030440599416432,-0.012776379922541355,-0.006889202519812405,-0.017200281448472056
2011-08-15,-0.0040000220728010575,-0.011786513077451037,-0.018153673352950664,-0.01575105092197214,-0.013563308753213255,-0.005829034349600593,0.013716521892986961
2011-08-16,0.001964357325967407,0.002750617154023123,-0.008632500781809221,-0.026481410982671167,-0.005351076708932373,0.0003117375561416198,0.00786002036973944
2011-08-17,0.003959480948116371,0.008905990816162095,-0.004713049140273374,-0.0012562435634976676,-0.000830475329037588,-0.00016247546194868688,0.02279952348987811
2011-08-18,-0.0066980229729829985,-0.006155851884413463,0.009282419606576206,-0.017868131535660404,-0.003307765443433916,-0.0019396255831794448,0.0010341643452837375
2011-08-19,-0.006033848587858192,0.0039899010090726555,0.005254962692559821,0.013442706665638435,-0.005702152227752118,-0.00036995561896996485,-0.00444056581174075
2011-08-22,-0.000980390800537814,0.02475058180100246,0.0035662445552814195,-0.012072221812772654,0.003630574423505001,-0.0033812254097083726,-0.00879863494708372
2011-08-23,-0.003814505557814028,-0.007345408442922739,0.007399888532759578,0.011499609092535404,0.0021940484545913902,-0.004573030462870011,-0.0029659224245774914
2011-08-24,0.0014380078275412769,-0.00716493677350972,-0.002780935117623121,0.003934388780727499,-0.002536520137852925,0.00044022493139435207,0.016725922734949734
2011-08-25,-0.00033743734417962084,0.013482598438783,0.0070962461804770895,-0.018185417951975848,-0.003879383934674489,-0.0018778102220811058,-0.005390345139980481
2011-08-26,-1.1160113047319628e-05,0.006929761639003979,0.01331077173157248,0.009357611444411355,-0.0013200542246596728,-0.007286610148688062,0.007848244565332462
2011-08-29,0.000453081096906883,0.0020166962948655154,0.021270770818883483,0.024482149733932163,0.005446871237615193,-0.002801054783288101,-0.0004047032567665255
2011-08-30,-2.9379613269742773e-05,-0.009570333671212808,0.004113529287653621,0.004642012720111941,-0.006671293332857408,0.0040223959525515236,0.0008998661791283023
2011-08-31,-0.006566306200324568,-0.003921462179241706,0.0004466885687013803,0.018234303735585933,-0.0038504859128085014,0.001839649641520415,0.005015948734442987
2011-09-01,-0.004910234874307246,-0.01935696493346751,0.007556219652745041,0.019364187935916568,-0.0003069265818875036,0.004444844893053247,0.011697944583202906
2011-09-02,0.0030845234632646506,-0.009781487640748873,0.017172379703502882,0.008700307963450326,-0.0013081058708284366,-0.00205041686418816,0.0052124601622102786
2011-09-05,-0.006334257227559741,0.005093192627700196,-0.010601571876188046,0.007910067733177815,-0.004663264730971806,-0.0022555254180108013,-0.00554974847319744
2011-09-06,-0.00029491974008794675,0.021925834700057864,0.016121594120745833,0.013897711804680505,0.0020903469542366774,0.004763285976389041,0.01859230480106941
2011-09-07,-0.0029692839015436866,-0.0026124215010135546,-0.018854153621326513,0.014132953669151977,0.009313036829383036,-0.0007227491311441373,-0.028447955065901954
2011-09-08,0.002785569677427689,-0.009830328656539003,-0.006404989934992752,0.0046317148467268305,0.0006456950704702546,-0.0023102778049733695,-0.010263500656569498
2011-09-09,0.0008533457938315633,-0.004831492178119209,-0.010862477077780342,-0.00920334699196505,0.0015139068528330576,-0.0008385011586357342,-0.01979593933039342
2011-09-12,0.0043062708487906064,-0.030913597307106928,-0.00607380542051807,-0.01971563207535755,4.857514314268545e-05,0.001704332928091174,0.003713594014231786
2011-09-13,-0.0024996283984556433,0.005477027121621971,0.0019573379003096866,-0.023545880728873703,0.01250728702726554,-0.0038563896468009535,0.004341926093722065
2011-09-14,0.0019098446512826768,0.0037721458251512093,-0.0035576441138942846,0.011641574650225632,-0.009189419107382458,-0.0008506968912980092,-0.004162061924637484
2011-09-15,-0.002359200234479173,0.0036676328895209084,0.01044884258709117,-0.0007249374567742813,0.005486700689431646,0.0011329815014365873,-0.008269243663287771
2011-09-16,-0.0006818115973603826,-0.004217483911669161,-0.007252081259130457,0.004480940724194727,0.0003462577283762701,-0.006680822359035567,-0.018324396620960724
2011-09-19,0.0020487431213703877,-0.009108321809768538,0.002896366968539263,0.009819808860822154,-0.007750012006390954,-0.00608678475646458,0.021850300802875797
2011-09-20,0.0017562875264777564,-0.004541145090671764,-0.008818153546317943,-0.011940494944450323,-0.0068993372562421735,0.0030249909124328025,-0.011927026335692786
2011-09-21,0.004724152022026062,-0.002984800356623953,-0.008753687855216394,-0.012028446147227291,-0.014659345076345184,-0.0009620453728654061,-0.0026901484633358665
2011-09-22,0.003648981295460094,-0.0210950364675171,0.01054362797966331,0.008949108721421904,0.006948682240812085,5.341151259283792e-05,0.008021446802079788
2011-09-23,-0.005534994530149322,0.00561153433850022,-0.008496565965252322,-0.02332540500660883,-0.006299795248900217,-0.0001861378578108668,-0.007991165010977234
2011-09-26,0.0018542988276950007,-0.02097642871334008,-0.02226844229909039,0.01073587341220226,0.001936044273939008,-0.0058952936164732095,-0.006323841126335277
2011-09-27,0.004428040984623635,0.0066086023525853375,0.0038727955183164016,0.0166804808280032,-0.0034738534345454316,0.0004108620516840033,0.0017723074076891729
2011-09-28,-0.0007410516002044386,-0.0053157151337351665,0.000152452108493109,-4.9837289821889555e-05,-0.00634669328759899,0.0025788550093871075,-0.011114323043175858
2011-09-29,-0.0005229365061024899,-0.004096096490634834,0.0031521349920105106,-0.03263606187096819,0.006842012555300605,-0.0011471356239639748,0.011392881835749689
2011-09-30,-0.0015626656751168346,-0.0016401860528959488,0.01832946507433273,0.0006626984820764393,0.008467603659618185,0.001465481516201257,0.006413307393492601
2011-10-03,0.0006298352321264993,0.009985037726186061,-0.005171536232487081,-0.014874467099653203,-0.002445851430994293,0.0010353163575122699,-0.0025625394764955717
2011-10-04,0.003191108384306789,0.016558136926630516,-0.0064675792039228346,-0.01147769633097211,-0.006523820007150797,0.008552450971481987,0.0020213817290065084
2011-10-05,0.00226921527772594,-0.015236908469325986,-0.0006700885466737214,0.0034037351116938085,-0.0022077511681800463,0.003589496701312547,0.022626718290434545
2011-10-06,-0.003438263146642648,-0.014030993110840665,-0.010992781691062522,0.021506356060459777,0.002825891421112384,-0.0022751368235862453,-0.0016006430051586004
2011-10-07,-0.0029161847115662643,0.00888971922645351,-0.003450990408791653,-0.001392690399662088,0.003670295349869802,-0.0003870441685377632,-0.0015866925801186391
2011-10-10,0.00039230095430616284,0.009255320460986828,0.017531131801471807,0.014898709818472302,0.006199578628116873,0.0005684307200196388,-0.003919785363599812
2011-10-11,0.00296595310375559,0.0030088132712509466,-0.012393369744023922,-0.009161984283476234,-0.0002247356328195517,-0.001788062023652874,0.014291064279782844
2011-10-12,0.002269362145587456,0.016955380273690104,0.0054227908244193525,0.004628866921920293,-0.0035639359282936727,0.0010018728233108743,0.00405706204296909
2011-10-13,-0.0051184726250337815,-0.00906187908560296,-0.005565380065880587,0.006256224664174015,0.0007402351402489413,-0.003334107357504769,0.005814477768001436
2011-10-14,-0.0003783179933771285,-0.03457359320300321,-0.008374998320581008,0.00808804816267994,-0.013026285011539442,-0.0022942184586900788,0.015036375966429545
2011-10-17,-0.0028924613196889795,-0.0012936018374053654,-0.013820634890257269,0.02387107701586843,-0.0031094472557514673,-0.0015801204354197141,0.016391723420370177
2011-10-18,0.0027959218470489378,-0.009148009441058211,-0.006381866574301822,0.003218266893207754,-0.004333401237270213,-0.008815026408088136,0.00020505448463340278
2011-10-19,-0.005770869147128591,0.01656157536398818,0.0016969741816232125,-0.00649884170397618,-0.003139149009246892,-0.006880005035232092,-0.00450445316284319
2011-10-20,0.004215305514182978,0.02835781587308078,0.011623002058279212,0.005056022036887863,0.0008825196996939118,-0.0015495900630788438,0.03017751954809569
2011-10-21,-0.0006049971668125863,0.02481058716512278,0.016205012904640884,-0.017349951547797143,6.0758303550113136e-05,-0.00016762206030077222,0.006211568344909991
2011-10-24,-9.125776638199982e-05,0.03548952550318008,-0.006685966978303729,0.009577577465557435,0.005109725238914411,0.0012491548539010787,0.005247093864105368
2011-10-25,-0.004029248637317121,-0.0005672726797834596,0.003683053335407767,0.008687575401525696,0.0027224894145678907,0.0052605365221748785,0.011268363926669637
2011-10-26,0.0004351793451710241,-0.01372368892268627,-0.007185640188269673,-0.007606435872846806,0.0005592246169223364,-0.0023358762934157827,-0.013773359725295488
2011-10-27,-0.004602809608941755,-0.021678715265161276,-0.006114717989274932,-0.025415194522023163,-0.007002847558429115,-0.002639991327794209,-0.016933907178620405
2011-10-28,0.0016690135008897268,0.009515733683203015,-0.0037614923243768157,-0.006249801308779603,0.004167386166755047,-0.001840972498172265,-0.008816367748594464
2011-10-31,0.0049360088689527695,0.012693903439553378,0.008931617361536387,0.016670024858716236,-0.009808609410043787,0.005652378440461949,0.008332372690776352
2011-11-01,0.0041931381707704975,0.006462779921101194,0.0025950285585638754,-0.004291264830651621,0.0037587076733022447,3.358806249928399e-05,0.009547976779408059
2011-11-02,-0.006195846408885872,-0.009230997429235091,0.017066088714587903,-0.003384833566610521,-0.0011850365045369907,-0.003324338421533059,0.009394398842161778
2011-11-03,-0.002795068763865526,-0.0034774047862725014,0.007077174179307743,-0.007723413273674459,0.005049732157044814,0.0037718615727531895,0.011547985764420734
2011-11-04,0.0007121657364318525,0.03875803895780794,0.014827672667901304,0.016391242915747655,-0.0017909414771311344,0.001537614083261661,0.026578873392448892
2011-11-07,0.00698815983165438,0.020666399544636074,0.012267504231035408,-0.015984966692765792,0.0071731245189375755,-0.0016888326333513973,-0.014828222897768676
2011-11-08,0.0011066377277878404,0.006687846542157068,0.009988715072640198,0.01129487694181793,0.004113747313781915,-0.002897261476789395,0.002616846210523587
2011-11-09,-0.0058784859814683356,-0.026431247941866756,0.0025158814341821756,-0.012440902741919084,0.003403317883589168,0.0034793910623397194,-0.01103690781756736
2011-11-10,0.0025112517570983484,-0.006731563491027635,-0.017961203297976853,-0.00466925091225905,-0.003874304648136055,-0.0025973428772341615,0.019053905400398596
2011-11-11,-0.005953447004113169,0.0018459399151051013,-0.011446530642729397,0.015678845918078565,-0.0005350324434270936,7.14510499431876e-05,-0.009424722190139248
2011-11-14,-0.0029123612229872567,0.009673065865716153,0.017505465534391036,0.015751649890970644,-0.004153707612992408,0.001715253012734899,0.035387640099968976
2011-11-15,0.0005596925231587803,0.017577986935816994,-0.005118194435199964,0.001802631400690126,0.00452165313676259,0.0023807484918768034,-0.008263645520395232
2011-11-16,-0.0030880799474748014,0.010318113539885957,0.0118402696370495,0.030640953652573657,0.010322418006357123,0.0010661670986186935,0.0009191789436392547
2011-11-17,0.005553980642474223,0.01094179906758467,-0.006584372539963589,-0.018148903555718007,0.004917314983205406,0.0008837738495821054,-0.003436792312851132
2011-11-18,0.0044401468654868895,0.010985950624451226,0.015723593781344546,-0.026099439970226852,0.005573458518597117,0.005515384219995188,-0.017880693439903356
2011-11-21,-0.0024695907514226136,-0.011100523654737522,-0.001753528569905695,0.02456631282897941,0.009431111424926857,-0.003948198553433925,0.005622331745082343
2011-11-22,0.002385198393531498,0.005654717021935988,0.005349031413230539,0.0062389929646036,0.010797318822510477,0.00551549802821794,-0.014300394125757836
2011-11-23,0.0033328942700201663,0.012069622702103272,0.005531810531518583,0.019855372157802812,0.002028324051920862,0.001480956198202592,0.003927787816965793
2011-11-24,-0.007923001571210328,-0.00453669360381676,-0.00958149793826904,-0.016512449709614765,0.007057531659359652,0.0016140292491236131,-0.00280608479152411
2011-11-25,-0.0021092204644405626,0.0025471832974557325,0.009353189643930492,-0.00836692523519133,0.0011753182887461319,0.0041596548846169965,-0.020740401248085495
2011-11-28,-8.027976924252181e-05,-0.005146839822631223,-0.0018518187429728888,-0.008702154989410604,0.000884294724183379,0.007524252807076649,-0.007516739349816798
2011-11-29,0.0013168476827583426,0.0242412224936998,-0.0022815005618497387,0.03218269090018845,0.00026191748763835165,0.007030105931198545,0.011429302184348853
2011-11-30,0.0013784372891782206,-0.00017586464102130006,-0.005641080181093352,-0.000501903742194666,0.005122238591366922,0.0002239693961178409,-0.005954489534442923
2011-12-01,-0.0008531332714878707,0.011373570637141324,0.013013240640846665,-0.003982601917393642,-0.0018110790233032358,0.0026265588615112245,0.021998499862287715
2011-12-02,0.00493397555810671,-0.012989495260178186,-0.0021339762258072432,-0.02038635178879081,-0.0007074354361502972,0.006675386354056263,-0.023414685756203046
2011-12-05,-0.0061254814089053075,-0.012944111288466191,-0.00033045279941382074,0.010533841296683147,0.0004081290644523774,0.003287158558819676,-0.020863638627957617
2011-12-06,0.005103361007619267,-0.001763773767586302,0.008900424491936992,-0.021709233137233833,0.0026107565508533947,0.0026652197472784717,0.010555026890719658
2011-12-07,-0.005991038306082881,-0.0026885938786540215,-0.012626127951585464,0.007771540431964323,0.0022276302464055205,0.0037323658781289347,-0.008294825678091469
2011-12-08,0.004058917533068122,0.017615061463840676,-0.012611923757472271,0.007654675295683357,0.006108151804298597,-0.00026556797093487154,-0.015525334424537428
2011-12-09,0.0041218348113671865,-0.012733941990089146,-0.001530719243552787,-0.005902016051515865,0.004224685577588526,-0.002080667470568251,-0.012014259640880359
2011-12-12,0.0007456631514939962,0.011918102474295613,0.02421870768133162,-0.01565787802224567,0.005644371759926662,-0.0014938220735872692,0.016708804547901
2011-12-13,-0.003404189921025442,-0.009893561276710946,-0.007704102243061554,-0.0030123111524741554,0.0004134903655272316,0.001031327920868133,-0.0025702875403903684
2011-12-14,-0.004969580713374131,0.006040831032979334,-0.0012254056764024722,0.02182557688527135,-0.005403684344084551,-0.007239843477851895,0.006781615069438702
2011-12-15,0.00553382695252035,0.004042163205772166,0.0005442290678226178,-0.015767907106308106,0.012249618365363224,-0.001951410099595013,-0.012079914209796254
2011-12-16,0.0026301439097524085,-0.021194211046641532,0.011305589490358646,0.006653558741670547,0.0049253044492037195,0.0022967158306514213,-0.00535301273784036
2011-12-19,-0.003902608129959803,-0.003775549934551405,-0.010985015697746316,0.006437496671965167,0.002825959581618762,0.004756595944529972,0.0009937046308008347
2011-12-20,0.004048312983554643,-0.002061165152878038,-0.0033346009359619673,0.003807857895974703,-0.002071596291814073,0.001048839883858915,-0.014051015037754883
2011-12-21,-0.0031765217502340154,0.005751721687572701,0.008538672732901598,-0.010262118973727261,0.005184797136078807,-0.0009211960607122739,0.002617446430610605
2011-12-22,0.00601779537494011,0.011930711919452797,0.011318194987095563,0.031224593134653516,-0.002840263111731087,-0.003173445494457591,-0.0026773249284070834
2011-12-23,-0.0006680073948846569,-0.028593047046288098,-0.005101453165535633,-0.014966671216841856,0.0030127612412346747,0.0006371295594257215,-0.013882200509463873
2011-12-26,0.00270985075595066,0.009442890578280771,-0.005365941881323566,-0.00861357260382914,-0.011695647184762884,-0.004121579090277314,-0.0052941832750043345
2011-12-27,0.0006466656334998462,-0.011282745489115868,-0.005790970712163248,-0.023010860024019753,0.00116089435527265,0.0018421696004651436,-0.0005349972557889091
2011-12-28,0.0003994446821349447,-0.018461405339609657,-0.007695847200867835,-0.012057459711550603,-0.0033779164279547375,-0.0005098204028538171,0.012012272040765137
2011-12-29,0.003598395001925196,-0.010454376394398201,0.006944623298996986,0.007439108267815459,-0.004479353297493036,0.0031512383115369787,-0.0029354226239998843
2011-12-30,-0.005289831584448866,0.0026627246696832767,0.0009488486780549477,0.00029628597338792395,-0.0005630961587330339,-0.0029761918452428085,0.010565997916438257
2012-01-02,0.00017619691883221346,0.001696577639884018,0.004000323644578861,-0.016717123713663705,-0.0037188692889646097,-0.007797104499907789,0.010106165586440901
2012-01-03,-0.004498855247588686,-0.0008091327631969345,0.0023392267947361404,0.012359990395009965,-0.00791933443720721,-0.001256440297528495,0.023789429202316324
2012-01-04,0.007207280148837281,0.01459959199147249,0.007502950391015437,-0.015063949102486915,0.007713616157202337,0.00203698252910686,0.00489930144382834
2012-01-05,-0.0021813817299392918,-0.0033908340996800725,0.0007867630174701185,0.004607079674164243,0.0023303296516279737,-0.002379889339400899,-0.014428086723388009
2012-01-06,0.0068491604693804425,0.0322577054159748,0.010383087763082034,-0.015601435911308777,0.0004714490294652309,0.0050291239796560645,0.01799126670641145
2012-01-09,-0.0045015776992766675,-0.003858310376573658,0.0002909359034113698,0.01533448942374717,-0.0034533560432406067,-0.00707414262236324,0.011976841251792578
2012-01-10,0.0048491979206125475,0.0008447417317502967,0.005903005382307745,-0.008584578824973954,-0.0030643231870319558,0.004917431396517077,0.0028639454171475363
2012-01-11,0.002311480527205445,0.018504110879346655,-0.007317322482804435,-0.007960639800167731,0.0024728546787244187,-0.001045010251028371,0.009296137198774009
2012-01-12,-0.0003995992261025373,-0.012312962029444497,-0.0005663392837469466,0.0002970123373154447,0.004642302461181778,0.0013485957698609,0.001926130403785075
2012-01-13,0.0016311707396686934,-0.0018565933769814226,-0.006432961180380796,0.0016399619510735954,-0.002242907451325796,0.006211366612131523,0.011870580397933067
2012-01-16,0.002881364439883227,0.00542932835345638,0.0009251135024560158,-0.01992876290667547,0.0007607442100618796,0.0016918795303159703,0.001122114246299531
2012-01-17,0.002228151337258721,0.011576042667913932,-0.004542330110466002,-0.01066243168221313,0.009839677830260539,0.004448996513592227,-0.00824946169986862
2012-01-18,-7.884601594646494e-05,-0.0016116021104574053,0.0003662269495145685,0.0071565715580470335,0.014419110405591122,0.00144798722591233,0.004239470990447527
2012-01-19,-0.006395927905686459,-0.00898861703382207,0.009240307630750361,0.010374718087485546,-0.02653865929511146,0.00039163628954888986,0.0307052928364457
2012-01-20,-0.007633655293285016,0.014233753092763703,-0.02785628395841072,0.015165191952872381,-0.0030160655404992453,-0.010986315838639116,0.009608435598650957
2012-01-23,0.00495337338208262,0.006188746739675709,0.00827823484718966,-0.0060386776916854755,-0.008504168851645188,0.003580849423260272,0.021513536540328358
2012-01-24,0.004868337536648451,-0.021751390840314907,-0.015368784074460969,-0.023941333105314367,-0.009882515078475628,-0.0007747207456428689,-0.00240328333871806
2012-01-25,-0.005371031011107576,0.006445588377130861,0.00509906687405424,-0.002885401977286859,-0.0006099440117056882,-0.007265794462172755,0.0025209424390715755
2012-01-26,0.00037953998883333544,0.001815354379538948,0.004292596336297324,0.004966355744090324,-0.0010727949278390315,0.00135000749782891,0.012627178437261119
2012-01-27,-3.1993486962628604e-05,0.0033961250688360014,-0.0012086024926165912,-0.009621920568971872,0.0038045719089706276,-0.0014075498853954595,0.003992044746667571
2012-01-30,0.000463021839231774,-0.003755093533395396,-0.0032161562660902557,-0.009660566324205271,-0.009328596416908834,0.001083468747585704,0.002548190675341345
2012-01-31,0.003748691630655535,-0.004975928983950031,0.019518449830351135,-0.004382670993453632,-0.00289006761959897,-0.0026336333587005114,-0.016635969203246646
2012-02-01,0.0064805307273912306,0.018825390090370334,0.010305796312380497,-0.011440261900934032,0.01427164558090753,0.001815728019026043,-0.004278159702792544
2012-02-02,0.0060990542874547376,0.01020452961459374,0.024931703184090555,0.008324453441801626,0.0010579869499179179,-0.00021640568259223653,-0.016151628537434484
2012-02-03,-0.0007643865736665365,0.012878255848237825,0.007278178044339612,0.005069631051782755,-0.004487174448803647,0.0014186380713329862,0.016267878798670025
2012-02-06,0.0020728824098622312,0.002553477812248443,-0.006601001528079241,0.01119705912056482,-0.018575480220826328,0.00015260559875098588,0.032519449757738156
2012-02-07,-0.005683512403965269,-0.005778728034464827,-0.0023013676585720965,-0.005578259608091419,0.005055566876780321,0.0015710294192724118,0.0004040704700307499
2012-02-08,0.0035391002105685633,0.0014338205082770642,0.03273781400037533,0.00841479163260567,0.00415435685025113,-0.004464346252340813,0.00041411564386217094
2012-02-09,0.0049395250693978505,-0.013978903239688728,-0.020800373323893583,-0.010103098309185208,0.006700354624793752,-0.0001643720456822431,-0.013695723285768274
2012-02-10,-0.0070839749820268425,0.001820382274513338,0.004627583676729007,-0.022070067890080553,0.007304216764579334,0.003852419692107016,0.012604739864423396
2012-02-13,0.0026841076613856184,0.008605788481244969,0.007172583575072911,0.015358755593416021,-0.009561754539452214,-0.005709652107527099,-0.0016018191940094715
2012-02-14,-0.0001692823094398233,0.004171272878561868,0.003838468162779708,0.019190364290687247,0.006455763449013726,-0.0030634320764419704,0.004901231505859288
2012-02-15,-0.00304133678876514,-0.003959499499661833,0.0019898229958636854,-0.051440799151499364,0.016121713228723987,0.004467716874078521,-0.013580672131289424
2012-02-16,0.008059503113005208,-0.0008527510394553357,0.004092009563113228,-0.011410477224248977,0.011745504480249632,0.0016416770296106583,-0.0038644458052063233
2012-02-17,0.0051651436593551855,0.008909034321791425,0.0023775168053332104,0.016590780491199365,0.015607606519615999,0.002719058216914845,-0.0017977322810205447
2012-02-20,0.0010325104673115388,0.015654373996720733,-0.0035777182562352406,-0.0026462461009393134,-0.007682604034488201,-0.004227540219907854,-0.0013411723453124606
2012-02-21,0.00012625132454697593,0.02068813762405561,0.0078015057286379,-0.008235562982362962,-0.0015900452537659017,0.0068252891559564596,0.015573482898227919
2012-02-22,0.00046259999277014025,-0.005399569198129899,0.010848589376711518,-0.014157166417920915,0.0037234027168628727,0.009876917226826425,-0.001229765206567974
2012-02-23,-0.0027524476121497587,0.003272618857364216,-0.0048914166822202655,-0.020548645377646932,0.004672596237140874,0.004979276540820988,-0.006675984007190336
2012-02-24,-0.0011589474118236516,-0.012287261809352268,-0.002925607010166612,-0.01119228622070016,-0.006363349359274452,0.006630277568966265,0.0018681359690604865
2012-02-27,0.0026395875870450797,0.011311169850743614,0.00990582067824515,-0.0033121267204903786,0.003865182583503049,0.0006153646811599545,0.006849132304121522
2012-02-28,0.0017167678149620576,-0.0041249303632587995,-0.012661259949090302,-0.0025622193051350944,-0.0019352021404555012,-0.007808888899152715,0.005031468195675248
2012-02-29,0.00421138051572865,0.03153463088445752,0.0012238803048895933,-0.004219489603007687,-0.003206326390594141,0.0026056198837510853,0.006095650724313908
2012-03-01,-0.0028951954803353355,-0.0037357384224199473,-0.020488203365224913,0.01042310687690793,-0.007127647097034676,-0.002137481286497809,-0.017113196502637287
2012-03-02,-0.0019794216772549126,-0.004565368919492208,-0.0009947634003445107,0.007453508337271758,0.007472241273191145,0.002764987284473611,0.008640428681211766
2012-03-05,0.006134434516045682,0.009162128606544492,0.002894021058375194,0.014631470140904629,0.007414316779361249,0.0036919474265493706,-0.018559655671387537
2012-03-06,-0.0030158511306140686,-0.004975557780637898,0.006375522244282923,0.001956964357577023,0.006410471536101876,0.0053622263321266616,0.012177532520867212
2012-03-07,0.005172177327154657,-0.010333175246239147,0.0055519936518374875,-0.013145522843016948,-0.008229260899879246,-0.0007507718209468416,0.01433025721416031
2012-03-08,0.0021929737997399812,0.024569101688034473,0.005380541250090864,0.042902202508815525,0.0015108039718786795,0.0005017957697498494,-0.008452937327745987
2012-03-09,0.004792264843183633,-0.004158324861682426,-0.004974317819722359,0.015099832460079763,0.006155201869728294,0.004412199305680023,-0.009311034120012615
2012-03-12,0.00014609590158167277,-0.001001883032226431,0.007866905845692206,0.02571341329505602,0.0016384365731796264,0.007425662504927441,0.010207929995217368
2012-03-13,-0.0005892005114455133,0.009209390961222032,0.01778881198312811,0.037444250562949206,0.007191034119023518,0.0007459967354601452,0.002930363398078287
2012-03-14,0.0026542852151031065,0.020697352056284937,0.007624823446883989,0.011467684449104246,0.002309720371850443,0.00013086290251140584,0.002323617942326149
2012-03-15,0.0008917056338042905,0.020427711604384915,0.00041901453532734674,0.004476074767001787,-0.0035140230502808192,0.0034950221104873614,0.01872944349960944
2012-03-16,0.006848011690018368,0.005136851908983719,0.008679047364133365,-0.0032439458178493523,0.005434542358390406,0.0030044281329174387,-0.0012668397473420657
2012-03-19,0.0009010164910269807,0.005409668959527716,-0.0017439752275612338,-0.003615761480846646,0.010598284025764102,0.011512077270958977,-0.01970823448910068
2012-03-20,-0.00468790056086969,-0.013822929104250977,-0.0037860113426910033,0.012968673656893578,0.001048498489372404,-0.0006882695196801883,0.005330353843070742
2012-03-21,-0.0024183532775769183,-0.004342081616901239,-0.0011999194179966542,-0.02432632916335679,-0.006095927338155254,-0.004254809501960618,0.010188229341113257
2012-03-22,0.0013314228612217305,0.0074914124434342705,-0.016526985709221592,-0.026242051816302386,0.004666303950769945,-0.009880008880783643,0.012532870900981452
2012-03-23,-0.006943291365519842,0.006523683091682949,-0.010007659880368058,0.019215672110254572,0.016442691847733445,-0.009047714683358741,0.00978539769673895
2012-03-26,-0.006882673456373563,0.0016086049356510467,-0.0038387417987599264,0.005412401659977682,-0.00656705635940665,0.0018685974710578384,-0.013578383406868256
2012-03-27,0.005316564572036496,-0.002820502552248583,-0.012065052272993862,0.01823671532581693,-0.0015055057969479509,0.00660474908925733,0.008558262525581044
2012-03-28,-0.0028425927959514607,-0.002644996922319192,0.00022964551521322706,0.024869567573995433,0.0009202157142341677,-0.00021595825863861845,-0.0004995665599633254
2012-03-29,0.00014777122461948286,0.015186987348816197,0.0019928766243751794,-0.0027066849898530463,-0.001752629012902121,-0.0012770581853206002,-0.012411167840308738
2012-03-30,-0.002651510612982614,0.016226941983307555,-0.0008683785207202136,0.015499300044952924,-0.014300246023036324,0.0014158473063183112,0.005091654018156666
2012-04-02,-0.0015757661095529177,0.001080362494254572,-0.004999071429457093,-0.03301714936145831,0.006579274424171071,0.002106237814784949,-0.007586171223816649
2012-04-03,-0.0035147535655880293,-0.019377866203030936,-0.0008001028673800675,0.023033675482564207,-0.0016565533852387173,-0.007105498950892144,0.004362877381384054
2012-04-04,0.0001366274842271021,0.009955201350042206,0.0073316909483010055,-0.042672195218170735,0.006713844462008987,-0.0012710452075320746,-0.0163283218146221
2012-04-05,-0.0004038959974082033,0.00433660757056172,-0.015485863297854813,0.008340460600597272,0.0031699896129679245,-0.00036104862352291905,-0.012175155080423364
2012-04-06,-0.0035675242589630917,0.010209027084854454,-0.014609640264617314,0.017136320118433038,-0.0026305226153188373,-0.0015071696006443642,-0.017506999433659978
2012-04-09,-0.00023686835446935735,0.006815634889779307,-0.012178827497165833,0.006331479101917765,-0.00017826302679505252,-0.0028752715135927265,0.009979618436992662
2012-04-10,-0.008459054604080824,-5.0947220483049677e-05,0.013368054706086532,0.030437742182224264,0.0007967746346671841,-0.0019687910243819415,0.0002721710539354925
2012-04-11,-0.0008617069621890754,0.005706593361608461,-0.007316025782300926,0.011650373776555438,0.011629629654434698,3.5590816118628166e-05,-0.017454728216933068
2012-04-12,-0.0050289957945487155,0.006592824793850884,-0.001251314648597217,0.017542401921755137,-0.004158525323208129,0.0023354685518229665,0.0018248524557921586
2012-04-13,-0.002580025377582181,-0.006276044179532929,-0.012999883791836789,0.028019820977199218,-0.003604799116603245,0.0004487691909963869,-0.0067136436427603354
2012-04-16,-0.0038577244369965217,-0.004868277980191576,0.00926483388265289,-0.004593521691874692,-0.004776343760728673,0.0005130438681373094,0.008755059667270733
2012-04-17,0.006921413210982755,0.006954096987037987,0.009583132666066306,0.010836333157074322,-0.004786985333751388,-0.0028027322642673346,-0.009002539347573679
2012-04-18,-0.00497859967456251,0.006839669634541113,0.0022207930990674023,0.0060184099572485545,-0.015215018381995082,0.0069278858455635904,-0.005550586565039905
2012-04-19,0.008557276671375205,-0.01370089301755065,-0.006404701743928543,-0.04339028528010816,0.0041986885738345605,-0.0026790048534311665,-0.02073742412931767
2012-04-20,-0.005140074025098497,0.006552206848460925,0.006267757552711127,0.033908055317727635,-0.005252434570755423,-0.00021158554712393394,-0.0076814389468835695
2012-04-23,-0.0009901602789225124,-0.006958772133826366,0.0037310694315368154,0.015871050339833,0.004828457231301378,-0.0034800994097179483,0.012331584393540974
2012-04-24,0.00017365890050545895,-0.0041304475101999714,-0.00707983864689204,-0.011294880659583529,0.009996740649247887,0.0017440492126125993,-0.0033714813087787738
2012-04-25,-0.0006989907122283965,0.02834762714059434,0.01590318000215734,-0.0013327356471004698,0.0017563079733724691,0.0013437385888372907,0.00891296178436039
2012-04-26,-0.0024549127358369526,0.0037440204024834322,0.014098008647393426,-0.01484123332111736,-0.004590585939569293,-0.0009123490671580752,-0.00012620895818853827
2012-04-27,0.008343888479768123,0.015281742952331333,0.013896111453403925,-0.0025638022997961775,0.0020073907374797053,-0.0032041670604389958,0.012039856655485237
2012-04-30,0.0023142245574081107,0.0159412730780504,0.0006783531962012432,-0.00019575928206977663,0.0026368274298137094,0.004623106971942132,-0.01681477059182803
2012-05-01,0.003294233735640794,0.0008817326927979386,-0.008949537322836014,-0.03621172928801218,0.0009748278707810679,0.006732638296734468,0.01227778868145191
2012-05-02,0.001771509284876078,0.023717375425773877,0.002992322367575927,0.019213689954609214,-0.001280692866059993,-0.0012107252530846003,-0.002072867253133198
2012-05-03,-0.007892141545068844,0.011361427134148552,-0.007370499339097681,-0.00735618617704676,-0.00726860840013557,-0.0014427462450383665,0.02497374002214307
2012-05-04,0.00872514157548561,-0.01613612813197123,-0.002125622458925906,-0.024816722954388987,0.007121071002530556,0.0024022929016378762,-0.01672849941089664
2012-05-07,0.0006402932295261659,-0.005733576548985219,0.01566667215358595,0.010727542996928947,0.004504787095240401,-0.009581093631896681,0.003992013424445694
2012-05-08,0.008682869876332436,0.01928327762456194,-0.012920941896559984,-0.009131750819489422,-0.004823477299621822,0.0076312420052824384,-0.0012523385088853572
2012-05-09,-0.002721191836355244,-0.0011767697501394781,-0.026316082818410892,-0.021773611163649502,-0.001146860888532835,0.00239338263900509,-0.028221670318185826
2012-05-10,-0.001174625995243619,0.011093073515417924,-0.013147376967122518,0.003313305856712628,-8.913271630877565e-05,0.006336090321589709,-0.004804638337708318
2012-05-11,-0.0003364045385044091,0.009634565048878803,-0.011806253143091507,-0.004126518889667977,-0.0026145470619775386,-0.0006390159281242655,0.009745318339518803
2012-05-14,0.0025666528673364323,-0.0080850568108391,0.0015557258651356528,0.020413843331702403,-0.005688116977599594,-0.00027235506460519614,-0.0015940008195150302
2012-05-15,9.797914909142485e-05,-0.01965991721552648,0.011981474313223165,-0.013116304798616123,0.00642187536797683,-0.001689331575883171,-0.009464023467288585
2012-05-16,0.0052025081658788035,0.013775297540913096,0.0054968109772688374,0.012863522934910873,1.522822382213438e-06,0.0010184171449102823,-0.005498715555213771
2012-05-17,0.003966271097995247,-0.006799508295749979,0.015369971651544256,-0.004871218805302977,0.0018942521164910567,0.004142461799258091,-0.0010352726961313182
2012-05-18,-0.0008416369809893507,-0.00109243859117617,0.008625987006075751,-0.007946766954396492,0.0003386921167460674,0.0007432917602388253,0.011068738976154444
2012-05-21,-4.938274355096949e-05,0.021074367962740256,0.0009977452562891687,0.000783178992273538,0.0006433778204462852,-0.003999981674428533,-0.006849613023866529
2012-05-22,-0.00177267419228213,0.012320557133371877,0.0006940435239847305,-0.0038665888320240007,0.008102273799397416,0.007081867629750432,0.012902167643837767
2012-05-23,-0.0030623706525489337,-0.007611304214042333,0.01621066923440474,0.007882299358600443,-0.0014039116118948496,0.0028031464013662318,0.01436455747000278
2012-05-24,-0.001935805426821533,0.001374881669137377,0.008858329673693037,-0.01448577454654697,0.0014891982741031108,-0.003303958195119786,-0.008500711447027208
2012-05-25,-0.0019024073486611868,0.004447082315915827,-0.0030359532564704257,-0.0087916986569008,0.0006861604574308199,-0.004102703069576747,0.006520266850831249
2012-05-28,0.004875561190145666,0.0008967942916693969,-4.1512728040059884e-05,0.003148960275488887,-0.010964471436958436,0.0019326843549551335,0.036032459272007086
2012-05-29,-0.00014070641790924946,-0.0018341441439014268,0.007301497750145248,0.027002847981873537,0.004946684061685162,-0.008394378185527697,0.010782891510585748
2012-05-30,0.01063775273004328,0.011814247908930922,-0.006307293402409637,-0.0009334337018799717,-0.00536994951898713,0.005705928197106064,-0.014369079900594382
2012-05-31,0.0006469754668120757,-0.010243267136440496,-0.006001323594094176,0.01922392531933271,-0.0012499816941352316,-0.0033153821526764843,-0.013726145220217657
2012-06-01,-0.007136829341829768,-0.0184145421715537,-0.002973714680030832,0.014977543232484302,-0.00631879990410217,0.0038355573102538585,-0.008478584653187897
2012-06-04,-0.0006020498666614044,-0.01343677386206164,0.008312614750915052,0.03221874401385245,-0.011929205321017407,-0.0030460649529285727,0.019450752869822948
2012-06-05,-0.005437800172493162,0.0039187783925625575,0.010883739639689126,0.007752866272348584,0.0033429011190339118,0.00709744625990353,0.02428964081040551
2012-06-06,0.00010213037327311535,-0.006627797627290934,-0.009447514473090156,0.011534131125019446,-0.009531645802015043,-0.00246138506421882,0.0017787766855806401
2012-06-07,-0.0016620163383966025,0.0022144522558278502,0.025094740673070246,0.005520848657583529,-0.0006752738200661132,0.005022183128897685,0.0074876764696023565
2012-06-08,0.006107361076514532,0.004344689249026554,0.0002862326921226813,-0.03027579778157802,-0.006519734364252641,-0.005669802290576774,0.004963085335328848
2012-06-11,-0.00509901494756173,0.012244426074761281,0.0002223027778692097,0.0016636528662444727,-0.0046859627367019235,0.0022749159573849345,-0.004989912590921796
2012-06-12,-0.003591524333485328,0.012125190265331159,0.003880562208840414,0.001784473601881796,0.0044175754316069914,0.0007536748561386822,0.007302126345001335
2012-06-13,-0.002917401820084645,0.02289337820844522,-0.003886967425668389,0.029475041687528913,-0.001555225759218494,0.0027662738072927544,0.013388272302461583
2012-06-14,0.004937421356224722,-0.008109032204655172,0.011530020932105521,0.02694353667234836,-0.0015425822141679505,4.9537661049269086e-05,-0.0048682326435204705
2012-06-15,-0.0010357493391867855,0.019481142435937134,-0.0078065264743407865,-0.011998013352571679,0.010629115021904714,0.003848357535155869,0.02214465484516713
2012-06-18,-0.0014517601817775878,0.00048744232993522675,-0.006639025223587494,0.001584466077758253,-0.010891310714370488,0.001655405699932664,0.004977279844083997
2012-06-19,0.00011978063070416776,-0.004934972942910644,-0.009010479677651555,0.008097335956209388,-0.008048460038929733,0.0007612197447246645,0.02311873057918223
2012-06-20,0.006292104523566786,-0.01538326434534556,-0.004624046414335633,-0.00126252756183254,-0.0006698575827060774,-0.005548665673158936,0.0009066970921932998
2012-06-21,0.0003099322943238093,0.0224939800409937,0.00032142277411528053,0.022510353356004046,-0.00667833482670546,-0.0039106649706000625,0.015914724754320157
2012-06-22,0.004684936669043089,-0.009608024921623418,0.0009769621559220804,-0.02582412355146192,0.0005031161851007961,0.004226290048641604,-0.01060749560063557
2012-06-25,-0.0006461419367041715,-0.014052421468094548,-0.00783599447051682,0.022996594544298546,-0.002204479897241148,-0.005548631183486291,-0.003659864891076487
2012-06-26,-0.006039730452480313,-0.015107591704120498,0.009980610362975862,0.0006725540855022647,0.010011004346075943,-0.00031840099505727197,-0.0008889239973637021
2012-06-27,0.0029135846453329575,-0.030754606672423506,-0.00012631000383591789,-0.008592038971890533,0.0075428903106738755,0.0035389743241141572,-0.022151926290117148
2012-06-28,0.005318570001218793,-0.0010763191807736413,-0.0069908897721042765,-0.0018972561618636153,-0.0007734105241908749,0.006149720883485314,-0.0012561211203228285
2012-06-29,0.0011726382542765173,0.01085567537008846,0.012532720069176446,0.01664570451586362,0.009499023378194039,0.003708157486849792,0.0034400888645052504
2012-07-02,0.00530670373797869,0.0009520893906091297,0.0024174291030147547,0.02441886257737214,0.009401455196139,0.0005572582048671179,-0.007194942028775198
2012-07-03,0.006202712290474168,0.011930057189705814,0.006670419993545854,-0.0046097170961640335,0.004566705496959611,0.00182609603581595,-0.008085615713613136
2012-07-04,0.0008661709273755276,0.003181329255921455,-0.002793921607699051,0.013499189237161478,0.007093963309582657,0.003954304949491463,-0.005535372062082375
2012-07-05,0.0033732954645075276,0.0020854269545410816,-0.010529010749914153,0.006394622081142986,0.0004861953873077985,0.009819142653390319,0.010908814260284814
2012-07-06,0.003194609517101168,0.004036284169879524,0.0033429212345773393,-0.01581488108842497,-0.008114685237895365,-0.0026082943910511747,0.0016692932128717093
2012-07-09,-0.008272183432035788,-0.010197921620049394,-0.006187453977450382,-0.0015576001513732452,-0.005973095430266636,-0.002945202818652012,0.02221441845939077
2012-07-10,0.002798589402765498,-0.005405683441800821,-0.0002993166292509283,-0.002704996347565215,-0.00413069008675571,-0.0029876632525478895,0.011918885194767848
2012-07-11,-0.001529142757363784,-0.01369334692737493,-0.002364264495892106,-7.110521731447308e-05,-0.012590527573008548,-0.0015827428920287105,0.011469417812153689
2012-07-12,0.001954923182445838,0.027317028125706678,0.015916243378944612,0.031097418559184443,0.018276325215814286,0.005258903462493521,0.005181944550658609
2012-07-13,0.004044973345459977,-0.0048321865494208825,0.001895003937762762,-0.012400859427753026,0.003495153570102783,-0.0015591947349957837,-0.010004409299545393
2012-07-16,0.0018038983408301056,-0.0008395915730356554,-0.018351718875131394,-0.027681524193841456,-0.006399634933398331,-0.003602298997404983,0.002049788784508083
2012-07-17,0.0010257581250178558,0.013082815659781444,0.009181447712310293,0.021341606148321153,0.004420101318901402,0.001630572915414946,0.016257549416914218
2012-07-18,0.0038276626596023375,0.006167022439146718,0.014423680563229194,-0.03344328426242662,0.0022646155848528226,0.001376473961865335,0.013615466514663064
2012-07-19,0.006435599630209848,-0.014326769625425324,0.014419773160442744,-0.02081078839836202,-0.004288574464252277,0.0002789988586581428,-0.004989838799738816
2012-07-20,-0.006083688599053064,0.004955163979174542,0.005260233477922152,0.022627080388314628,-0.0035719014533090224,-0.0009869379533413473,0.006249466979123157
2012-07-23,0.006902002865783906,-0.03053776959602003,-0.010403384557967375,-0.011973915626054352,-0.0074354371954335205,-0.0021073377712527972,-0.008589948319715254
2012-07-24,-0.0024807526562333894,-0.0003689566761548847,0.005353983689701572,-0.0005209936303893638,-0.0023809236672919353,-0.0006088048669291059,0.0029076913693613557
2012-07-25,-0.006811300015298263,0.0023934196554142003,-0.006336150243212115,0.02298793439975972,0.0011278692293031525,0.0031910555847997225,-0.009819187195369738
2012-07-26,-0.0013355512070754672,-0.015359315857391927,-0.008971908997829613,0.015505951910719113,0.006068563545427176,-0.005589500761937994,-0.0073178647109805985
2012-07-27,-0.00015478364054020882,0.006860612358155674,-0.016509467362680903,-0.02686198700964469,0.0034268430543291047,-0.0069170258556606684,-0.006543960646316433
2012-07-30,0.0007983692603798039,0.005273323935286547,-0.0005100014505905193,-0.004707339845065978,0.0057218491428026935,0.0019571406871710818,-0.00854671546679339
2012-07-31,0.00030089205826442506,0.004663909108309827,0.017493566321265457,0.017639376165962853,0.008112912404668262,-0.0011977079205696805,-0.0018758917080316736
2012-08-01,-0.0007915229134972733,-0.002077062573469098,-0.010319283929363886,0.01772797499778666,0.003325820278410037,-0.00204968747959332,0.006547217928181548
2012-08-02,0.0010415994382505357,0.008991427024558454,-0.011814806092958857,-0.0033932652299260694,-0.00019998163407294626,0.0024899865799471086,-0.008844023731226282
2012-08-03,-0.009849754145414807,-0.01728340308470966,-0.005643251760403402,0.0024099340981239615,0.006755869667702867,0.0008355042534742272,-0.0009348756232251205
2012-08-06,2.043448798392218e-05,0.013091989252121992,-0.004309140853750184,-0.00010877166072696036,-0.005597793821901091,0.005582364697417983,0.0056531562773881805
2012-08-07,-0.0026801020280431648,-0.002581459324433526,0.0038869194148808198,-0.0014208147805784858,-0.0031044103739679045,-0.0026839810345522653,0.007075486003713474
2012-08-08,-0.0012822215925142372,-0.005977985006918944,-0.014118855054706341,-0.0021128322259582246,-0.002508854454187625,-0.0022515703064802583,0.000591333025643866
2012-08-09,0.003142018400957266,0.00971993891499613,0.007544799111932092,-0.0013138787067255848,-0.0013298702501203822,-0.0028851913710972563,-0.0030678978216638272
2012-08-10,0.00022860062617208367,-0.00924331485817556,5.70779183917864e-05,-0.01643851931192417,-0.009231476208205644,0.0028674656418132944,-0.006277782597618295
2012-08-13,-0.003198145075799881,-0.014434317623955263,0.0015806060105461402,0.021195747498850843,-0.004514169966774225,-0.0023990447561497174,0.01458111993028668
2012-08-14,-0.007091805447969193,0.020126603697766192,0.023878848241902822,-0.02767588482627066,0.0032268700994960474,-0.00025085754755755583,0.005784479321680506
2012-08-15,-0.001523545508268892,0.008927811581862061,-0.0005841935562932844,-0.011112612496961298,5.134855534233903e-05,0.0026408210344094386,-0.012638328583849123
2012-08-16,-0.006234955333768881,0.020479161544263894,-0.0058468430588214625,0.004168967702797086,-0.002325268901533518,0.001992425707223684,0.02470651207815923
2012-08-17,0.0026697426160788317,-0.017170366352040237,-0.01430590551807505,-0.014565114151906412,-0.002592144854680417,-0.0073737285101424695,0.005201273311197618
2012-08-20,-0.00399529581051167,0.015561512793259265,0.01849284402839257,0.005986786466332939,0.0043949869312202815,-0.0033215031155053635,0.01519563929195921
2012-08-21,-0.0016427759211330426,-0.013995961120093988,-0.004635553135791275,-0.010161375695242152,-0.0027648018880907363,0.0029883510175751924,-0.012440673398760404
2012-08-22,0.007290113686849113,-0.012797789919566553,0.017078836559854642,-0.018455767159804397,0.002650594087030521,-8.162363118876894e-05,-0.006446949832995174
2012-08-23,0.003555438962371998,0.019036739140672332,0.015156196429122568,-0.0009219803347438986,0.0043151553689958645,-0.0007471663038549357,-0.0070216528056854365
2012-08-24,-0.004235217951653608,-0.007454808613461331,0.0005129978089277189,-0.02856838251098402,0.000236253487817991,0.006185630712400509,0.00966278555472561
2012-08-27,-0.00199074362089619,-0.017826159339431914,0.0021782726001652705,-0.037829893555238935,0.007149365948816769,6.81344080984101e-05,0.01568243756775295
2012-08-28,-0.006557883529340703,0.007584576282067915,-0.0020416346850617877,-0.0003080318825250958,-0.008344596609235604,0.001586331312328478,0.012132158494233443
2012-08-29,0.007490533521926216,0.014972967256673228,-0.001493944070383852,-0.017283845624352156,-0.004928892899886916,0.007234005953248892,-0.011262315155551901
2012-08-30,0.006270937978729679,0.008693984587309527,0.006481306588135367,-0.005105852428001131,0.0062728430742176634,0.0018288915787092203,-0.005704276967228248
2012-08-31,0.00313402784663904,-0.0006553145282218014,-0.0066172590167584856,0.005790762076516911,-0.0006040867552623028,0.0017366013168045097,-0.007671362894114157
2012-09-03,-0.004486500332716517,0.0182089172047409,0.015934365474868466,0.02375471125678054,-0.0013653305591362172,-0.0006662576161057433,0.025253268375309477
2012-09-04,-0.0010653245731382115,-0.008341686825874816,0.017355913180246398,0.0023718183285487545,0.010992279653628114,-0.004245760260083893,0.007542000438720792
2012-09-05,0.008634356285358498,0.0038809069151887463,0.0009071025531814708,-0.022124380219789765,0.009116218543186911,-0.0006634715814942566,-0.0059054832477354584
2012-09-06,-0.004588024550424832,0.01604926940314615,0.011826659201105068,0.008196937553399125,-0.005533830380383114,0.006316935627080227,0.0019605122507881574
2012-09-07,-0.004070833178308998,-0.023095548267508946,-0.00991222349520226,-0.027173581360055127,-0.0050465666951912055,0.0017259137953710897,-0.009442865380037576
2012-09-10,0.0017727779746151728,-0.008141567764015272,0.0005895456517295249,0.027311660412962763,-0.0034264045395202393,0.00045514467815545117,-0.017606823978354676
2012-09-11,0.006430443490964322,-0.0031255100872066175,0.01231250279986686,-0.00330771002852769,0.005598032317128317,0.004192546555914353,-0.008039853789640223
2012-09-12,0.004717639391856528,-0.007239350884437975,0.008634697550707171,-0.008157248713983808,0.0034952216350990642,-0.0006447309552129539,-0.0013290190893207419
2012-09-13,-0.003948788240417349,0.0008026321262935499,-0.0005096412964561594,-0.006048383574117859,-0.0004031686302956559,0.00047381909333660775,-0.005983049832468037
2012-09-14,-0.00016503591239835843,-0.012361871282508976,0.021853927945750008,0.019300504546665674,0.0017234166561663176,0.004729115420830002,-0.021138189104660463
2012-09-17,-0.009880750922282792,-0.009541092940870173,-0.01751466864661822,-0.004024187355011428,-0.001925012051577693,0.0015661548790279665,-0.01497928614955698
2012-09-18,0.0019485277400160584,0.000690055717490273,0.004374426638977933,-0.008003250679645689,0.0092639568186639,0.0009398775019303168,0.017977810262918253
2012-09-19,-0.002811564494571628,0.007190384501189236,-0.000462529981716127,-0.002127705753860373,0.003985044372636007,-0.0006877256452869503,-0.029063732229617962
2012-09-20,-0.011901510778488947,0.00938317271576955,0.009456103646897567,0.04031818137318924,-0.00222564061712934,-0.0063609428266136235,0.007266557350123894
2012-09-21,0.00039569820425147006,-0.012127176125502953,0.01522845974768605,0.0357574046318068,0.0016651187878099214,-0.0005828352016401389,-0.01217258383778593
2012-09-24,0.006535754915017703,0.0034888944051733282,-6.645723706738934e-05,0.004369392179798516,-0.0022543979994909613,0.0011581917483867105,-0.017637295517671063
2012-09-25,0.004698362345578369,0.0005179934854731702,0.013205009008434111,-0.0025756486694406442,0.0012982058750609085,-0.0032848134274842873,0.010604220573766714
2012-09-26,-0.003153370764074685,-0.0075475373218856405,-0.001580776949031057,0.0018361669133293867,-0.010888502233555569,-0.0021047743896300515,0.011856397972304051
2012-09-27,-0.0011633568673136523,-0.0035472771336432537,0.00108465186596968,-0.0017191221059613703,-0.006027369097035248,-0.0004953439069169584,0.012882623302216291
2012-09-28,-0.003854716928747172,-0.006535052691691197,-0.015252992061739572,0.011905137540724378,-0.0031751377156945156,-0.00502852591565947,0.0012998651076710993
2012-10-01,-0.00446441590456099,-0.01462810956892593,-0.0171009961229147,-0.020958289933087744,0.00605057866408409,-0.003533374442456674,-0.00010599983272465879
2012-10-02,-0.0029952161335751017,0.007305950538538069,-0.009983027485276798,0.0014219427992676352,-0.00033503810020939044,0.00857797249178843,0.0048542323712496395
2012-10-03,-0.002021623468605692,0.0068603593896189845,0.021303323834399993,-0.01765427853163645,-0.0019417094869484542,0.0007947520828022276,0.0006060214278720171
2012-10-04,-0.0009810309527717286,-0.016272680923441935,0.011931080362979546,-0.0218890266716642,-0.0001824385672088495,0.0046397297258104694,-0.0028354459809393317
2012-10-05,-0.003567588910019033,-0.017963911652092327,-0.005112871439044561,-0.014470863565752732,-6.593097365872121e-05,-0.006124246572097293,0.0079053256795045
2012-10-08,0.0008121995370246412,0.002260252470818138,0.014894147776585464,-0.0032470319538118243,-0.0023920150783025276,-0.0011121132419560607,0.0016769017543421313
2012-10-09,-1.3860716224722684e-05,-0.010219331144381501,-0.020688800705507153,-0.01566531676739209,0.0006637615173386035,-0.0002672996872531728,0.007206006198233224
2012-10-10,0.008171970619398759,0.012328780627308843,0.017814472813794398,0.013885800294313418,0.012856202199909001,0.009701524817619924,0.008530698761654982
2012-10-11,0.003175529415436375,-0.0013634428433837347,0.0007396966741666775,-0.007167772689130502,0.004554607681253598,-0.0018891412748196323,-0.003942284681109382
2012-10-12,-0.009070708980290765,0.016003854386094186,-0.0031218423494681516,0.014772882380583496,0.0074111104629193385,0.0009949958675951253,0.020417671628547105
2012-10-15,-0.004616966770303867,0.026007923026559212,0.01223532536132624,0.01403072137002242,0.009820425169134266,-0.0029339812760266868,0.004545162378806711
2012-10-16,0.006127019638711264,-0.019751601941497915,0.005602456193929042,0.002124922392457815,0.011486755273764866,-0.005333252041039806,0.013692310737376126
2012-10-17,-0.001887889965968973,-0.006510470376686273,-0.013044240213561572,-0.02019219229103299,0.0017369143037899413,-0.004508586766858851,0.005621682063091298
2012-10-18,-0.002301872474941652,-0.015785055750602163,-0.007382560791867028,0.001660807511364751,-0.003506327613957966,-0.0011958139104205493,0.0060163154954162796
2012-10-19,0.004679699336714797,-0.001930691717969966,-0.00866215219711001,-0.003974503450900235,0.00294382607110029,-0.005280524582898231,-0.012751929338480175
2012-10-22,-0.0025267565736739163,-0.0039601840739236435,-0.00845674227299152,0.009635729962302395,-0.010910324203768411,-0.007663634701955702,0.00020489894662263208
2012-10-23,-0.0003526134122160477,-0.017774413757915494,-0.007736970022559976,-0.011397739434496052,-0.003418152571128783,-0.0002760497388099907,-0.0115300102651372
2012-10-24,0.006261363672957979,0.008252272591055416,-0.004715318524541051,-0.0016344420340947746,0.00205644989394772,0.005640076942779771,-0.010779697709789978
2012-10-25,0.0034193643826010275,0.0016777767609912847,0.016175912956102694,0.02225992919836457,0.0021433283246154317,-0.00024041977373825678,0.00898306265957357
2012-10-26,-0.0003718023641304787,0.019410752750883484,0.0030154304182799844,-0.0014857266243713594,-0.0009124081166648273,-0.0036222802816929926,0.01169735223949982
2012-10-29,-0.002930055060682027,0.011352675603319897,-0.01213771858818973,0.00304094184894765,0.006049875456436467,-0.008263228095313456,0.0251619848593795
2012-10-30,-0.001351146104849096,0.0007084780947494904,0.005495604121564199,0.013513972723084829,0.0013977931695642917,0.0038371413950412606,0.006804786343720386
2012-10-31,0.0073935465711090715,0.009166593921680606,0.022923047994505733,0.017011794782078402,-0.007573374645743439,0.011387964139472368,-0.00407932482326435
2012-11-01,0.00633219475507792,0.0028098545749251666,0.013029093966717822,-0.010670519327493242,0.00648551501345318,0.0011792744437661555,0.016756668955788062
2012-11-02,0.002104678153011562,0.011693845574603916,-0.018998165932827295,-0.004748779428860164,0.0023435943882905864,0.0010099627125099565,0.007488296643914633
2012-11-05,-0.0011136215543457355,-0.0002798038050186584,0.011442919369534418,-0.03202989220122723,0.005908697329491062,0.0006125070901556335,-0.010867964327453102
2012-11-06,0.0016961811039001506,0.014968550835962033,0.012623829965162092,0.0029259216146211124,0.007383286369726491,0.005210357347054611,0.00031978587892607754
2012-11-07,-0.0024223308714461946,-0.008984108208327023,0.006704164771393669,0.0005708521690468262,-0.006324447601269437,-0.006979403356421721,0.013972024716921078
2012-11-08,-0.0018371205237764938,0.002735600559696931,0.012108004519042254,-0.01580226379614238,0.0015899669936990826,0.0005956888571547364,0.00654571273673235
2012-11-09,0.005306655483157515,-0.013742450419170087,0.006079672761140389,0.011659618588078544,-0.0011416808933396407,-0.0006000884834202902,0.003124574408883745
2012-11-12,0.0017292726217658916,0.007329838168127752,0.007120117735977304,-0.013071014050143262,0.007875438056071318,0.0062841484370498675,-0.00018220222418407502
2012-11-13,-0.005626639903110816,-0.004250841401103109,-0.00013355662839967193,-0.015373008808306911,-0.0022661663931573175,-0.005630351968190337,0.009744063278780607
2012-11-14,0.0010138233340464,-0.019427242930254558,0.001921744104155574,-0.004863943278409656,0.0023987111974180294,-0.0016923564905509687,-0.012422049343073616
2012-11-15,-0.002733388141374002,-0.007972495002031921,-0.001315751808179567,0.0019865093354000723,-0.00206476007411521,-0.0022998168996257273,-0.0032714637433723854
2012-11-16,0.01038093048853857,-0.0048301753725718865,-0.0023518104873099317,0.043588775683337196,0.001462740958428779,-0.005782508072995887,0.008862662629408428
2012-11-19,-0.003290166932272931,0.008947256319757027,-0.0019106731448784707,-0.0035856123016223284,0.009646869908096795,0.0029759728609193435,0.010130381164581419
2012-11-20,0.002089684154567285,-0.004690142199228374,0.006421966961692814,0.01816439171051401,0.000572203063292711,0.006870465248122704,0.008175455725966644
2012-11-21,0.0011979328488641793,0.0031652632104665797,0.0023375410649763913,-0.01891366553024108,0.0011594350657385837,0.001974331627148023,-0.005926299885806884
2012-11-22,0.0017007122957749179,0.0006606138502829762,0.008468030183702728,0.011469088346686864,0.0015587771122511122,-0.004775300570223537,0.023611707127251393
2012-11-23,-0.00021756576791928374,-0.0014150590582655072,-0.003324673061604041,-0.008520559695230051,0.009142837979122586,0.006022090323894346,-4.9879273451722015e-05
2012-11-26,-8.000196147273244e-05,0.00695186284903652,0.0017105470596751092,-0.0011039836900682569,0.0027856307049695323,-0.000997313736333843,0.004159855209891565
2012-11-27,0.0011668862552441236,0.007320972386134822,-0.00463515734516067,0.01070352716860761,-0.005310181534726125,-0.0025172792951830532,-0.0034971746425097833
2012-11-28,-0.003938220490120929,0.009920370910191066,-0.009447324495536659,-0.008838313122978454,0.00721728590634154,-0.0017713727770612615,-0.0024302056498968342
2012-11-29,-0.0036981286540088876,0.00786068405074611,0.008206176209904726,0.017143759948158813,0.003109237405354269,0.0004960970716288669,-0.0017316491266752743
2012-11-30,-0.0029098874137644995,0.01363680474504585,0.008287919081668507,-0.004369699502134,0.001792199374417412,-6.657340299963114e-05,-0.008546656776813967
2012-12-03,0.0010606077271239475,-0.004809731973177809,-0.009256486008235674,-0.02672846124260272,-0.008489930611002044,-0.0015477804856195276,-0.002819644318876598
2012-12-04,-0.0031512141818922953,0.005944990278258671,-0.0007662727032203597,0.011787006586807244,-0.00157744277224644,-0.0034018271546844355,0.005339624233842794
2012-12-05,-0.0047007138314800285,0.003927219451592564,-0.010034663086256196,0.015365590992154423,-0.003764552599852101,0.0028027816722808767,-0.011830670971161906
2012-12-06,-0.0023610872750233027,0.003099520852677396,0.011298281076514378,0.030556180881070306,-0.0003002113882300127,0.006756576403080022,-0.0002917517812388596
2012-12-07,0.004745084224025709,-0.00940048313122235,0.004902091796948933,-0.03977945035269216,-0.003918704865368697,0.0031661193429996233,-0.019239894980571746
2012-12-10,0.0020578037800185345,0.011322940898857894,-0.0027547587113862268,-0.014623488354987162,-0.0010134957624620868,-0.002687383572121432,-4.4389042551396215e-05
2012-12-11,0.0007583637756831442,-0.00364681408276021,0.016521248409897736,-0.008373334302242196,0.009848757005776011,-0.002306554764202919,0.001524490222093166
2012-12-12,0.005082436422986776,0.015352272497787136,-0.000535895590420234,0.008607661784479147,0.00392198317861826,-0.0009122938349530233,0.007773617351390149
2012-12-13,0.007799991969325263,0.008748843929660154,0.009303683024868082,0.009886798625419142,-0.006298667598274032,0.0027499426426220706,-0.0098276588583351
2012-12-14,-0.0020095551363664365,0.024387996556989564,-0.00022937822385011572,-0.005512900510018819,0.008459742191198667,-0.002031459036900702,-0.001846915329797654
2012-12-17,0.00534622428507237,0.002555691408401626,-0.013028675596145668,0.0027505063865875335,-0.0023631510475454944,0.005777406704101891,-0.011976280422486123
2012-12-18,0.004554917035207844,0.022759503185227483,-0.004124528066645936,-0.0020817063827655844,0.004390737752262109,-0.0017060753738444695,0.004121048938087944
2012-12-19,-0.0005496839615231699,-0.0035123950095310207,0.00017629737137805869,0.0007760253147204916,0.000786155051471922,-0.00232318102686798,-0.005970317611583241
2012-12-20,-0.0001243518376418659,-0.0009444722572556711,-0.004187377167453847,0.003919548674022887,-0.010947528240881917,-0.0036834114112554517,-0.00022156740958792482
2012-12-21,-0.0030744714495455363,0.017588188891750477,0.0013517222095400462,0.008357460442136363,-0.0021807246719167126,0.00022071439419375755,-0.00878327585653782
2012-12-24,-0.00032927026708992824,-0.011622559803584353,-0.003832303896139451,-0.04275616057258169,-0.005400830984147812,0.006036638398529465,0.004066219504370138
2012-12-25,0.00562617383162686,0.01863851745686746,0.01071503880139172,-0.004006730960315248,-0.0026957115113249823,0.006300359127793642,0.0024906165002563465
2012-12-26,0.010326122440764118,-4.2381885056815704e-05,0.022959311958522233,-0.0029281152513170976,0.011409201657846263,0.009460525234581291,-0.016223382625964754
2012-12-27,-0.00158999837562998,-0.013328504191218081,-0.013766025136623056,0.0053391969679525714,-0.003467268044393037,-0.0013842399544441962,0.003566204296188765
2012-12-28,-0.007279570552158802,0.01197321101722106,-0.004448630326531173,0.014302287439011999,0.0024571168928518967,0.004744891779450291,0.001398533430740839
2012-12-31,-0.008344576381598481,-0.0030947599340316683,-0.001044365823078685,-0.011579839062154861,9.091333258305328e-05,-0.0018275325850405917,-0.012843015261620688
2013-01-01,0.002835947973585208,-0.005429499774805635,-0.0036032429388448096,-0.010259900688779475,0.007580874168977206,0.0005652896368025905,-0.0035195206304795053
2013-01-02,-0.0016125501254889117,0.004748419092170021,0.0132625136537963,0.01560483308328686,0.004542561600967393,0.002961219038683442,-0.012542823679342225
2013-01-03,-0.0033544862782648377,-0.003959027994267268,-0.00859373462657334,-0.016915567925587283,-0.011293472898220988,-0.006094915427302264,-6.944073839475288e-05
2013-01-04,-0.0001277063351037672,-0.00948394504549242,-0.0002531978807542858,-0.008104169988570444,0.0062047283575365365,-0.0003061207227053181,0.005204278193765219
2013-01-07,0.0009628575893468297,-0.0162187195102319,-0.0022919467322507522,-0.023006375189584743,-0.0004689933939977293,-0.0027780908703788996,0.0012612487797413142
2013-01-08,-0.005219434129267805,-0.0021918043168760695,0.0037164812977573754,0.018062142474104943,-0.005745618664394075,-0.001050805230163761,0.007203467708093885
2013-01-09,0.006338524457219348,-0.01474003235639099,-0.008420620831434545,0.03540660990705574,-0.003909187523772386,-0.008898198422171724,-0.006764429647566026
2013-01-10,-0.010925527496718636,-0.002075615786330509,0.004195227468752183,-0.00672773222745913,-0.003608500279421907,0.0028251058828003034,-0.01592272129383886
2013-01-11,-0.005136301368412522,-0.0050352333336512595,-0.009551213854795751,-0.0043669099200260506,-0.00879279849226396,-0.0005666787775513995,-0.0003526098999240242
2013-01-14,0.0023467688418025824,0.003416126974371875,0.003208275624414554,-0.021854137732362302,0.0049240305509764114,0.00029511574739507024,-0.0032848097220849024
2013-01-15,0.004343070608847469,-0.006598683987640632,0.013989464632169738,0.02243228090170485,0.004744318646227107,-0.003240411923660457,-0.02309732945337859
2013-01-16,0.004465353142455121,0.0033133955462287764,-0.005442836025500139,0.015488082010390694,-0.005152536767701576,-0.0020122513564637765,0.007065215732235515
2013-01-17,-0.004304425246473154,-0.003253386294508624,0.00896457492962714,0.007766235150070464,0.006896949701716995,0.004585163713640643,0.0005964086021481815
2013-01-18,-0.009196994714651116,-0.017275265942452767,0.0026514117373459124,-0.021033853474819977,-0.0029726336135214287,0.0004908239637198516,0.0174136549633785
2013-01-21,-0.0019500859735526307,-0.00886952292413277,-0.0018564574437079876,0.004374619847865439,-0.0019616341079083475,0.0033049352131311323,-0.010647528785169256
2013-01-22,0.0008306452355254944,0.00529839812630354,-0.002818859281262818,0.012940320709005394,0.000654507544759567,0.002979427492674518,0.0019016705555193792
2013-01-23,0.0018556229909987038,-0.007025319586224502,-0.0060839991055458426,0.015082777168279646,0.0024202581782311,-0.0045263061441414175,0.000932146271010028
2013-01-24,-0.009145133886296009,-0.011282145685793171,0.005469577607784402,0.002424068356799461,-0.0009000282615361061,-0.012584773785369376,0.0023170569578310897
2013-01-25,0.001703093123705041,0.0059291974684398925,0.010890837259293264,-0.0004579422825258623,0.0007680953850545406,-0.0039953014605194044,0.001457090317914048
2013-01-28,-0.004696316019254834,-0.02439439711379859,-0.014562717420813663,0.017805511620382342,-0.005767497674136945,-0.002012994051219745,-0.008273971096187398
2013-01-29,-0.006812226459660361,0.007683286235712642,-0.022421372340055784,-0.008482219388931097,-0.0020052269762806454,-0.00022453484153534364,-0.009035974424660224
2013-01-30,-0.007001868906702538,-0.013012681032596654,-0.010779642711097477,-0.013099185432231548,0.0036753816581360363,-0.005601110551550567,0.0019541704387943666
2013-01-31,0.0009831901275815366,0.01148000047017468,0.0005210273147824131,0.01412676307724536,-0.0005546257000935464,0.0019410599908299654,-0.01520573526590293
2013-02-01,-0.01020314528358886,-0.00046958033730497924,0.0011061063620877245,0.013468267892160404,-0.00494232235209518,0.004317579362443786,-0.0013040737188471372
2013-02-04,0.0020335213396690034,0.007612484986692683,0.01859593478140532,-0.00013027879138125065,-0.0012868597138454426,-0.004286855219952755,0.023794605565870007
2013-02-05,0.0020356488958222676,0.00593376161063215,0.03211756329089445,0.012728829880339661,-0.00469605775192139,0.0007357179505056206,-0.0029547701188982994
2013-02-06,-0.0012334785266782898,-0.0056889793554751765,-0.006517225353205436,-0.023588107034303685,0.00946895779825708,0.001886881011384426,-0.008183403711502852
2013-02-07,0.003380560788521043,0.006752597636249853,0.004796368609238612,0.011171457284663615,0.001737710856418628,0.0032981754007562363,0.00876355592293616
2013-02-08,0.001000876974112222,-0.002521919702671305,0.015311431689345543,-0.004831108711017342,0.003894967163804621,0.002843948688788273,-0.006618286628490667
2013-02-11,-0.0028812996390100115,-0.005852259997917979,-0.006142961327992761,-0.023583158878912398,-0.003748364830497602,0.0008529805440769854,0.012695453738423255
2013-02-12,0.0025675722705753947,-0.030043592165518468,0.0041155635979641045,-0.015138142988175658,0.0022221091890146,-0.00013533825282057698,-0.008282563118817187
2013-02-13,-5.8944189793167846e-05,-0.0006500710437538662,0.013346125540990003,0.0027970997230936513,0.0073557491688363294,0.0047294524346523144,0.0072526176183396575
2013-02-14,-0.006796497613219066,0.009832090679041906,-0.005378452267571985,0.015724902997993347,-0.006982870688525944,-0.0057552508390041,0.02971768908039638
2013-02-15,-0.003477944229622101,0.011675116687447015,0.0015533425335962907,-0.0018008122109186135,0.0004160903148141942,-0.004536179680478374,0.004631516790857719
2013-02-18,-0.003980974789816614,-0.006840565381508276,0.007286091238338947,0.006638117332144455,-0.009181272806108668,0.0024078825759104128,0.0032079064774975254
2013-02-19,-0.00181874785094262,0.007682814219196946,-0.0011393965855944514,-0.015769688469012656,0.011816949268741054,0.0013369911807190452,-0.0030189527549172447
2013-02-20,-0.001270425750729094,0.013070206187102161,-0.0038810519971519725,-0.021556158394749707,-0.002312612827095055,0.005985400484660807,0.0088649876719619
2013-02-21,-0.0006700657983301219,0.015633597759623533,0.009070045367486585,0.0015394457583807874,0.0008325913137830697,0.0024394664473324904,-0.005726972382698733
2013-02-22,0.0003680203183506346,0.0034683847765668023,-0.015781706071327242,-0.006222142391891052,-0.0022633146158053934,0.0035463581345719815,-0.024631757092303187
2013-02-25,-0.001176028847632638,-0.006602360015043509,0.008567476878183024,0.0007466589208647068,0.010622159815179517,0.0033363680668720003,-0.006980166291316029
2013-02-26,0.0013086377819648614,-0.003969371972748853,0.008677028091681735,-0.020140027845204227,-0.0029818881739067373,0.002699243631561313,0.01349225460135923
2013-02-27,-0.008457901909121239,0.012143521207250733,-0.002554097191923932,-0.02251993646089052,-0.016716055623302934,-0.006421839035834561,0.008794002078895021
2013-02-28,8.640702504027599e-05,0.007193823946064024,-0.004318570716942715,-0.01683583116281152,-0.0012413685462740734,0.0007898906787681824,0.0022049682500893814
2013-03-01,-0.0028066686616329507,0.009074485300973227,-0.005762425956550244,-0.01143231085642242,-0.002663981162120574,0.0043020771618644486,-0.0015441342170901364
2013-03-04,-0.002428062693684311,0.009537441465622732,0.021506614256065048,0.011706250248162502,0.008782835367088506,0.005528457927939925,-0.003353520882251625
2013-03-05,0.00045653705483166576,-0.015368472110394188,-0.0032729335607166207,-0.013814803798071354,-0.002714371883942076,-0.003241867776911837,-0.005539383746784798
2013-03-06,0.0024789373979578404,-0.0006596645068729337,-0.017281083174429914,-0.017265575239644153,-0.00886146492320876,0.0004156723705531055,0.00245522540522759
2013-03-07,0.0013761960942644225,-0.00908016700250986,0.0021391525127093473,-0.009380388518152268,-0.006195898615888418,0.0027653636495234115,0.007907257584218123
2013-03-08,0.004145593785509004,-0.005709585457827189,0.012549400202627724,-0.008190347214838243,0.005594739166176614,-0.000503686663247351,-0.0037568226757847267
2013-03-11,-0.009334741694232686,-0.008140076461881451,-0.0027781996968027946,-0.003232349256077129,0.008383792242947727,-0.005034141200158992,-0.00549874550837044
2013-03-12,-0.0032695017508333644,-0.008517549317662994,0.008375978034175308,0.025144798393841195,-0.005485222545312427,-0.003936477181418856,-0.008017099027306712
2013-03-13,0.005575157874619031,0.015451168340685278,0.0027161833709150357,-0.021160375822643074,-0.004284567564633536,0.0024352397036318733,0.006694566341095312
2013-03-14,-0.007914605046854302,-0.007731145965004305,0.012699619503013347,0.0027123597320730638,0.00803417437132757,0.002639706192782714,-0.010941980076361817
2013-03-15,-0.0008206888317928744,-0.0022536656319610622,-0.00959186903074154,-0.017307028515674307,0.00870676228484252,-0.003228369493503748,0.008714671523120627
2013-03-18,-0.0013959433695075198,-0.0012898606928091571,0.005169635444007709,-0.007493055155394278,0.003963829692422726,-0.00719601440454549,0.007519203858447127
2013-03-19,-0.009524151354864887,-0.007334703673324534,0.004728309241714945,0.014851605186633143,-0.009562112232647928,-0.006267760313391731,9.150393894330041e-06
2013-03-20,0.0010948657771271812,-0.02397214948638022,-0.0021206632424398664,-0.001071664396265544,-0.0030401589322193636,0.0010240902560454854,-0.0017823740265941188
2013-03-21,-0.0018166238082632444,-0.02414638412079124,-0.0016516032635467298,-0.018931291166233585,-0.0042693966330783735,0.0010669358041860578,0.012233083908083945
2013-03-22,0.00019775903048116435,0.006305048540209158,-0.013151938770119949,0.0018176699401230008,-0.0008697376432693844,0.004392837645881686,-0.008857790656937653
2013-03-25,-0.0006165534891149781,0.011927079454753303,0.00045083048153864413,-0.014359276038609732,0.01641349742872085,-0.0021598598494855853,-0.0019976213273187235
2013-03-26,0.0017367569576976318,0.003599114290646957,-0.0006447960818225516,-0.003301684348294225,-0.0005798101685961344,-0.0038183498281091715,0.02579780397337333
2013-03-27,-0.0005299664207356826,0.006486148373603237,-0.0024905898866910635,-0.004493237009179072,-0.0020811944442091163,-0.005711736531954502,0.0011283301229048804
2013-03-28,-0.0012780357048654501,0.012966632972381468,-0.010480256367307256,-0.008129648819572373,-0.004786594536299921,0.0055553292848769574,-0.0105381102960137
2013-03-29,0.0025992064076416233,0.01232236223323387,0.001012203533755894,-0.02016746737409927,-0.005445803296905246,0.0045143863942286805,-0.014247555897741777
2013-04-01,0.0019181113445646306,0.001862310637588596,0.0047823055948880994,0.007729625812138812,-0.0048199551674036984,-0.0036441365584574973,0.011548720761776564
2013-04-02,-0.002167386309052926,-0.03396123032953922,0.0022187781389745036,-0.021048458616113565,0.0014907038853141659,0.004739555726086695,-0.007092983384465636
2013-04-03,0.00433307577370757,0.0034170650320325528,0.017602599305156424,-0.01409727024670672,0.0031035363419196675,0.004720673136449829,-0.0024082831137576485
2013-04-04,0.004958890389325632,-0.003251831789328681,0.021805974821503024,0.034632570167245205,0.0023751084989134695,0.0027489437015439356,0.016202876181560178
2013-04-05,-0.004398804435813766,-0.017902827793507495,0.009193187867648545,0.0054405427793678485,-0.002501602139462395,-0.0007938845507099197,-0.025766794952040775
2013-04-08,-0.00041225163985321385,-0.009477336100853108,0.008092341335344,0.01573560169724213,0.0027015883386849356,0.0013245502636179908,-0.01706540536170057
2013-04-09,0.0027125797030144606,0.008330480632090754,0.014253505870600343,0.03637329873641067,-0.009303031067847418,-0.0017019641190229257,-0.0006378466375393111
2013-04-10,0.0010400309098767824,0.00026951479125542814,-0.001668523488982563,0.01500850457863597,-0.00690538202359983,-0.004695955817879947,-0.008406652339971177
2013-04-11,-0.0010913148537917527,-0.015424873162046906,-0.0022509861659183337,-0.005535988439677859,-0.005487645526688679,0.0025059635453227994,-0.0030979907528685007
2013-04-12,0.004600602739198509,-0.0006013583890166543,0.0014552634730956972,-0.011161285317299452,0.0014267103870996172,0.0037489595306876146,-0.008034077596540588
2013-04-15,0.0022236543302780634,-0.008659483972895338,0.007270022239707878,-0.00977131830178804,0.005907557421047732,0.0011933882654707579,0.01496570080355667
2013-04-16,-0.004466285330840873,-0.019541026549040906,-0.009575169548249392,-0.0245754905848192,-0.009374103225331026,0.0010313158734991828,-0.0027309658111214653
2013-04-17,-0.0017687299028198752,-0.005404439035167834,-0.006972905984773895,0.02439687064413663,-0.006473270665020704,-0.00679085225682836,0.012794686916302837
2013-04-18,-0.0007130251903323614,0.023850135381603868,-0.00275252636766493,0.01813527298478487,0.006830578330903549,-0.0012430476476118675,-0.004562029444311904
2013-04-19,0.003115475390790775,0.00820510956495868,-0.011873944137488936,-0.020016335607955342,-0.01349792787710698,0.0022446620674670833,-0.003323200401867572
2013-04-22,-0.0004986037107782232,-0.020309563539932955,-0.013088536237942287,-0.013795974079884239,-0.0055503335022018445,-0.000859087163164211,0.0021924241071022924
2013-04-23,0.009228478647253575,0.0038978030693246485,0.014412218776562912,-0.013502603199966276,-0.00610583823188744,0.0004932797692733205,-0.01684009859480433
2013-04-24,0.00020869285209071582,-0.009183081104062686,-0.020041009260557647,0.020706385135361903,-0.006172397395078294,-0.008500956089790741,0.010419149453133136
2013-04-25,-0.0027644665578224416,0.011672486469139022,-0.0067760749645534284,-0.0055847558532885425,0.0022792749515625796,0.0026069295372263515,0.00912012181536759
2013-04-26,-0.00020896567667979743,0.0061601005364175,0.00795603895388742,0.00686385257071636,3.522535827139186e-05,-0.005013559130713752,0.01197733732680273
2013-04-29,0.000318695323735019,-0.004781324089482255,0.012155043419410507,-0.019887394272230775,0.011374974092530857,0.001727499780287913,0.0015481652176115722
2013-04-30,-0.001430181396164799,-0.020439625360706645,-0.004010919277188222,0.001498437326902117,0.002101873933423943,-0.0017221069960112116,-0.028083350243874653
2013-05-01,-0.006016664649067198,0.021620665453412,-0.010275694117656324,0.0279830728250875,-0.006858218190563305,-0.001964215447551544,0.014711864885324845
2013-05-02,-0.0031307880387380573,0.017464072379492088,0.001665338708973463,0.013342941291742393,-0.0011757465808748997,0.0027124886592084546,0.022808241301429853
2013-05-03,-0.0003751453915645136,0.02033540859008258,-0.0038614131776146692,0.01570410201394693,0.0032365251842626113,-0.003655338248405692,0.00692561249377011
2013-05-06,0.00017946384347557038,-0.010059215562845534,0.0025200631360642474,0.0012686314792824276,-0.0007624107701121739,-0.0004964195747106988,-0.0013663405858110576
2013-05-07,-0.0013208030812233938,0.0010471675978714593,-0.006583124292432878,0.041133542124610414,-0.010665865008210694,-0.004376284306548679,-0.00012097934787858527
2013-05-08,0.008311999163425975,-0.011939513727773998,0.005633357619001899,-0.001487618164681345,0.0030272377035653044,0.005618959983778481,0.008208060170709186
2013-05-09,-0.0016538329430319933,0.00154014925719405,-0.018598905817264515,-0.0011382151384114877,-0.006015271433323338,-0.0019107641088319002,-0.019767071035362207
2013-05-10,0.0017694942077719777,-0.019349725299416858,-2.7028500305181777e-05,-0.023414305278530927,-0.004655295652567903,0.004350616766306625,0.0018343632884565105
2013-05-13,0.004746826915698946,0.020623531582127767,-0.003740465169761406,0.02422801591053103,-0.007733323798508279,0.002895771941217369,-0.0020886944509113338
2013-05-14,-0.0035712121992908783,0.005665681128253301,0.008759763061474059,0.01999588631680666,0.0010071332502034301,0.0004422929357346313,0.01099318682185185
2013-05-15,0.001365060099113775,0.00701954762445335,0.003253457023876046,0.014966048921096028,-0.009056307329769744,-0.0007916232385590802,-0.010980771700131895
2013-05-16,0.0012568115291893543,0.020028310864538115,-0.0020146986099835226,0.00525606884699044,0.005662696308602664,-0.0068228458560630634,-0.001731187349589391
2013-05-17,0.0016080671935300222,-0.033664505956946464,-0.012664236117060749,0.006927306405219946,0.002575145385777847,-0.0003558439537321917,0.0019059605763184562
2013-05-20,0.0010104196264845836,0.007026523237886075,-0.0019552764939328444,0.002646861589795594,-0.0031619585738601394,0.004999290699303105,0.017499270587211877
2013-05-21,0.00566966845167135,-0.0023080638023529982,-0.007705706518379118,0.014735525167588642,0.0026371266869701557,0.0011264273160700295,-0.01072652988611717
2013-05-22,0.0018526605713364036,-0.012059803672412557,0.005554262147157839,0.019754275614400026,0.008551371640092247,0.0027019351733080445,-0.01857351044435466
2013-05-23,0.0009393229904068689,0.025790884501107683,-0.005359170016965614,0.0028950310396210896,0.009656392417216947,0.0038531634389979666,0.028474389315057917
2013-05-24,-0.0027814866937673297,-0.013011858009024827,0.009723687490051307,-0.016711759879678455,-0.0006439215036750984,3.120120589761885e-05,0.012303643533309391
2013-05-27,0.00260707955043859,0.006578405366052177,-0.0023339628905662125,0.018600273114668563,0.02320726054066323,0.003972022249145449,-0.004065307427371208
2013-05-28,-0.00504146810723043,-0.009849377062812768,-0.00476375234830919,-0.007972349723298569,-0.0013124556275871944,0.006040970206138261,0.011734890736129957
2013-05-29,-0.00048533285127887074,-0.014571217655566704,0.011412978485760745,-0.00015146131695038324,-0.009953413040922694,0.0022053954164302516,0.01367539129247327
2013-05-30,-0.009553663943546354,-0.0140993331997815,-0.005684904258103171,0.013269579987235963,-0.006262885858323972,-0.005539763456503891,0.012369403668808353
2013-05-31,-0.0017232953472771557,0.005638087218422076,-0.010798974738523662,-0.020942627762074457,0.004828026399548189,0.0015500409613508337,0.007759196785247236
2013-06-03,-0.0019803786610878764,-0.010341982176452075,0.011614064503147472,-0.021268362271071733,0.00841729507532783,0.006303457131335871,0.00655870586914837
2013-06-04,-0.002601238665622321,-0.010875481999410986,-0.004043741040219366,-0.021218876940784746,-0.005797813960959267,0.002021820397964095,0.005704325661580459
2013-06-05,-0.004048312425804657,0.0061824421161072625,0.003850826894207268,0.028429895568044143,0.0022138868031137383,0.0035634175038143233,0.008833728262712226
2013-06-06,0.004069728687883484,-0.013456796142582893,-0.001283354025097701,-0.005444825132644038,-0.0013988005942866697,0.001653384609864022,0.003416239949909661
2013-06-07,0.0017190332114903953,-0.0013432436151219705,-0.006751722895164105,0.014653627596714984,0.0010872363755373667,-0.004405101252858381,-0.0018942670431318393
2013-06-10,-0.006823220502041367,-0.0026682842614244658,-0.004413927486054029,-0.006045769402938179,0.008119701049403162,-0.004594939498956884,0.008917885747864628
2013-06-11,0.008896859977536796,0.016767024141549243,0.004460131515770464,-0.017845158266949716,-0.004065907812998841,0.0005233739220901735,-0.006845118998793308
2013-06-12,-0.0027281966301548376,-0.005116640569736772,-0.002402395005500886,0.00802027864623594,-0.00832862603795315,-0.0037973352783010734,0.0017241475111810743
2013-06-13,-0.000631943217254176,0.021485893899510566,0.004451583433888601,-0.01883026539244618,0.005233404611650468,0.004135091219018283,0.00020988364740750126
2013-06-14,-0.004703601865071536,0.01872387042427911,-0.009940348587004405,0.014834438920189808,0.0003778636890502781,0.0018784277930355042,0.022715284854648618
2013-06-17,0.0023965625090390727,-0.0055671779979012915,0.011063387098999383,-0.009143966148338586,0.0024316461198001247,-0.003908913335212719,-0.010560574207249034
2013-06-18,0.00035554732407712224,0.004509563675092475,-0.016035754617778994,0.005080955453641917,-0.005769263454688958,0.003982222933201152,-0.00586706717379313
2013-06-19,-0.004344503123456366,-0.0010731505214343834,-0.010468974268468214,0.019996640721510632,-0.0023574533760982322,-0.002136942169839141,0.008671917750620031
2013-06-20,-0.003869802318624534,-0.01705372426972417,0.0009329282036816249,-0.017493366089836114,-0.006979192677924363,0.002460001715931395,0.00497120556429326
2013-06-21,-0.004865333842656436,-0.009552462889516495,-0.011437910136788663,0.026252330494641592,0.0018546795032748642,-0.003553251386852906,0.00693849667823939
2013-06-24,-0.005274761696024153,-0.0103715608796583,-0.0017737997488223019,0.008087334798895706,-0.002398695895484668,-0.00028188012182874634,0.002088508693614963
2013-06-25,-0.0005043116528035999,-0.003757979903988256,-0.004705691394873213,0.0025220059364411663,0.0017173538176118402,0.0004810573267149064,-0.014777869922267406
2013-06-26,-0.003645723891151379,0.002734363778697149,0.013791939470423207,0.008325195823897048,-0.0018422449526404171,0.0011179750331444353,-0.00805754476667326
2013-06-27,0.005585788987909745,0.004369887477422394,-0.004008249372796227,-0.005902301479922783,-0.0018076678175586974,0.005729862324833679,-0.005903721890202916
2013-06-28,0.0009714649265311634,0.0068864841398635105,-0.0059383708707102315,0.0024046539079624596,0.0017731863402411757,-0.005728997520789989,0.004255248452068409
2013-07-01,0.00016695116820252535,0.0012595794357905723,0.0007982172615001526,0.0043756396815421116,0.007882575632316341,-0.003958704979145731,-0.003698630003594977
2013-07-02,0.0030164828485711877,0.0067057282699057585,0.006473400159696459,0.043875013497594435,0.002994623148708195,0.004217086656998773,-0.001829865336871906
2013-07-03,-0.003621661906974409,-0.005716373170279979,0.005434214274079399,0.008580100191773764,0.0016223540496047263,-0.0011298074049123446,-0.002390281777071482
2013-07-04,-0.00036943122538515204,0.008071606433487099,0.00925563972568576,-0.01157422104612273,0.00640110666945797,-0.000887224431748173,0.007044432704948831
2013-07-05,-0.000417865369417984,0.01803134922682768,-0.00201685564467921,0.006130822554629455,0.004382653585850151,-0.0025430309552161193,0.002166960308194296
2013-07-08,-0.0007163428707984,-0.006775856247954586,-0.005022826732448612,0.015131603695102885,-0.004999564777066222,0.000987073401021136,0.0033737457024869293
2013-07-09,-0.005237937925324865,0.003444992924619515,-0.014931770748426956,0.009908183139985725,-0.0049808548050925055,-0.0014687702249814515,-0.013267413617955475
2013-07-10,0.0008395308241959188,0.011017846965836972,-0.0061812387328596,-0.009182869209570347,0.0036253458684389174,0.0026939981495875194,-0.02955253177471115
2013-07-11,0.008411650647671276,0.009698603928844755,0.010886194372869671,-0.0025586996848162673,-0.007691768786302813,0.004035252117350283,-0.005147493481912122
2013-07-12,0.002525733575868913,-0.0018168337695868078,0.0032170885185157485,-0.01307388384170018,0.0063286726753058326,-0.0033630657777636084,0.02433795437692876
2013-07-15,0.009301822514262275,0.02319902983160607,0.018315184325182882,0.0023039515559415665,0.011214438154689286,0.003031206151106281,-0.01662110495017735
2013-07-16,0.006362824446111067,0.015898395080585926,0.0037533187786338803,-0.018627399055679172,-7.6089788665024884e-06,-0.004912414130155002,0.01284600144442127
2013-07-17,-0.0060632559087874915,0.00031708230850189406,-0.009955281983409218,-0.020935056589660835,0.0009232949823173599,-0.0014745932972005705,0.008990267746618881
2013-07-18,-0.004720436919955929,-0.011466642811929066,-0.02593265507490539,-0.03963360878925928,0.008981702462846283,0.007702840217121661,-0.010803883209727756
2013-07-19,-0.0029453253614695296,-0.005223755937298995,0.007292508342878616,-0.00556552502270027,0.001638559010332815,0.00023971465758998315,-0.005567136101124383
2013-07-22,-0.0017547775613665322,0.002332884363888664,-0.009636872000757983,0.006197518564695858,-0.0037350359806457203,-0.0003059032779378401,0.016222254318760104
2013-07-23,-0.00032277028330509006,0.01041003197582881,-0.016282340533039123,-0.008920987955704852,0.0001127105949038799,0.007409240149536477,-0.026610494109198125
2013-07-24,-3.4840650192501956e-05,0.016909324592675568,-0.005610865994706736,-0.0012478131143544083,0.002841388781709818,0.0014689698333830116,0.01852281772280726
2013-07-25,0.0021439008462067937,0.016360262686838527,-0.0007939533463890392,-0.009657121913169493,0.0006930343231738067,-0.0031682736703493902,0.00786392614315085
2013-07-26,-0.0011935172744898554,-0.008864841174327901,0.0037929012862350574,-0.01790740527957368,0.005055117172091219,-0.0011501966647642012,0.011400939811418473
2013-07-29,-0.001220955222130326,0.006590200632474723,0.0023359431026496458,0.014130510994514216,0.0005777999639857373,-0.006367113114156839,0.01627304590572046
2013-07-30,-7.327858664471997e-07,0.009009177111721488,0.008002701953140342,-0.008285470979991825,-0.003459640538343781,0.0034696176205812074,-0.00110092608347104
2013-07-31,0.0040957288232136915,-0.0006286507890400414,0.011556706324790672,0.006841708222567684,0.002995170580669183,-0.0004227782264851266,0.0034245344199995502
2013-08-01,0.0051214257704464755,0.0013039031250017376,0.00727614267549054,-0.00023991187704798373,0.0023285358458503347,0.007776118162121774,0.010729784805106236
2013-08-02,0.0006676162533290125,0.0024872605515441014,-0.006134352755211186,-0.004032406220492774,0.0019349217385978836,0.0035055814460064304,0.005868104721020446
2013-08-05,-0.0040870500893345745,0.009394494627683226,-0.0009241701695776017,-0.011291022832556466,0.008439631157426361,0.006581782348179319,0.0012397241944612186
2013-08-06,0.0031851832675271197,0.010181023815762627,0.016084801462732154,0.015332549256366804,-0.0058158115740388205,0.008563043524267865,0.015329454777104717
2013-08-07,-0.0016881031901336725,-0.013332856611560301,0.0032063042944446957,-0.005220033956977582,0.001460636916612579,0.0027044674498560564,-0.008848863224862431
2013-08-08,-0.004114445922065459,0.002368453643750351,-0.006055090343809588,0.003684022568845099,-0.00871017167401427,-0.0020124255230601277,0.011588569576371338
2013-08-09,0.002773737604731698,-0.008462590723721361,-0.011209559660013146,-0.00571592904194275,0.0026302150920346273,0.0013694523402431966,-0.011583603347487693
2013-08-12,0.0015413014927461277,0.01816038373232855,0.0047450703349556055,-0.02147857452134364,0.004240151039402204,0.010006732552453977,-0.016506847533143923
2013-08-13,0.0004688990188737807,-0.0028317930011726227,0.001042589878069078,0.002437141174968054,0.006621898330978425,0.0007591864205041316,0.012716082313769767
2013-08-14,-0.00012062410583936684,-0.00456588520256124,-0.0068376163184250315,-0.030662428376003515,0.0023999626328720745,0.00856294924748211,-0.0016173087161699261
2013-08-15,0.0028969980009752316,-0.0036141601652886378,-0.001797577708020356,0.012956328082730508,0.011198029419200596,0.0061344645630490805,0.00397051238130663
2013-08-16,0.0002906027569435917,0.0026014257532450185,-0.00696300362367841,-0.02328437095027128,-0.0055616478338130345,0.00047227246382972743,-0.0040146884678930374
2013-08-19,-0.0057277851868713465,-0.00303780021864602,-0.005273669353326407,-0.01624521932784066,-0.002638696037710491,-0.001669973043606739,-0.005918711607713415
2013-08-20,0.003856692242462719,-0.02085847408898834,-0.02042956271281639,-0.010713416461773187,-0.0012516973333482869,0.0004018380721712953,-0.014813162226560523
2013-08-21,-0.0035217066943989623,-0.0016890580182880902,-0.005614842248423903,0.02493537771611898,-0.004010433245042613,-0.0017163065418618877,0.03126687419317808
2013-08-22,-0.0006290433414217777,0.0062978095607204914,0.00686045996280439,0.015110574534331343,0.001993588365189235,0.0010751401633294331,0.004205207692726142
2013-08-23,-0.002153982808847621,0.0028752464497937857,0.019541398356272482,0.02577976194571083,0.0021287908560704786,0.003660858070396423,-0.004774509378758409
2013-08-26,-0.0008920518731957143,0.010826594805899654,0.015509381314174526,-0.005082115950426464,-0.0005260152666122743,0.00976335465547561,0.003365777777276464
2013-08-27,0.00744347068279056,0.005786245537575518,0.005514953692141453,-0.0060792581897474995,0.007840332924795955,0.007150125498206108,-0.016137851641506613
2013-08-28,-0.0012598066145067658,0.010272299500678398,-0.0005184845868193534,-0.004502652697056318,0.006706186390397617,0.005179821969169639,-0.006058261095229753
2013-08-29,0.0009994687665292345,-0.013905372864808703,-0.009917752896963124,-0.003286950788442068,-0.0010842492158304776,-0.004532629771229281,-0.010713229776666675
2013-08-30,-0.00411019079285606,0.003531864129144233,-0.020198309056770426,-0.016937111854241897,-0.01178232819282323,0.0003380223977061464,-0.02056620180065535
2013-09-02,0.00027691719075652305,0.019558813914351464,0.018665580744170882,-0.01932890807255824,0.005716241315845217,-0.0010243193976919676,-0.008243247138089082
2013-09-03,-0.00030388123593250973,0.014418492145267863,0.007391886031722733,-0.0057822506155666585,0.006063502521475442,-0.007051375503876004,-0.0034960045506150497
2013-09-04,-0.0031455764774332194,-0.0005037848951285263,-0.0030230328368038516,-0.000693080027147698,-0.0015428662743926058,-0.00030704022551696373,0.007418427882304428
2013-09-05,0.0007473259710444409,-0.0030548223444574582,0.003895396010390559,0.013212899590219445,-0.003482661099837558,-0.000572002165204046,0.015411055998947822
2013-09-06,-0.004261056493556354,0.01947645160474215,-0.012353741858407964,-0.001462420132049298,-0.005565743407097984,0.008072062616378184,-0.0046122949868534656
2013-09-09,-0.0018533708866188053,-0.005250162192908018,-0.00019223666314265963,-0.004611679256153701,-0.0010124045086861433,-0.013762379389848554,0.005361665313473945
2013-09-10,0.000221226708529,0.012403878200606797,0.014297979683250289,0.0033474720236158243,0.006758779336748814,-0.0025861225645126915,0.013585320531581744
2013-09-11,-0.0021399103524746155,-0.015035984786313256,-0.004105701238491366,0.01950124017512199,-0.001395672740423608,0.004208457965747355,-0.010743352656965728
2013-09-12,0.0043414175163103,-0.005801255167732932,0.0030395138624494363,0.0009223476738351787,0.004437973198284112,0.0016134364632769565,-0.011206617051851832
2013-09-13,0.003671238812189963,0.022179331847750512,-0.0020690897549388515,-0.02618197419396751,0.006205488492000475,0.0011245178025323552,-0.002043697128188346
2013-09-16,0.0023747179751351316,-0.004363631133276418,-0.002289690554743626,-0.0038418861018577836,0.008734512763861097,0.0007823403372500303,-0.017962038003660207
2013-09-17,-0.004633528873022118,-0.00045071774734897427,-0.012585368754713333,-0.024154554693511424,0.003315715177642381,0.002625170648998413,-0.007576940382936941
2013-09-18,0.0013246408353422396,0.002810504849026745,0.006688244079019044,0.011278136109643263,-0.01455537825640487,-0.001431348578678652,0.011988436196673136
2013-09-19,-0.001491831494855429,-0.0002593028618551733,0.0068896660110330755,0.004217324133443941,0.009020813532881523,0.0050581915141490776,-0.0024917956219853753
2013-09-20,-0.0006421871584723805,-0.034123402783227154,-0.007073327012270202,-0.028609504816278854,-0.00011348887435854297,-0.0002467762796840598,0.0002927193773768348
2013-09-23,0.0057366993461463855,0.0022523322530609664,0.024514677815117198,0.0070930679348046284,-0.004801971841293673,-0.0007289222297241454,0.0011990163857297249
2013-09-24,0.002518516006191339,-0.010122571799426126,-0.0031542564177284953,-0.006223704724027845,-0.002695296917458648,0.002922564471894307,0.004012396513330011
2013-09-25,0.004816283122482239,-0.001777546929568782,0.013210615654033342,-0.020651436806783913,-0.005213639330490785,-0.0032350109328466397,0.0024790891896495477
2013-09-26,0.0049595274960139955,-0.004929682522577066,-0.0035456956327409414,-0.007550310853303983,0.003955213696033996,-0.0011978704869036875,-0.009613873003583226
2013-09-27,-0.005231597870845276,-0.009154738682986607,0.008886579282284524,0.00524458087222708,-0.005028882036279873,0.004028060325727725,-0.004192271166561555
2013-09-30,0.005829840067346872,0.0192586379354214,0.00458905449410782,-0.02119814398397516,0.016984530989390016,0.0047693126914089305,-0.007434383240135509
2013-10-01,0.003974523610680483,0.010103311598848967,0.015290214546364717,-0.006413062539623393,0.0048225605486182785,-0.002448160784675827,0.010896475558458156
2013-10-02,5.821823467457814e-05,0.003342658877816249,-0.0010066095567559392,-0.003000657974428593,-0.004560528512484798,0.003077944050775028,0.017681664401194754
2013-10-03,-0.002076680393983955,0.005615335840626439,0.004215278351540033,0.003956543749088373,-0.008448128303017974,-0.005242284139216137,-0.002225852062680868
2013-10-04,-0.008406045631804991,0.01290501385132661,0.0023116616804553423,0.008028313949414122,-0.013069869958484099,-0.007995144911759738,0.011708061342735184
2013-10-07,0.00803198449302199,-0.004692009483960586,0.010622054884666325,-0.00999273848578462,0.002684402157402735,0.0062874564756769235,-0.007953841061693835
2013-10-08,-0.002610428258506405,0.015632140223491596,0.0013401533630326191,0.02238132486517841,-0.004112943393546074,0.0051023318334711834,0.007667898223540983
2013-10-09,0.00188915593969547,0.0023942966321084834,-0.004032941129253652,-0.0011040806598788008,-0.0022322241229557655,0.003781600952085203,-0.0036718636012081154
2013-10-10,-0.005836047617486717,-0.022568785854103546,-0.021236508072483663,0.0039061572083312337,-0.010778521653680217,-0.00195588234716752,-0.0007334561670645798
2013-10-11,-0.00010883518849528104,0.0051348681402598635,0.002120055722229735,-0.039956182337978964,0.0007569751731319832,0.003299629070292177,0.017253218973613562
2013-10-14,0.0068958515470172585,-0.013087126574062063,-0.00255637620260908,-0.031011085943915738,0.01040181448489859,0.00549770431620843,-0.0061008129020495815
2013-10-15,0.000814381521223362,0.01672910443837436,0.014003486855548718,0.02467883441954674,0.003983335187149135,-0.0002761677934603137,0.014973633267092374
2013-10-16,0.0034141778215283354,-0.0007428972863583767,-0.002364868196372751,0.01540007785966929,0.009304812373997324,-0.0025202763210774907,-0.004668696975014536
2013-10-17,0.0015537366924753932,0.0064548034103686595,-0.003866532796659512,0.02919399999668249,0.0015287135751795525,0.0015965821444918315,0.021001680304507667
2013-10-18,-0.0016462521142399048,-0.0018074851423975126,-0.012973198572630395,-0.004677454228955351,-0.009636267420848055,0.0017163602336959665,0.004280025082100476
2013-10-21,-0.0009582806915150871,-0.0016401738669150638,0.007019091063224719,-0.015217455544936089,0.0024170600451681452,0.0036030476843329448,-0.020948654831535764
2013-10-22,0.0028897605845197706,-0.018578589305835173,-0.002184160897501505,-0.0234455365912113,0.0085973637101674,-0.0037401202713605182,-0.024665910069835536
2013-10-23,0.0006834102332844278,-0.004618237109269216,-0.014982224203427647,0.003768179546502388,-0.012976932637782587,-0.00560342186745938,-0.005152570670504923
2013-10-24,0.0033588995963847942,0.016863739561554184,0.013783868536990374,0.002829666424065359,-0.01129034138052835,0.0025453101448149377,0.023468978778649136
2013-10-25,0.005085177053610272,0.007763352577372705,-0.009112288422399853,-0.011225621409644731,0.012442649086223997,-0.003945202747432199,-0.016834620568507774
2013-10-28,0.003920217986537117,-0.0033687879867947586,-0.010626234074065892,0.0187349545895278,0.0013999482660797887,-0.0021391327850017214,-0.015207776089746848
2013-10-29,0.008339651847981812,0.0034452181249714025,0.01683673760452516,0.01424920798687346,-0.0007456197853439911,-0.0006155930993758901,0.019255158107317025
2013-10-30,0.006000087611918003,-0.01958565304971245,0.005262481289532579,-0.0074953098126512045,-0.00547598312225232,0.0010154431462500624,-0.018615773218133073
2013-10-31,-0.0017158272492672224,-0.010262898640553521,-0.0065285400893741975,-0.003215482239681893,-0.00702488775960116,0.004964860807244592,0.003454585761505554
2013-11-01,0.007328274545531023,0.0013809766601865993,-0.0027940609635312545,0.023154100916527566,-0.0033883111800438706,-0.0008888205990658215,0.008192129146910776
2013-11-04,-0.004800918704737542,0.006261069244187719,0.004878898481120716,0.025393908217379697,0.004201303696048575,0.004686713125759968,0.0016211365183356793
2013-11-05,-0.0031006920581903765,0.02328056535653769,-0.013188265456825185,-0.01884845990319591,0.004429672560706588,0.007246791804253252,0.00020710851737688944
2013-11-06,0.0043472272900855514,-0.02207993558088626,-0.005621559084910646,-0.03732894547890722,0.005213279446863518,-0.005191259852786967,-0.02200555661097568
2013-11-07,0.0024061072451506335,0.013322978271693658,0.0009320856793221214,0.010338814680195091,0.004107270479849952,4.881387977288086e-05,-0.011215052947889562
2013-11-08,0.0024095726886701227,0.008340713950921131,0.010501563170869702,0.008119828838542426,-0.0052364495890252615,0.0032998416428701924,0.003596278877890464
2013-11-11,-0.0017809558115019976,-0.004314554093722938,-0.0077702414768810015,0.01261267573458461,-0.009841807270303869,-0.00536828197210942,-0.00036631430227227775
2013-11-12,0.006605023564810082,0.015462976777674409,-0.012203970045470094,0.017811377040671705,0.00812202667812285,-0.003833785516790021,-0.029995240075177607
2013-11-13,-0.00013888739215783854,0.013236710723649072,0.017037324825543706,-0.006224698566296258,0.01287443604270223,-0.006137310766526902,0.0007423759435639702
2013-11-14,-0.0015188478919882051,0.012970622741727918,0.013686711343290095,0.022043214477495635,-0.006972160398846057,0.0034465522466925543,0.013154394713875974
2013-11-15,-0.006534958431515537,-0.02748175449732792,0.00510234061320159,-0.0027593758263169737,-0.00952614697906604,-0.0026052293454280925,0.006088728388901972
2013-11-18,-0.00018140554230765334,-0.018512263146390224,0.016457281017444415,0.016438281598776628,-0.002523034526488241,-0.0016159664575676404,0.0067771698645934
2013-11-19,-0.0043684997032067095,0.0018449975680919519,-0.014222679244164963,-0.0010920653596599725,-0.008205114493710733,-0.0056352998495749545,0.02182965523751395
2013-11-20,0.00038690431746073823,0.0026173259804534777,-0.019260044103177762,-0.013066050782826792,0.0021548439568075633,0.0005789818139272857,-0.02896692995566491
2013-11-21,0.0009785542558482373,0.004771787614747638,0.013467367038224433,-0.006064393213135355,-0.010966699778899887,-0.00322895793368176,-0.005775949463330915
2013-11-22,0.0030968447199664797,-0.030855934990559906,-0.0066933898911789086,0.01309328170750382,-0.0026071028668789072,0.0017043017629043654,-0.0250253548912731
2013-11-25,-0.006257978077662916,0.014218213073553162,0.0005426322297284851,0.008690619331753633,-0.00663637520397049,-7.855501675410511e-05,-0.006187926242313887
2013-11-26,0.00489749663148003,0.03454999024527927,0.010141871208236898,-0.00288520550798592,-0.0105051084452761,-0.004539560487719341,0.027985526890873764
2013-11-27,-0.003966780237962232,-0.00620221246318547,0.0045017597094076395,0.02564421367237271,-0.002873131648721682,-0.0027490863409831987,0.005314070617755249
2013-11-28,-0.002360559112017318,-0.00788767157842831,0.002455968102062106,0.003762050051655262,0.011656549418091135,0.0019717970335827854,0.010593368670872894
2013-11-29,-0.0041351540979363095,0.004352283273602391,-0.007916637654584772,0.008010023020764262,0.002818576736123571,-0.0003340064442821133,0.02841704727670943
2013-12-02,0.0058619369261530335,0.016587473220505765,0.011251968153705822,0.03046344005963436,-0.006771243445293581,0.005837637771603338,-0.006714096244749837
2013-12-03,-0.0021073635304948843,0.005694685781990066,0.012065979550103181,-0.012161753904862488,-0.001147158643192293,0.0014355288294551564,0.0015272350194245289
2013-12-04,0.0035661389203248345,0.04235191255243769,0.009922336252339691,-0.0021689715179816025,-0.0030583026467194212,0.0012961892903095276,-0.0023776946730438703
2013-12-05,0.00202020501226496,0.006254478824201363,-0.0031559148752868193,0.030627837679071398,-0.005135020419706629,-0.0012725747805708175,0.010633427770337902
2013-12-06,0.0037182307257480627,0.016813164463636347,0.007285924108019386,0.019746263585446698,-0.0023904997940132253,0.004300275085064081,0.013920667175268311
2013-12-09,0.006201565610068029,-0.017021532572766486,-0.008674850439943628,0.004223717569558028,-0.016349323312565993,0.0003508560032945577,0.00973186149746216
2013-12-10,-0.0019555081948810964,-0.006341348331776952,-0.011598454621432969,-0.010985707103400922,-0.003786569168234232,-0.0033828835961108093,-0.00963000043227
2013-12-11,-0.000734022527108092,-0.004046623792918443,0.017949397923392695,-0.0022004440348358835,0.0033524370640678845,-0.0011628108444014054,-0.003978291869697161
2013-12-12,-0.006467503455528922,-0.021910919002265963,-0.016064449389132363,-0.0015948833805644494,0.0027748171932878004,-0.00877955317273441,-0.008618914831769712
2013-12-13,-0.005117579923508564,-0.00579584167390339,0.008503985025297846,-0.0030842510944413164,-0.0003896271110375803,0.005538613231851188,0.005857551724973113
2013-12-16,-0.00269037692440056,0.00031724755350899536,-0.008697165832810366,0.006077693025615325,0.00179216463874269,-0.005845785385537825,0.0031690802230679876
2013-12-17,-0.00012029450164710733,0.006050550540644222,0.009025249188144464,0.010848799644788578,-0.000989909030301973,0.004031359130230941,-0.007615024545579622
2013-12-18,-0.004932104479977123,-0.04048657075730405,-0.006438940461776438,-0.019482728679632827,-0.0005290029764710347,-0.009302711440443052,-0.011413321321528263
2013-12-19,0.002231085501822579,-0.011571736954695676,0.0037390337415725626,-0.01133804148863735,0.00038819849689881476,0.0026970146636344523,0.007551382823437587
2013-12-20,0.0007199708014357637,-0.00969112526133429,-0.00505088308458323,0.006340367599216027,-0.007007845782091338,-0.001726756551380125,-0.004705098839263213
2013-12-23,-0.0002634484252961311,-0.01211041778351611,-0.019510105612153487,0.0016644372777146312,0.0032373534987970337,-0.008111123281091563,0.0009875594333995338
2013-12-24,0.004482745199145986,0.009069753060069696,-0.0015911172417856204,-0.01530939015103558,0.0025205908517954415,0.002368326710349676,-0.0008275817295422352
2013-12-25,-0.0005705407721496208,-0.013119077994418962,0.0025769808462439833,0.006144194562157029,0.00027175467808917674,-7.915856774920476e-05,0.018498109528684914
2013-12-26,-0.0023475229430161967,0.014129371431744692,-0.006379239996824725,0.020360977689032698,0.00641120649812187,-0.0011769164645056586,0.02132519898959841
2013-12-27,0.00202614940992378,-0.009513906221747966,-0.003995404309698182,0.01405962922144777,0.00415367392602333,-0.0045316881737908635,-0.0028342868522582237
2013-12-30,0.0009640944751393568,-0.00560600093696408,0.022862779780861084,0.007916872316115965,0.001034534680508024,0.005508113666714587,-0.0020540504833957683
2013-12-31,0.004179723035294748,-0.01792300840764296,-0.004986455442981988,0.00960255835839016,0.007784787803040021,-0.0032947878544451865,-0.015132375255894805
2014-01-01,0.0024197928145511327,-0.00632042142281044,-0.002485000596319245,0.010850006206115058,-0.00379253397148588,-0.008152285734715919,-0.012651059894493276
2014-01-02,0.00018982246732575055,-0.022040173918122144,-0.0052010065688762935,-0.02684090786462738,0.009104451367902508,0.008642361426476699,-0.022532875790379846
2014-01-03,0.0011770379296301575,-0.010882293338908106,-0.0037854270963906017,0.024737549079366858,-0.0046182741595885025,-0.0025154882618305427,-0.010118332134130336
2014-01-06,0.004734771838004287,-0.03660303521089286,-0.006729478636165556,-0.011846583282767317,-0.005408142831196975,0.002064536917121277,0.005222639819867752
2014-01-07,-0.005498175701984391,0.022345958694202812,-0.013269664409854475,0.024963816295789563,-0.0005501237384885129,-0.002811964559043886,0.0009840366375283543
2014-01-08,1.5948418449515954e-05,0.002462396079282083,-0.008701217240586992,-0.004725204545345947,-0.004599221889217246,-0.005005720459423869,-0.007761583700021962
2014-01-09,-0.004449912905442206,-0.0070047653435071095,0.002072507831885787,0.0040541272697796485,0.010457586489283136,-0.008464458412991335,0.007267636083289817
2014-01-10,0.00017568103435026483,0.009738862671611021,0.00818459105024746,0.001735213224651417,0.0024287949528756275,-0.001831001179920925,0.010817725039093404
2014-01-13,-0.007365527694404758,0.005884486672340882,-0.001943672049074104,-0.002082287940085675,-0.0019017117398493475,-0.001041212143917591,0.01897671177242876
2014-01-14,0.013084015071601686,0.020343107006448494,0.0009818100076145826,0.006983086088789437,0.007071022563284481,-0.0011961092968732516,-0.015496610077853268
2014-01-15,-0.00010312450667752983,0.00951892913144299,-0.014752899616262466,-0.01225403238059323,0.0035200612369601096,0.0005103765488887269,0.013799769463892874
2014-01-16,-0.005495487458370984,0.025416188820298037,-0.014059732026458077,-0.02610259966520593,0.0008897535453748351,-0.003543155065971805,0.0028993531573933673
2014-01-17,-0.00014490843740321363,-0.0024054196237639413,-0.008520709566019379,0.004786536983349228,-0.002777054966634352,0.0035316181319477702,-0.003917813926969494
2014-01-20,-0.0037086017495403024,-0.021709757956294116,-0.005210509149383307,-0.022612393301628772,-0.008963951530869563,0.0008273869612301147,-0.022673161437384362
2014-01-21,0.005798791165721296,0.004486853179127524,0.001994489251117773,-0.01754377253619218,0.0067601434953573,0.0018235415193358874,-0.011109695341275854
2014-01-22,0.001149301284411161,-0.019805282180164883,-0.017550501935533844,-0.026176589612917495,0.0008954586708156478,-0.0006132295478969872,0.0036733819096889625
2014-01-23,-0.00332997090852949,0.004962018912692666,-0.0014050986511712884,-0.012044911320375672,0.002739228685686726,0.00024854754634639364,-0.006744893040631373
2014-01-24,0.0005179968735641355,-0.0016611810804373944,-0.0012605549250126634,-0.0073258462559471485,-0.007161289505934281,0.0001426378757715373,-0.008610295445645339
2014-01-27,-0.003731328224667188,-0.004892306225404431,0.005704329697854839,0.005439292014685791,-0.0035742814277445883,-0.0026766280411907634,0.010865959537908965
2014-01-28,-0.009236973036939267,0.00494601632603687,-0.02058667185524389,-0.020539994843835882,-0.004462999325987125,0.007216794673486377,0.016633183371658627
2014-01-29,0.003175959854271691,0.005301777272983341,-0.016385263623932313,-0.0022569913864676984,-0.0034027076266224133,-0.0034422323185862936,0.00023375524925335736
2014-01-30,-0.0015344459266527115,0.009265580494439355,-0.01821262691605078,-0.0004448116403796944,-0.005964305866227145,-0.002422478611935898,0.004106199704572394
2014-01-31,-0.0041192454167667284,-0.0002626588394985767,-0.003195588485472393,-0.008672411768993905,-0.0029953599118689037,-0.0009007608831512519,-0.0074766299774733785
2014-02-03,0.00037837798998324854,-0.003487583359336277,-0.00599012911724904,0.022336331060360967,0.0008210600722458712,-0.002353869628864191,0.0016231162655440193
2014-02-04,-0.0037572933823256864,-0.007230232340154448,-0.004891009825761275,-0.019771399210052235,0.001963656988734594,-0.0019666758518733308,-0.005663440919579543
2014-02-05,-0.0019248865454805516,0.03388365960649179,-0.003182279146645893,-0.02499333230363544,-0.006114219649288544,0.004512728682238245,0.019551656331445424
2014-02-06,-0.00237719728794299,0.013746530917696788,0.008245992446862662,0.0031522260953430587,-0.00023508678959241773,0.0014896112533677257,0.014531550867312564
2014-02-07,0.0019391832285543989,-0.007514686131567403,-0.0016345134713690516,0.02774547310909721,-8.770458460604009e-05,0.002434059336477739,0.0047102195081298315
2014-02-10,0.0014434343929572717,0.001581671915996754,0.00969679538972517,0.012956788498367148,0.002170527911005334,-0.002117682534588524,0.007093524525897656
2014-02-11,-0.00011803258347023083,-0.0037278351061178633,0.025860400969180585,-0.017876246371451368,0.008422891716563236,-0.0010588799407084053,0.004107358729266878
2014-02-12,0.01062438218365456,-0.006994330776594078,-0.004133883591800608,-0.008796497452551436,-0.003568189067930126,0.004038969200667189,-0.01245922680539348
2014-02-13,0.002966046735705076,-0.014792601240860822,-0.018094386545831665,-0.012530606723601541,-0.010327011162464102,0.004512967657561039,-0.024219530667183773
2014-02-14,-0.00380075972174612,0.002839454159801326,-0.006420899220092598,-0.02232166083305631,0.012210423560833695,-0.002863828722461881,-0.004556515091568515
2014-02-17,-0.00048677269532653654,0.007850730782400358,0.005484384997394458,-0.009666579645280891,-0.00033270076368533763,8.618561219471868e-05,0.010757323182841052
2014-02-18,-0.004323302263435522,0.021640369118524905,-0.006241759686983704,0.005194354366921332,-0.006467556610559691,-0.005186496340217885,-0.002749728822222136
2014-02-19,-0.003532105002178285,-0.006861779857598136,-0.011236210457606853,0.008797982213371715,-0.006673236246911339,-0.005096046214841253,-0.0029825960736897645
2014-02-20,0.00432136792525177,0.004136446252283664,0.0011391593460434214,-0.023637019740236773,-0.004285712474658218,-0.0037168287821816846,0.015492883169407615
2014-02-21,0.002472259124555267,-0.009467459308586215,-0.005497493367525792,-0.017428630823125072,-0.004825031119458448,0.0017071588477838798,-0.007025004236957203
2014-02-24,0.008674696991746009,0.018380655561227227,0.017920246612345918,0.013344059017938024,0.0010198298148350207,0.004501247222227909,-0.0011999575732873603
2014-02-25,0.006871124581332242,0.007530954146975087,0.005888523091435311,0.0009074891930283564,0.012191564692338286,-0.0034830736212242085,0.019781158333296227
2014-02-26,-0.0003946175567355079,-0.017217960551666897,-0.009116048866693255,-0.030986625273182036,0.003527056845360136,-0.003911309765487426,-0.0035280781724382104
2014-02-27,0.004886882298354114,-0.006131383852790006,-0.0014433669064364144,-0.02461340952909504,-0.0006882757549010413,0.01084347808906725,0.0014316334482868296
2014-02-28,-0.000708924984699485,-0.00793372511318604,-0.0012538316050507313,0.0005585881591599693,-0.003016895994823618,0.0015369185950953215,-0.011927664508530316
2014-03-03,-0.003483562679764291,0.002466994224961724,-0.012065671449551367,0.010948333503440249,-0.0017569498544159564,-0.008118906567029838,0.0041421057843828235
2014-03-04,-0.006590607562655872,0.005242956783214762,-0.003971556048519599,0.033141324483381134,0.003827123465588267,-0.005281705956542342,-0.0177879836716705
2014-03-05,-0.002870414465916457,-0.01579847955091898,0.01528904430800523,0.002512820322617704,0.005208983759303747,-0.000891156422315479,-0.0009279239716167974
2014-03-06,1.949150212722273e-05,0.01311951629928039,0.004532713963551659,-0.012221595362460702,0.011421478614841293,0.0007936342513881129,-0.005064077819305162
2014-03-07,-0.011168056577757152,0.0024835734916699155,-0.0023359620800792597,0.008458439083615233,-0.004216504584788368,-0.0035849255319697075,0.0024152647625972335
2014-03-10,0.0020026492740109606,0.008466331710656324,-0.0006457244512910415,0.015600599931495316,-0.0002453601657706701,-0.0018049910353593632,0.0047991348324791265
2014-03-11,-0.005287562666279121,0.0003641372728297414,-0.016756049395611577,-0.016314095253336297,-0.01282040603133161,-0.0020909025875863923,0.020048514997591364
2014-03-12,-0.00031830810778171736,0.007474912157774957,0.023812672120416774,0.014135138418379477,-0.002571050046062951,-0.0014130343230811953,0.00827420273949941
2014-03-13,-0.002381586492214402,-0.007710483249328507,0.00808881091283273,0.018204273031748135,-0.010473450744909083,-0.004309272033346178,0.0009317283585667912
2014-03-14,0.0025463632732611336,0.014690076455867212,0.028958504537856283,0.0016449463712372818,0.0013837780315626162,0.004670668985563249,-0.001775943012834877
2014-03-17,-0.00041384920798258383,-0.005127841055919948,-0.026345175089640977,-0.004660020540195634,-0.003197252729874283,0.0034206730857583544,-0.006022571994394904
2014-03-18,-0.004869005597575661,-0.0052706846086599595,-0.022612590267103657,-0.021920443789331053,0.0020349834685794675,-0.001812955718732967,0.006337448800236949
2014-03-19,-0.007717593589626911,-0.0063670144757841385,-0.007824169527378787,0.016669366567908784,0.0010686142310202774,0.0008334897532703738,0.01839102114092251
2014-03-20,-0.0013223530382279417,0.015227160754935857,-0.008966147881828292,-0.014615231838368856,0.005356233633901392,-0.004848414768266111,0.007879883313112122
2014-03-21,0.0005552540412982471,0.012949078010381995,0.0010515276809660292,0.003880554360993061,0.0039673535848769835,-0.001677628116300295,-0.005555197432580744
2014-03-24,0.0020477236897324096,0.0005564928135166209,-0.0032187817800560744,-0.0026258781606124017,0.009607167049117977,-0.0008952236896312821,-0.008075969413687148
2014-03-25,-0.00647979824166944,-0.0037758752971800394,0.004173259372989325,0.016983768940353312,-0.0008835112977771307,0.0027399027643356063,0.010956612472085079
2014-03-26,0.004801814830625184,0.013481304164728359,0.01867832434804279,0.0017409600762861707,-0.004478878144678697,0.004274247353758566,0.013020511765832661
2014-03-27,0.00663000119843631,0.017827515363829895,0.02342762807103281,0.014934718337696943,0.004828056421802148,-0.0028812871661992954,0.009653658895923175
2014-03-28,-0.0018600203337664411,0.0013149019985470827,0.00032836914839028754,0.00874706689544319,-0.0009695375965707595,0.0033264127961343845,-0.03056825868871067
2014-03-31,0.0011099766755473565,0.014408611129849465,0.020516675484786247,0.018495406989337746,0.011822610606681671,0.0026309047573933827,0.0036762662347229053
2014-04-01,0.0024676691905962064,0.000715047450507739,-0.006528980081652181,-0.010833598813072744,-0.0058566050866005175,0.002078282089899437,-0.0016953449267777092
2014-04-02,-0.0010911489706018126,-0.007571783394439958,0.004029546979535806,0.012207523846324784,-0.007312516717113689,-0.00581332219208203,0.015065103445178928
2014-04-03,-0.005150550143093006,0.0038202814718335154,0.014842933438848707,0.03242697426285854,0.0035744516645371104,0.0025440902970883333,0.03113095910984073
2014-04-04,-0.008987611831475275,-0.00991088758374105,0.004566871677533006,-0.0009019517956269877,0.00580359515534362,-0.00061536410131365,0.0027252243083816436
2014-04-07,-0.000748702090411689,-0.006893606715483942,-0.006098827629272845,0.001821082005327053,-0.005465786685141882,0.0027840174225630724,0.005858599631840374
2014-04-08,0.0047476795065634,-0.011614882736307548,-0.016115682381348674,-0.00896853065261164,0.016006670631379713,0.005365744643135242,-0.018618012607128646
2014-04-09,0.002048053844118753,0.009196382982282989,-0.011488434507774845,0.019163537251205166,-0.0017461646241991515,-0.0008899374338430965,0.0005996648338146591
2014-04-10,0.004928174863960966,-0.007099494311258988,-0.015639476239233386,-0.002983552374778032,-0.01254608864192135,-0.0022913808934399405,0.011153001206758741
2014-04-11,0.0026663828526974362,0.013209125199972006,0.008643784393284781,0.040564481034973975,-0.003243745789000653,0.0014740134586528459,0.00038833310148694264
2014-04-14,0.00417721703965667,0.0007916979794494156,0.018554598020958407,-0.006057381222036056,0.010784631964229383,0.00454889218866401,-0.0020151538001007313
2014-04-15,0.002519776131958326,0.003876095777471908,0.004989795813372349,-0.00269699454805385,-0.002724420446548306,-0.00060090326884947,-0.017682583144541117
2014-04-16,0.0037178038544682145,-0.013338775871365945,-0.0021134019076607213,0.004751749727360331,0.004273002372235715,-0.0069006495208573885,-0.0032030727152822696
2014-04-17,0.002188984544595052,0.0012446693225039867,0.014281856329098156,-0.01035222377065886,-0.009626895967884748,0.003948930881192851,-0.003442305716577863
2014-04-18,-0.006684184372067115,-0.005245991757421149,0.009570204066973783,-0.014481580483162615,0.013872443993166719,-0.0021685217994555166,0.0012623018500649288
2014-04-21,-0.004526544910521845,-0.0019007564548024832,-0.0027360823703946693,-0.02151630341443244,0.016596420896972452,-0.0007600442833885232,-0.00939256710923622
2014-04-22,0.004226155630344183,0.02306900909677631,0.015184982645836072,-0.012858558765033085,0.0054439275512112445,-0.004327635595970996,0.015394528901953844
2014-04-23,-0.006190772993941642,-0.012672700335741438,-0.003169958410309807,0.007219938302085403,-0.0036955554351009385,0.004331923430482443,0.007453748760750955
2014-04-24,0.0029289070753036675,-0.013625402772480451,0.01638954523503807,-0.012946925985230623,0.01170809909223385,0.009497847955536123,-0.00035283117888650284
2014-04-25,0.004478065290861247,-0.03491887303556623,-0.003989183604146347,0.006614081145022393,0.003176969316515339,-0.005796511922256746,-0.009709892612650688
2014-04-28,-0.009795493725323862,0.00013440130418700523,-0.0213830848831825,0.01814371149325181,0.0029987831261109937,-0.003957621865184204,0.006656386385126713
2014-04-29,-0.0005183976099718444,0.0022792820553168766,-0.010909581197927011,0.007816689495990757,-0.010517021406832205,-0.00823692434706161,0.002519422570450633
2014-04-30,-0.0004949757589819872,0.0026504155592613266,-0.005982438956250438,0.02865719713525855,-0.0006756317618312619,-8.692040606613131e-05,0.0034126488009497942
2014-05-01,0.004361652012146085,0.008439239260301906,0.006930023918896939,0.012240017478078189,-0.009230865489443026,-0.006567744929537683,0.005366807246781304
2014-05-02,-0.0004406980016472812,0.006323189543875071,0.0009974215392374427,0.010791070036049198,-0.007123616429944234,-0.00037020600593275926,-0.011608953004147184
2014-05-05,0.0018974365732022272,-0.02178807684241283,0.001922340346048396,-0.027765410433814346,-0.0017218558945707363,0.0036786064411728926,-0.003365981630662197
2014-05-06,-0.006232661465617858,-0.011139619095336842,-0.017702710462259297,-0.02912870161042227,-0.0007983479478122549,0.0012419462388450853,0.00015405453788566405
2014-05-07,0.0027605147923424195,0.0007434117189124533,-0.00144130332728546,-0.018438747338536426,-0.0011344693023528844,-0.004255758926584503,-0.009912957915187122
2014-05-08,0.0007057085933363111,-0.001437611479316418,0.030373161830934824,-0.014314280111492899,0.00261872722926537,-0.003256790129264944,0.0009714648506419313
2014-05-09,-0.001038377067118735,0.00919909111579717,-0.003488900015037538,-0.0013607366713735446,-0.002060691026451649,-0.00521420680146693,-0.004082836345561594
2014-05-12,-0.0011777516345367494,-1.1596159252904838e-05,0.005351327466754742,-0.001673357288232788,-0.0009393767983182234,-0.006324056284959557,0.009921409847031982
2014-05-13,-0.0024336002473101604,0.0074114349048114295,0.01317391252159299,0.003125244647772945,-0.004689135464056389,0.00044701537078230865,0.009754700360827456
2014-05-14,-0.0009120839489807366,-0.007459819609065716,0.004673311241527553,0.00789017653415084,-0.0024726349593660176,-0.006758021050792432,0.008486865192400697
2014-05-15,-0.0027193183653404372,0.0009618086909700549,0.0009571290149892303,-0.027309676326229274,0.0017356788729077316,0.0028840912150171543,0.005915921824420978
2014-05-16,0.0008194644714548472,-0.023446546181519774,0.010494747026568826,0.0037520247630800255,-0.007590539794495272,-0.0038192590716588965,0.0038078021910889063
2014-05-19,0.0030691452704821615,-0.004765699264262716,0.008832531652214395,-0.02842844024242254,-0.0036288483271445003,-0.006655239045176325,-0.008660687492719558
2014-05-20,0.00638232758911173,0.026928783916573825,0.007565382446466779,-0.006426259372238253,0.002560967926369914,0.004341989040973091,-0.016253961627904826
2014-05-21,-0.001940003860153337,0.015793416248235284,-0.008908790040193206,-0.009475300170635607,0.0007820686215704309,0.0015973805260287406,-0.006738565946663078
2014-05-22,0.0006578584950611092,0.007151274183735934,0.020476377364935926,0.003984629343021957,0.001977670306360269,0.0073727230879915935,-0.003825606112956973
2014-05-23,-0.0049474286854357665,0.00038518515364051244,0.009235294866276385,0.010760427464671606,-0.0008547991914543921,-0.005766242295242965,0.00558586985173791
2014-05-26,0.00528263511967784,-0.012622185644431376,-0.0017908900231534942,-0.01200477347076783,-0.0035074812789908363,0.0011059223135340749,0.0008024463875914245
2014-05-27,0.002081313029501603,-0.011010016572530718,-0.016395039507279423,-0.0032336910637942398,-0.004363507937169432,0.005977378652439257,0.014744336521531745
2014-05-28,0.008312784061167708,-0.007770468129882053,0.007704850711014733,0.009003958026557103,0.005430115126050852,-0.0003806685719551084,0.011629862610325491
2014-05-29,0.0003518999514034115,0.001320736403724456,-0.014558543376869217,0.006595635626032847,-0.0026933649804263115,0.0009427202315664816,0.000638148955397007
2014-05-30,0.0010737485683587576,-0.00041667183889718714,0.008273018336291543,-0.001805927565274385,-0.007366285188284718,0.0024360882005865585,-0.0072074257207195595
2014-06-02,-0.004947063923975728,-0.014711801084162363,-0.0001773250270466628,-0.0015950785203268695,-0.01382025577727752,-0.0031448340796816072,0.01663158242682534
2014-06-03,-0.0014551883249205872,-0.0029755827215486217,0.009683481951405629,0.01491766587588545,0.005736264715814519,-0.010405904306733505,0.024749424561502698
2014-06-04,0.002895609696704729,0.030149056818154305,-0.0031897773415273676,-0.02379393508821835,0.003580883310956129,0.001335919047370503,0.008523552405330486
2014-06-05,0.004649726814928735,0.000699186547829541,-0.000509703117237102,0.005445160964897081,-0.0008961895732956693,-0.0009691361753369933,0.011240420353012735
2014-06-06,0.0053891271748128956,0.014928025503446055,0.001988479190088042,-0.03287163301156208,0.0028790708736959993,-0.0004409639623335523,-0.0024570596260544463
2014-06-09,-0.0023343719594934864,-0.0016540223931876326,-0.010870775755348474,-0.021440426533986753,0.006982036690008592,-0.0033480635523245577,-0.003058348518357544
2014-06-10,0.004168071317828281,0.012365642223772455,0.010752267403324902,0.00732568979359202,0.00631899205483995,0.006977844082164075,0.004441908207503718
2014-06-11,-0.0069988323522501865,-0.00977759712483523,0.003738712059167479,-0.006722552610323235,0.008521800498725135,-0.00023435392591270452,0.0003804164481718419
2014-06-12,0.0048489908548874595,-0.00034484129080467345,0.003529247607029722,0.011928090879498041,-0.007972045164949782,-0.0011935938534166548,0.011378155254944393
2014-06-13,0.0006124014133709493,0.017326876043289724,-0.01310717210500001,-0.026253952458748803,0.006119936168118841,0.004732941633933131,-0.006274158344300606
2014-06-16,0.0019515826051050775,0.00936201988520267,-0.0060662114665522345,-0.0116760433934182,0.0022717840054158993,0.004357326679916517,-0.016046796581406134
2014-06-17,-0.00044179300208161033,-0.003453985913425736,0.003835116856698541,0.00035839617998429144,-0.0029888127672456225,0.004766074364310915,-0.006617697166321075
2014-06-18,-0.0008183891032846472,-0.019607676992007442,-0.009135771800638012,0.002405216979336397,-0.0002644919172141737,0.0010339775646042947,0.0014860260838157689
2014-06-19,0.008700882241565294,-0.005314900870106482,-0.013357112138147196,-0.025582905097870864,-0.0028246363946139346,-0.0031194082544735214,-0.004850021702690293
2014-06-20,0.005360635280389938,0.020321651967443368,0.00915794167422228,0.03636746830277831,-0.0007835959446653342,-0.0055135990490776,0.01936832305550974
2014-06-23,-0.0070044005493902365,-0.012466994381057325,0.0017168204457981423,0.0004049791018430585,-0.002664067062203371,-0.005612220389807425,0.0030278544571495894
2014-06-24,0.004364662500712673,0.0018434909288860069,-0.006256967638718493,-0.023006856401782284,-0.003134275625539964,0.0023042824205047724,0.00042768226203430726
2014-06-25,-0.002852038408705797,-0.027869882071896716,0.00041540057853080157,-0.017719860879897128,0.0027787649261700083,-0.0034494204639868875,-0.015125972013765192
2014-06-26,0.0009626895436841863,0.02804801107658024,0.010962518009977343,0.009768573280810745,0.004695323861783475,-0.0048361334757237966,-0.005204019842417804
2014-06-27,-0.009693746846750327,0.015803976080142418,0.013786499371319684,0.018159598570380395,0.0008487471422485016,-0.00584504336915008,0.008771087090811286
2014-06-30,0.00751958991847904,0.004585445850798058,-0.002326838826613802,-0.03127198323127769,0.01091539052535817,0.0021793702337143056,-0.02685523228605115
2014-07-01,-0.0033470742815891416,-0.01702068687861638,-0.003975298993844589,0.0008265951268510716,-0.0047324081513319925,0.001639664479844081,-0.0009350067943951482
2014-07-02,0.004599262819972586,-0.0025256788892361625,0.031334332312204775,-0.0044315949178631775,-0.0018062673518441498,-0.0019371697254995605,0.0027613721005854694
2014-07-03,-0.006528165857630686,0.00019960810751857007,-0.020525982259625118,0.0014346096982198906,-0.010312649426044212,-0.0035494689522898226,0.008649849189267029
2014-07-04,0.00956617953593146,-0.008842398823724814,0.0009423936912617487,-0.018298654251445643,-0.0031000239967600906,-0.0017199647596019092,0.005428002246108273
2014-07-07,-0.001602229557610289,0.02560788119142792,0.006596208119414234,-0.00806269081341925,0.0004783758913406548,-0.001440632902367835,0.015255395617768553
2014-07-08,-0.0062051391109747105,-0.019059159183861127,-0.009636013395252399,0.008104408078938152,0.0039584217605389115,0.0036399530007038606,0.0015135702154605564
2014-07-09,1.84408184503343e-05,0.00907842828644314,-0.009968445550442726,-0.02920230834253975,0.003947178394784462,-0.0027414527647872445,-0.002567320141036526
2014-07-10,0.0008285095588266199,0.0029590772169764555,0.010042021645589589,0.015429970335305996,0.0016820466344634806,-0.0012323297988812917,0.004356323533002095
2014-07-11,-0.0020348491193182493,-0.003603654686127318,0.024866760322775808,0.009238319095361745,0.0038074469298496833,-0.0017277905554104853,0.016957282023637596
2014-07-14,0.0033910991940441313,0.010272538676534645,0.004586426454865975,0.017234952214249307,0.008252444675718286,0.0021451767320840227,-0.0013637412648274552
2014-07-15,0.003928295142578947,-0.00931653418951461,-0.0065118345207868435,-0.006504066590804374,-0.01017763590137563,0.0025645647741481116,-0.013953410121742428
2014-07-16,-0.0015359699796355872,-0.0035790808628992504,-0.00024717264861013976,-0.005206112295054515,-0.0004412935003947516,-0.00025295152809854196,-0.005219955131304577
2014-07-17,-0.0027427874954706797,0.011239117303299823,-0.020043357575303015,-0.004145898366562464,-0.003596583945532976,0.000897953333657346,-0.017440945394180455
2014-07-18,-0.0016491476122814206,-0.002314030949107742,0.009957612898813506,0.008037396489243046,-0.006660905841891067,-0.0021142651621429013,0.014929469906479061
2014-07-21,-0.004453114473354641,-0.0032944422451758304,-0.0016419779690643446,-0.00444691702032347,0.015010696582830182,-0.0010413302702689106,0.0026720683962785903
2014-07-22,-0.0027152140596261726,0.004681989562012009,0.008416940473939807,-0.004599755069355323,0.0006904271984788596,-0.002757510113921049,-0.009128178202072684
2014-07-23,0.0044971946899234816,-0.0049065725889901384,-0.022468442780699413,0.018455103625686226,-0.006873592523844456,-0.002671856531359865,0.015468055642802148
2014-07-24,-0.0002169701485239686,-0.0023929991360671934,-0.01211229480459032,-0.028605900852209844,-0.0005564711638734584,0.001643933142095324,-0.000985686747976114
2014-07-25,-0.0015750503376309691,-0.0008259239046516267,-0.01835483445685887,0.0035126224162231726,-0.000829681650401367,0.006503639466871728,-0.004827924002224345
2014-07-28,-0.003420689191932806,-0.002498590816991162,-0.004342636859166049,0.0072011787624798795,-0.0010353075394639612,-0.005598093520561774,-0.016300622095716467
2014-07-29,0.0014016360968794619,0.016682832037616495,0.003305813343302514,0.01592957678470625,0.006857967451897526,0.0020645353221132477,-0.007642326624377391
2014-07-30,0.0011312347815295052,0.014472552302703225,0.007393791642309719,0.015613293740168281,-0.0015295639301143567,-0.0001357058836609294,0.003391790241601241
2014-07-31,0.00014464734812878752,0.013564526183873599,-0.02122875633543244,-0.00197216689298848,-0.000969068779084945,-0.005608349637128007,0.007737623417034029
2014-08-01,-0.0025480098240179467,-0.0057400162487663805,0.016925328810634084,0.020058886916382922,0.0031349879329156905,0.001564733226732592,0.0012766377657744642
2014-08-04,0.008347534053657171,0.012915974746591867,-0.0029638640136092046,-0.02468999148414185,0.006510765910281524,0.0021625881106053773,-0.020829427408336147
2014-08-05,0.002064350020165028,-0.0026203493093347884,0.005847732630751865,0.006543853149831027,-0.0030719105547680906,0.0025619415762491845,-0.005377360145429984
2014-08-06,-0.001381532903738845,-0.007294179068009491,0.010100531676642844,-0.0025840844903144136,0.008379346051719274,0.0076463016631021135,-0.01157444569613728
2014-08-07,-0.011334017771172116,0.006934533663150937,-0.006036634578655796,-0.006930197089492448,-0.004553329397215249,-0.002524432993015337,0.020092444285980584
2014-08-08,0.000989646956157426,0.015316757727331988,0.0070897276042907464,-0.0006197675992957836,-0.00030313974287473505,0.0033663252225783016,0.012007633827599989
2014-08-11,0.004337183202692579,-0.0015087336635093301,0.003225344655301567,0.007030555713375641,-0.0016050839497704537,-0.0040500941830025955,-0.008106744142201246
2014-08-12,-0.0006141447831302658,0.0072227200203883015,0.013183426985240158,-0.01609157051779457,-0.0010277364193353102,7.541442020529538e-05,0.012568524438350265
2014-08-13,-0.0017624487429253781,-0.006249042273382948,-0.01483726007315346,0.003742497900662998,-0.0028189536090111036,-0.00379338624953842,-0.004180225600431707
2014-08-14,0.004857996095146814,-0.010093630902200997,-0.007505690783419915,0.012825596034455503,-0.0005989333236153274,0.0019434485704615846,0.00010287663143442628
2014-08-15,0.0002086613491429928,-0.00439590530149703,0.007999100139865288,0.01896173360826501,0.005908034613668071,-0.00440642017073057,0.016929635227328817
2014-08-18,-0.0010817454909742665,-0.009802130840539573,-0.002820398737592367,0.010907966062905974,0.0017264946859274464,-0.0017015030616094962,0.00860532044006316
2014-08-19,0.0009094440712922674,-0.006746121018623156,-0.007119554675692471,0.0028043548868624327,-0.0013382696316777318,-0.005859244426252862,0.009341315489017555
2014-08-20,-0.0015711061179261587,0.01782479253023633,-0.012069897288121429,-0.001220307568934737,-0.0038193651063533236,-0.003799715013628431,-0.002365191170917695
2014-08-21,0.007432292568208457,0.004687989417397917,-0.004569907752871431,-0.03283186018581585,-0.007161283899859027,-0.0007419393316719268,-0.00956660284361489
2014-08-22,-0.0005462056255673936,-0.02756101718985466,-0.00381496324739321,0.009875443614945738,0.006845585448147163,-0.008405611799611584,-0.012396149787704123
2014-08-25,-0.003066946121804718,-8.742588529485649e-06,-0.012700124745591287,0.024855549513054423,-0.002262558079959046,-0.0021020152084799838,0.01926640479459542
2014-08-26,0.0002858093030716197,0.0045204088646208064,-0.006517469428470606,-0.022081953947046352,-0.0024561779319678947,0.008957937620461293,0.003176358028110084
2014-08-27,0.0014481427801243017,-0.011289764166165074,0.008435124238317476,-0.022131726502996225,-0.007683204753603802,-0.0017195940662692718,0.02290919881236259
2014-08-28,0.007941600653211282,-0.0021373829297221198,-0.003993847997902114,-0.0314264876897476,0.0028523287365654123,0.0022832672085777318,0.0024067490528660103
2014-08-29,0.003992841437126785,-0.0009029920243602752,0.006911871693088748,-0.011705009686629476,0.004938392955114198,-0.0005169362715704713,0.0037541345794053433
2014-09-01,0.0018640100324006342,0.0012976027800663099,0.008794875819206585,-0.023081447202148348,-0.003789613414466415,0.00021864681261997478,-0.015469153742378956
2014-09-02,-0.0012774631440173065,-0.005377056456160273,0.012094631023989602,0.0047797409371159415,0.006337022232016538,0.0017928834073209956,-0.0058302437627074455
2014-09-03,0.0008848689024435338,0.008694776421820842,0.01318943497707049,0.0023253719668713028,-0.0076975851406555496,-0.005903711503384331,0.00386793357325736
2014-09-04,-0.009001635228314993,0.01688933531958469,0.005009488807083502,-8.272480995495833e-05,-0.006003514130492258,0.0038938266620123434,-0.0058630742214636445
2014-09-05,-0.0037229197822188673,-0.0111201666298781,-0.0010467619904837534,0.009334984929927527,0.005254070863504325,0.0033551550439326274,-0.0024772343973643446
2014-09-08,0.004432100651530074,-0.006323964653370572,-0.01683339620584472,-0.018253856943969426,-0.004745565808486687,-0.0027218054312045264,-0.015673203858696597
2014-09-09,-0.001494444074179562,0.0063260365433572855,0.017271544799797287,-0.020514525524831316,-0.0046665994286657405,-0.0015868306941938296,0.014306891115057152
2014-09-10,-0.00046979233373123304,-0.0091599077013856,0.006134479300574722,0.014764721830478222,-0.0008451730382858813,-0.0036037131525915402,0.005177039170239049
2014-09-11,-0.0005830757496583171,-0.0034793197141769713,-0.005333462294963565,0.012734069954836552,0.0002489796401506216,0.0033031919635587836,0.013456209608478927
2014-09-12,0.002185928812717209,-0.005382801737906944,0.010583015576584765,0.007426044138425098,0.01570222993599157,0.0025255140167957427,0.004669700329493355
2014-09-15,0.0015116991954770955,-0.0008529678123303086,-0.0018789407902127593,0.0030808771009419663,0.003053876922328222,0.004674187829056664,0.0005780664083076019
2014-09-16,-0.0015015624878065676,-0.004911071201133258,-0.01373379827694423,0.022399265265020153,-0.005716747965613478,0.0018494862707159232,0.002027063237002122
2014-09-17,0.001564931119999581,-0.001046713843605465,-0.007068184168942035,-0.017824814962102694,0.010647132211342317,0.0014822930395131857,0.007160012190688922
2014-09-18,0.005889645061890675,-0.0025815606631108988,0.006048902694899589,-0.0017725693002138302,-0.005271323729758148,-0.00011875249366974835,0.0067605286638714535
2014-09-19,-0.0016461232578993722,-0.0049522665187261925,-0.002516867965445302,0.03214291238212895,-0.012799217124249307,-0.00011051082629038198,0.0009180677187664284
2014-09-22,-0.002212627642183578,-0.004649958485584083,0.005572564206424984,0.012939562806362975,0.00043714689465286743,0.003872968307242389,0.014962954905665403
2014-09-23,0.0036155139724857867,-0.0052106845997429005,0.0057169094633976215,0.005990172880740335,-0.004206832028769024,-0.005935647939727408,-0.020755329769500574
2014-09-24,0.0006294228336408685,0.003461753310121171,-0.010745164766049205,0.013999321492054195,-0.00017323101333208005,0.004572552068585867,0.001829082089647855
2014-09-25,-0.003915347616665427,0.0033177625085402417,0.00591019395418767,-0.004149140637806001,-0.007836489818233146,0.0002737202859887168,-0.006915494106319445
2014-09-26,0.004833564663318422,-0.003013249160193968,0.01841146660733056,-0.031955639797509025,0.004512159667506031,0.008065003679384015,-0.013789064860613
2014-09-29,-0.000286805732516728,-0.005268272034478241,-0.007111116731641652,0.0012233869530074327,-0.008358924161791844,-0.0014037832972176641,0.00618749909718034
2014-09-30,-0.0005103775342137635,-0.012453827175349744,0.008835796342306934,0.011268545735303797,-0.00660528995108565,-0.005681144589892368,-0.007021098170297412
2014-10-01,0.0025310994778527797,0.0040509508224368185,0.009267991296140683,-0.0034976607133393976,-0.003617909927625196,0.004412654195339463,-0.005392500651393386
2014-10-02,0.0010961945552629688,-0.01825289021520313,-0.006954458741377888,0.009742817900091932,-0.0060854890532222854,0.0016320617994669477,-0.029984729496656436
2014-10-03,-0.001887573630957564,-0.0032398939752932353,0.01637101674795394,-0.013773790626692744,0.005573210811634926,0.00545122591236523,-0.00853679550897962
2014-10-06,-0.0011441004641328232,0.0008079763357209962,-0.01454975088591442,-0.009706258126492423,0.006756214491202233,0.002053574625038591,-0.006698618392126137
2014-10-07,0.0008022908607482477,0.006895528562594958,0.008840212642720988,-0.0056055911710421995,0.010638683456967992,0.006784111971680265,0.00561472483614943
2014-10-08,-0.003021850000365423,-0.013821501268166314,-0.005431609155465482,-0.0013473744528317935,-0.011809675444330158,0.0002915633377919728,0.014899802212357637
2014-10-09,0.002655903765238998,-0.007183200486678759,-0.007444184084094777,-8.471773027855271e-05,-0.0014096643397276507,0.0013376802702547085,0.0033256705258873282
2014-10-10,0.0047175757641889325,-0.01166638389529768,0.002700251978087839,-0.010041615218011833,0.00021252137712360634,0.0038474323056914054,0.006470887182410705
2014-10-13,0.005943792082052932,0.007366494311536869,0.001918067689062341,-0.005433047492659149,-0.008092516257221396,0.005901389351466747,-0.004380486850916506
2014-10-14,0.002373594563715011,0.008766387584752825,-0.010222610947732268,-0.016391808527564753,0.010049450256018578,0.0024016986783288513,-0.011714397497345506
2014-10-15,-0.00015538962384534634,0.012459948197860525,0.010719807071939032,-0.017610737827069935,0.01219337964292044,0.006122845156462074,-0.0030026076956835095
2014-10-16,-0.004416904668854144,0.010159914640796686,0.004591795773447078,-0.01693599037830212,8.196638706295346e-05,0.012930470294781466,-0.0008058053283905256
2014-10-17,-0.0026178916519605648,-0.013500585900530786,0.015307324226328611,0.01565038025227933,0.007511398397510742,0.0010387346882104324,0.01491121283463036
2014-10-20,-0.003043292162179943,0.00020204600673899963,0.002101013012653134,0.023767294289017155,0.0006014124754932717,-0.003094753194045426,0.004382963554706093
2014-10-21,-0.006355673764973251,-0.030754057520089084,0.0029914285677019544,-0.007533758817630296,-0.0037193545220927113,0.0016707697775501396,0.013583526964317784
2014-10-22,0.002487958500399328,0.023637188376616092,0.008565715924731012,0.010010354522191813,0.0037263485669101516,-0.00327384768855394,0.01656576358615759
2014-10-23,-0.00943189464833863,-0.011557267937242365,-0.0038494416576148756,-0.01000495088125895,-0.004404387630844867,0.00576345781294234,0.011732012752908128
2014-10-24,-0.002393319296059571,-0.007005534354144301,-0.013801992170483722,0.007643313863747212,-0.0035805379340826298,-0.009038331981201403,0.0023171971016511753
2014-10-27,0.0021059210216347736,0.012017092318094396,0.0015314713663978044,-0.004235685884633525,0.013129392939281783,0.0018161605426553463,0.006226967798556302
2014-10-28,-0.0018081653177400383,0.007014083311536838,-0.01383826476153132,-0.008024133373238453,-0.007336521572313772,-0.0029293440009598923,0.015585062933315373
2014-10-29,-0.0020993112112764477,0.00721937776280518,0.015230612856114711,0.005872975981454202,0.007061552813535233,0.0032839568264632804,0.003992477226377446
2014-10-30,0.003151271736197929,0.023230025456255046,-0.00264852749802003,-0.0122153307017975,-0.0033193224518060453,0.005217283081933548,0.014047875493104062
2014-10-31,-0.001998154446286918,-0.026258834504148024,-0.010074373621253822,0.0025273286836636523,-0.0032175948920022085,-0.0011963451180076255,-0.009922406475767817
2014-11-03,0.00420636917493331,0.00594706360223958,0.0078124563128342825,0.0035857798495620655,0.004672423778959295,0.0030521159672684695,-0.010836006596656888
2014-11-04,0.001642257044781918,0.010112152034554395,0.013003474986742074,0.011129230208285048,-0.00399577014060933,-0.0023651389838720846,0.0014199563434319237
2014-11-05,0.0009078580008412505,-0.0010592041103411713,-0.010788712133133618,-0.02034285565046462,-0.01180187082063314,-0.012456490470932235,0.002028473292004818
2014-11-06,0.009430950503405793,0.025543819780834115,-0.0036915707886623207,0.0015707539627102642,-0.005602859887331637,-0.0036042899293109733,-0.010340248372255117
2014-11-07,-0.0007519975564964835,-0.0025206404271110555,0.0020035407937184684,0.011207559797035086,-0.002448919371241911,-0.0002868957818692825,-0.010591167911044136
2014-11-10,-0.005228004903215268,-0.020154250292414203,0.002514386460065378,-0.005124729457091448,-0.012330171436124665,-0.0018528842240411948,-0.011837686809263314
2014-11-11,0.006791536030594694,-0.0038286055671335984,0.008524512048147173,0.014742995289073541,-0.0046714158101872506,0.000561413003041696,0.007218772701531342
2014-11-12,0.0006121861339653253,0.004542167459734627,-0.012294569583274824,0.0067132862713162305,-0.003576783943564097,0.0006919004822198852,0.010018086357655177
2014-11-13,0.0028252423901663757,0.0053911450309505225,0.007847314701030936,0.012498024884944689,0.009625827477443631,0.0010392257314866594,0.002046561364843013
2014-11-14,0.0038782788867213537,-0.004090359824384591,-0.012223131163540804,0.002176380387023543,-0.0018356223309328374,-0.005123026871711712,0.004043072077544448
2014-11-17,0.005874549949251728,-0.01670962048636312,0.010166230712466423,-0.04316896327100708,0.0005138291981855469,0.008852052188043536,-0.011162812763209429
2014-11-18,0.0005097547075121588,0.009262714032988803,-0.0156068691616821,-0.0005579381388624492,3.4220785382253706e-06,0.006959732241656081,-0.01768699039858692
2014-11-19,-0.0013761620350344899,-0.011651001771847537,-0.011809226194861869,0.013654699712152617,-0.0022876829151318463,-0.0037360305872146597,-0.006806477610479085
2014-11-20,-0.002102915348109045,-0.006585118771615031,-0.013750450930677784,-0.006890339344234814,-0.003435255230668469,-0.003920018816761913,0.0008438041631255516
2014-11-21,0.0011095609190864496,-0.006122394776335037,-0.0016708750755420863,0.03174097885482469,0.010506129564715604,-0.004498541302006338,-0.010883866810045714
2014-11-24,-0.004087626350488257,0.010684218555443685,-0.004032476448004608,0.007753664848233543,0.011158617120699503,0.0003856947562106882,0.008683871155958665
2014-11-25,0.0022316895024507744,-0.005991995662949556,0.010504396883034214,-0.012658980808540584,0.009319993452698435,-0.0007452891711292602,-0.007068702294921193
2014-11-26,-0.004203964900583702,-0.01287490468484055,-0.006907958614731561,-0.03900685188477437,-0.0013047793739098686,-0.00198205207454578,0.006373419599371508
2014-11-27,0.0018419282406782703,-0.007584215262460696,-0.004672992443490803,-0.006831131109166157,0.008487753398672773,-0.0027179726078383174,-0.011835175082062067
2014-11-28,-0.004364350713748456,-0.019564712793121383,-0.0004947234852347568,0.0021661212932111585,0.005501589461862221,0.003175844310602639,0.0238659658649687
2014-12-01,-0.0001454919935725348,-0.0031739550636477668,-0.013092125687244601,0.007637377836859054,-0.0008142055677302885,0.0015648906781150571,-0.015545646780770998
2014-12-02,0.001556421151152294,0.003117422467886499,0.0022549055130376898,-0.009842327453905834,0.008158760528887726,0.009157197545658769,-0.017066228927714224
2014-12-03,0.0030317849239075057,-0.03279670121496739,0.004023395007680545,-0.035843423163989516,-0.002561520734472802,-0.004889475508988216,-0.007230057133522916
2014-12-04,0.0035051852783761607,-0.020475780856712148,-0.004560752536599617,-0.014660094232619261,0.008802687904100994,0.001980966909419277,-0.021723747994885776
2014-12-05,-0.0017351834072921314,0.017663662292806186,0.008402294535135116,-0.007217472282026059,0.0005968218643003364,0.00045410756825196293,-0.0011775390679134572
2014-12-08,-0.0066908700029053095,-0.011067836907996167,0.010278323587521761,-0.0012844676199516483,-0.0012486372722302877,9.177054417601477e-05,0.028430212052422677
2014-12-09,0.00018549919660231477,0.013044801508915667,-0.004339547479079327,-0.002069533252776518,0.0008987000384957196,-0.002402855643046447,-0.00012817501099547066
2014-12-10,0.0037022148438724312,-0.007847228172178755,0.0004008017818698612,0.0078907105787837,-0.0049551784985680525,0.0038338571659083717,-0.0008863426528896176
2014-12-11,-0.0005104923173859753,-0.024072361239906102,-0.006399672046171674,0.00024362619336357574,0.008050741578792653,0.001424663737746195,0.006080953710044368
2014-12-12,-0.004686433408271309,-0.003631033580211523,0.010089045952002723,-0.00887152216098582,0.006088903838088838,0.0035006269593497582,0.0036229382526211753
2014-12-15,-0.0011648146093202933,-0.012243302369438231,0.01573800998761964,0.012305709795293718,0.0018177210138084548,-0.001555871356439521,0.003131460476604888
2014-12-16,0.0008088711388427888,0.0050907100647158785,0.00806104942709517,-0.009168849895292461,-0.006763279728216609,0.001000556883839053,-0.01663893673374868
2014-12-17,-0.001144648025730667,-0.00657373680695337,0.0037781762942467384,0.031526888398277435,-0.012944789205192094,0.006986683519173289,3.0099840233071174e-06
2014-12-18,0.0015412390762920539,-0.016109850400989386,0.008568891176721017,-0.0009061942776123093,-0.00031281772731398786,-0.007424407665146883,0.0023273742333781346
2014-12-19,0.0035333238681038237,-0.0012307795108505038,0.01257400866569583,0.01879654852147906,-0.0030207305717333726,0.006399821130961087,0.0016310452109394582
2014-12-22,0.0003489816249659859,0.0013138778578544856,0.0009817237635717788,-0.040018822760562026,0.0012763914410920828,-0.003722292460566091,0.018283103463775156
2014-12-23,0.006494351792891219,0.013012538772675015,0.0012402158337778163,-0.016014278603053173,-0.0009366264308556102,0.009184085941692668,-0.010810410596568924
2014-12-24,-0.009272410862440175,0.00803206938271713,0.012603643938377254,0.036232392165544115,0.004626532046466446,0.004069156727094487,0.007436840103217323
2014-12-25,-0.008155208447621392,-0.0033565331582410553,0.0031144271061119273,0.0032029933304760214,-0.0021897438116403388,-0.004511517668092298,-0.006094411779978663
2014-12-26,0.007502617035884812,0.02559634659134269,0.005248406688881012,0.006876506012166904,-0.0026129895723876655,0.004204224144572571,0.022918243898980836
2014-12-29,-0.005966942235133654,0.002801014618851488,0.003688093118750847,0.013585466878358024,0.008642475195133056,0.00782754913571161,-0.002813943383539245
2014-12-30,0.0028427031032831848,0.0022610774737542986,-0.0049778632684600544,0.0023201229550218424,0.004105421967945594,0.001226428164862721,-0.012321907978150817
2014-12-31,-0.0017042483539216541,-0.006193400239871376,-0.009441246624343397,0.0028670653435325035,0.0010214569179089828,0.002996232211039806,-0.0127065983060759
2015-01-01,-0.0021599219633874718,0.017454322066852337,-0.0003739105263971144,0.005607339643638327,-0.00028570605353287555,0.004804543937951697,0.016155341341381153
2015-01-02,0.004602846317434906,0.0023689727576999523,-0.006747899137150156,0.026573153188698725,0.004104609876545767,-0.0020160166525222414,0.015417392716354372
2015-01-05,-0.0017924423561373592,0.015572826516558223,0.01585655853745076,-0.0063642012496091084,0.005934029094476191,0.004949229678367353,0.033029685905928814
2015-01-06,-0.0026192137492849,0.015459895154401859,0.001253979779855874,-0.014360685820880535,0.0009522734210528647,0.0011002466561292467,-0.009645812979787559
2015-01-07,0.0015986983775702563,0.011725586792541607,0.004388379815445977,-0.00594271377858441,0.000986258875641894,0.0011962673117903602,0.003949159957513615
2015-01-08,0.0047893369218229755,0.005024046820695008,-0.011384362966125121,-0.01321101030436007,0.0018971361120491113,0.005037437203576168,0.009202666128561205
2015-01-09,0.007448763549881928,0.004544063804412628,0.010662721625560912,-0.023424243878748936,0.006063683994096065,-0.0015743232939227636,-0.0022081963814105624
2015-01-12,0.012469391428409252,0.008855131466139941,-0.003181239410779465,0.00011813445923792695,-0.0006800386777957802,-0.0022945340131735885,0.02178653534745952
2015-01-13,0.004617261440196503,0.0058197840671978425,-0.0014449950067043308,-0.0066748637639533915,0.010382789868670902,0.002701999529847715,-0.039488265566702846
2015-01-14,0.01003378432431951,0.006329570904442494,0.007583312785883545,0.014133401108497243,0.004671894661645271,0.004381883606741654,-0.0072483114848578166
2015-01-15,-0.004569196668283077,0.0009111234767614644,0.012899959652259858,-0.004134275026586105,-0.003392190212186252,0.005032676875868982,-0.0020418828203202636
2015-01-16,-0.001292244787328512,-0.005366077635282927,-0.001384011197906386,-0.025062245729314335,-0.0023782393377116667,0.0012334786800095603,0.0007709500222754407
2015-01-19,0.004981986685208888,0.02370736629202286,0.01928501784069181,0.020644984116296658,0.002183930358669762,-0.0003835812451796467,0.007075916020075455
2015-01-20,0.002692322398814777,0.010605703352153287,0.008396065556857166,0.0006865752165057861,0.0064858728743601105,0.006436066177199098,0.009180279464364385
2015-01-21,0.00022194737918383977,-0.010150601852365484,-0.009179563411047992,-0.01490520082258873,0.0010017515243510616,0.0017952501637204176,-0.021186664264766144
2015-01-22,-0.0016659867333832143,0.0017792080656866467,-0.008911274866927752,0.005932592343524703,-0.0027369898159950983,-0.0034913014391939577,0.0018476231082666772
2015-01-23,0.0019191262218128601,-0.00956104577709471,-0.0025340207229850027,0.003646115775264939,-0.0049885071570250385,-0.006985055676391677,-0.016585819905824424
2015-01-26,-0.0013222086818555142,-0.016594516135536946,-0.0053858045836040706,0.02202159244836566,-0.010635300214467923,-0.003288641829674844,0.025659375176472543
2015-01-27,0.001982525433520905,-0.003828124389586855,-0.0010498460589538421,0.004510773303630732,0.009721903873983796,-0.0014997265407886502,-0.011453071915915044
2015-01-28,-0.005165252166203139,-0.001458692196928013,-0.015364366381906188,-0.008157877426581936,-0.00677538232823546,0.00284843175078369,-0.007143934328196677
2015-01-29,0.0019377262736438112,-0.01851685536461216,0.0001658544603136747,-0.02343167312998231,-0.002094141037154498,0.008641943980410904,0.0035381669594473325
2015-01-30,-0.00016365193648000493,0.037521863128789586,-0.004688200048911901,0.024536499838644716,-0.007776369726575531,-0.0006912523476538735,-0.006819678821756264
2015-02-02,0.0013791068763074127,0.0009271395549531842,-0.002207762362973837,0.01581442821053671,-0.0038002258959883156,0.0007543859904174115,0.01013962261754057
2015-02-03,-0.005582903375820875,-0.01174915497750131,-0.0023120066779932285,0.010129932065659892,0.006125076552839539,-0.0017191500025684648,-0.004326333521997245
2015-02-04,-0.00314039502828799,0.002144341538909716,-0.003445810986573034,-0.002821136332594506,-0.000816832936054835,0.0019413367610581606,-0.006234482865884752
2015-02-05,-0.0027386420075966493,0.0035321978582264816,-0.029910855021186938,-0.014215995952664932,-0.00837338291418218,0.0031343335215582705,-0.009273120759321962
2015-02-06,-0.0018928714700094124,-0.001786154543389214,-0.006389854057017899,-0.0070255246567553975,0.0001727603792233182,-0.0018169273181995772,-0.0055291338370905205
2015-02-09,-0.0036906433217964263,-0.015707041906832673,-0.002058754056783243,0.003285407921622071,-0.010016538680527536,0.0013086634390514905,0.008999204840929588
2015-02-10,0.004248768736709684,0.005112390149688661,0.008443697807328331,0.03449170733615671,-0.001618533055179404,-0.0040061147976740335,-0.012894601435401009
2015-02-11,0.007372717666819102,0.023945514487606928,-0.003798782245647898,-0.011688350979736944,0.0012483461367693285,0.006715855835675358,-0.016923047414910502
2015-02-12,-0.00751650268226115,0.021976001428326463,0.0032572960143455493,0.01656768848948186,-0.001164863176281226,0.001770809893816611,-0.009957019228911231
2015-02-13,-0.00301369277893158,-0.0004660342228828162,-0.02303594971895337,-0.008536634116286898,-0.0038455840754525045,-0.0024121651678498885,-0.00862206379387767
2015-02-16,-0.0036335801521276104,-0.023609617608373948,-0.0020746410246847077,-0.007740285066197146,-0.009695466724743475,-0.001346159043175808,-0.004186410883173506
2015-02-17,-0.0014941015694388512,-0.02661975270070069,0.003569714397263524,-0.022707898281919183,-6.518975186895615e-05,-0.003342043445730382,-0.007559523035454739
2015-02-18,0.004959184370633285,0.008181364346115137,0.013841108414813686,0.007199444820219669,0.004508330021506093,-0.005207622085020894,1.4332493989017414e-05
2015-02-19,-0.0005496385387516883,0.013913014658915045,-0.00337159778155889,0.006401977063193218,0.0017568641918302508,0.004862593053485887,-0.001277647830992556
2015-02-20,0.003661158142093277,-0.01893691220033183,-0.016428168653284125,-0.045240915260330715,0.004871705613413886,0.003104299583902789,-0.0015920508890455611
2015-02-23,-0.0023594558098344884,-0.008105310479535178,-0.002579343287644786,0.021549625213368142,0.007834215962695866,0.002344105500031835,0.0014302488670681474
2015-02-24,0.005691547483058141,-0.0008316942090083695,-0.001809030129027981,-0.005887551364955975,-0.004582233530233456,-0.0002477408435047142,-0.014246164963888655
2015-02-25,0.004450044088176029,0.00809544438457458,0.016601785546061443,-0.022274429422127442,0.014819088357096347,-0.0028335539932354144,-0.01389674413522919
2015-02-26,-0.0021332939477095706,0.014197632963333068,0.003316357728499804,0.0010795973268451532,-0.0035493237488994104,-0.0048339955566302556,0.01917178964047592
2015-02-27,0.0035445670271697233,0.01728333801961292,0.007181833855435351,-0.03788878240930501,-0.0029128930008121686,0.004262881455066143,-0.0037131107158274715
2015-03-02,-0.0018853748532261785,-0.014294856230971122,0.0073776810959630115,0.007096934430398809,0.0020922142777347512,-0.0027742192636498095,0.002662109221827856
2015-03-03,-0.0050010764268213735,-0.004148279279850494,-0.026603845965700444,-0.028611370229402338,-0.0034429823142060048,0.008009292148772306,-0.028101717583675436
2015-03-04,-0.00462433791489257,0.00013342949813515605,0.016108778964280417,0.009699840394309968,0.004412405732796603,-0.0007965662893199215,-0.0012195128306437522
2015-03-05,0.0006787384355738215,-0.007862169991782958,0.00672393047046283,-0.02527009366886721,0.006684197016108535,0.0015062362213298015,-0.005782505947264741
2015-03-06,-0.006221958778020599,-0.014781808008246446,0.008371666492622396,-0.0005674729195370275,0.0005980400471009392,-0.003931673814465575,0.002176800701998218
2015-03-09,-0.005138625344353719,-0.0014848392285625816,0.002053756404321295,0.008155633332382214,-0.006134097743764222,-0.002189458328541522,0.010580695775845072
2015-03-10,-0.000495753024078205,-0.003989245637591873,0.01832089115490921,-0.010879058799769003,0.008111354727829045,-0.0028058224038320116,0.009307646872580008
2015-03-11,0.003182619084389038,-0.004980422549001126,-0.01118013345154217,-0.03607533544697012,-0.0023964886753706123,0.002626198091574993,-0.018457255324057693
2015-03-12,0.00073779553555028,-0.01754220617687047,-0.0037012344919640093,-0.022595702593272194,-0.0005422265108105736,-0.001980963191240159,-0.017737787058772166
2015-03-13,-0.002285502147461367,-0.012469026988762417,-0.01472260468724845,0.012135333628530278,-0.004868085436020129,-0.010414634902192518,-0.006112896080145512
2015-03-16,0.004008858289151615,-0.007586463348421286,0.015421708127726757,-0.013433068730673943,0.00506869197277081,0.005627039528006124,0.0020854854460473863
2015-03-17,-0.005147993079711959,-0.013855752010634952,0.008542371425406255,-0.010213588331037587,0.005341819625885624,-0.0014968267400101033,0.0016267634633740614
2015-03-18,-0.005194446434397696,-0.009911615984485039,-0.011093675263378991,0.0018946401601343003,-0.0016940830836294437,0.00035534050744390254,-0.007261086120987847
2015-03-19,-0.003370931913036035,0.0002935322869451975,-0.010902138355668584,0.016150623079753745,-0.0026289576628227423,-0.0025704793288471328,0.006638985797069851
2015-03-20,4.454104771838322e-05,-0.020008974242176236,-0.012307317131451487,0.00947315675703851,-0.0021413922807410005,-0.008158012351959528,0.0020317061446688224
2015-03-23,-0.00188704227020332,-0.011581937447241706,-0.012839134864739452,0.011245964454611505,-0.01385307250966814,-0.005501400168662074,0.003081550879225247
2015-03-24,0.00646347200512152,0.009462149567020177,-0.005111284748235319,0.02115556815492694,-0.007558803399293631,0.0007740557567337272,0.006959593277894236
2015-03-25,-0.0033744733467293447,0.006740406222982514,-0.0053594165043082806,0.013306610492888895,-0.01160679751569522,4.95346612912892e-05,0.000139772602898584
2015-03-26,0.004748829503146119,0.001597662539634047,0.014013282138596454,0.00929606187982816,0.0009034073293292031,0.0041011927359328295,0.00995332503675725
2015-03-27,0.0020376459168306937,-0.02629697149391399,-0.011779721205595044,0.012752259413705901,-0.010164437274158214,0.001061505356722402,0.00376626535033396
2015-03-30,-0.0027530185182184624,-0.024928251117821917,-0.009138367997346459,0.027198950976418362,-0.008985611770301835,-0.0059852171654109975,-0.010597452836576815
2015-03-31,0.005009153090980308,-0.0006454043558185557,-0.0045264749076929615,0.018326959954070583,0.002941034487843747,-0.0035963750504792494,-0.014682634612492642
2015-04-01,0.004782694336621833,0.002333878176000295,-0.013325647543742151,-0.032657408127941455,-0.004922757802596257,-0.004099057065651392,-0.02595787694142296
2015-04-02,-0.004248041690409842,-0.012833296022180295,-0.00726988121819362,0.024943017515498052,-0.004669265413585656,-0.002797640238264654,0.0073691491664133165
2015-04-03,-0.0007992752507374934,0.0043703384178838504,0.0030107573804713113,0.004457776107625426,0.016397440303855173,0.004713132189343962,-0.015226999695745319
2015-04-06,0.0016308933725267516,-0.008676955285128955,0.004008643648106892,-0.022552287596380154,-0.005166177452422585,0.0018002505034902814,0.010111827724475603
2015-04-07,0.002160583678056594,0.011088207506802701,0.005619745923340399,0.005478788195923348,-0.0015019561619551286,0.003919948279199679,0.013741311558575492
2015-04-08,-0.00010246355426400956,-0.0014508461637443462,0.015454138113863447,0.0036488076805385084,0.0015666428010127835,0.0026604932874262585,0.0011782621998018773
2015-04-09,-0.0031313715452103924,0.003057665209784005,-0.0010229776750381979,0.03127007596822249,0.0028721719772543185,-0.0031326416119533207,0.012139556588941123
2015-04-10,0.0013814671872408406,0.01613950078738829,-0.0028904885013043293,0.005153604245466458,0.0003967073868102489,0.0008584169482545817,-0.008113171900611862
2015-04-13,0.002453653870537307,0.006045465000552687,0.01410114535949322,0.003498908977205664,-0.00048397135804723935,0.004183911572614953,-0.006716935243333379
2015-04-14,0.0044899517026213325,0.014850060181025434,0.01544824748633817,0.01039454274561063,-0.0002571404453554963,0.001981968600652598,0.008776942730398715
2015-04-15,-0.0020905735825111284,0.014858155826764283,0.006665183040704153,-0.007581572551739282,0.012686595724335153,0.0022210456170881484,-0.01147451708866856
2015-04-16,-0.0031710268691494143,0.016206964491932933,0.018662489738057272,0.02569082287010556,0.008695727278034686,0.0058505042479697796,0.011717583690626681
2015-04-17,0.0014661712642596238,0.007047338269019748,0.008504482646610995,-0.008419751557740362,0.006197723603876909,0.0071846416017073665,-0.003670499692552262
2015-04-20,-0.0011029950568783862,0.005140014115923005,-0.006123524154533747,-0.019732897136883955,0.00747649831118336,-0.0007724543001327521,-0.0016937939997070264
2015-04-21,-0.002290507790583358,0.014099500108530722,0.009194482158895742,0.0030975450647823008,-0.0054532993229075375,-0.0007945463925271398,0.013505497412378458
2015-04-22,0.0009045451742616776,0.001683908264911598,0.0025988007246900723,0.012710700760771037,-0.0002423375156013355,0.0017368873814397542,-0.010178520507411217
2015-04-23,0.010365435030986135,0.0012791427863175842,0.0055604020201183504,0.004873413212858692,-0.00041374384497777444,0.0012210348244701054,-0.0017311414547251669
2015-04-24,-0.0035061637957518126,0.00360826547726101,-0.01687178579258697,0.02642072287910306,0.0018362139773874298,0.000909822278498749,-0.02031265727376649
2015-04-27,-0.0030201245997650192,0.015106972672560032,0.0413950315389909,0.033689684967883944,0.008455608142006268,0.004024421483765377,0.000979379848392592
2015-04-28,0.004130708772457924,-0.011223677112047444,-0.011693992360437487,-0.02668116054383432,0.006023398272235932,0.0003783473926311504,-0.006678454907256053
2015-04-29,8.838405924834999e-05,-0.013333494870843041,-0.007949593498872748,-0.013730170906916531,-0.008827501436400856,-0.0028552626461301944,-0.013491293086438315
2015-04-30,0.002460709736402048,0.008931730253915724,-0.010861876355116054,-0.006342251907895032,0.011310210908770735,-0.0027493283875411945,0.001978279123700738
2015-05-01,0.0005720890550336515,0.01320621591851542,0.004563945200918124,-0.00280171723768577,0.002036205101695158,0.0014553307652520778,0.0012533694999078162
2015-05-04,-0.005126462310163497,0.012423904687381176,0.010178025085957925,-0.007826915973785648,-0.0002685278327133661,3.42941279958473e-05,-0.007347324124021487
2015-05-05,-0.007317208405965954,-0.011266292952626203,-0.007058574812618997,-0.0215542811617871,-0.00013842031551621387,0.0037774635466452495,0.0069641515219086994
2015-05-06,-0.0003567441962030641,-0.022013114059194212,0.0045521946465694125,-0.00031366859485134756,0.0014741777376202744,0.006955673171689692,-0.014178581776960126
2015-05-07,-0.011349299667631183,-0.017623087317925345,-0.0008063275476543816,0.0037928812494583217,-0.009954474746380403,-0.007796045792002594,0.002047361893548312
2015-05-08,-0.004834394255686257,0.003983954882185114,-0.005130703242969439,-0.006861548947060544,-0.004732568408751404,0.0005476597180564969,0.0027136709904767636
2015-05-11,0.0009578316039123043,0.0025506203667314984,-7.246128899842081e-05,-0.015593915756264029,-0.002991869137825284,-0.0009204062782170227,0.024350488501860192
2015-05-12,-0.005245362142094906,-0.007348734333977565,-0.0015003034691830235,-0.0029877741735867395,0.005160297010785929,-0.0015088888370469247,-0.0027637678378469458
2015-05-13,0.0034085242373057783,0.022999039099962388,0.017453880644293138,0.005157163338965911,0.003086618935943737,0.002431840543067959,0.007057305550521814
2015-05-14,-0.003239403049226139,0.009636748988796443,0.002062070568358621,0.0040944134653321616,-0.007046458412022193,3.880456015701854e-05,-0.016359946521624275
2015-05-15,-0.002176604646734368,-0.007677690206929352,0.0013146048172308002,0.029721721729233062,0.0012969970250095238,0.00444188376336404,0.007336808952496468
2015-05-18,0.004650228021897108,0.024108489059016903,-0.002991247965939207,-0.010474979147933385,0.006613733554015294,0.002059517636382945,0.002188207335660812
2015-05-19,-0.0008446706767607371,-0.007471753755672784,0.014845456227922785,-0.01401680937983325,0.0054079580757343424,0.003224393320305476,-0.01854714051673238
2015-05-20,-0.0031731317047122734,-0.00930771781201161,0.003533513378542951,-0.004363916255532234,-0.0009136324062042048,-0.005894634905539801,0.029202587027011964
2015-05-21,0.00043478336490183184,0.006098416635832495,-0.004449127600495924,-0.009725413479233844,0.011839105964894518,-0.006196417205726221,0.0025991993606437527
2015-05-22,-0.004696030708206549,-0.006935729881582221,-0.00849439406848507,-0.01548835464804856,-0.0007007639475385716,-0.010450178390585147,-0.0015902339367370808
2015-05-25,-0.00021116103002282878,-0.016239300580530004,0.01304483118677628,-0.00871637369574661,-0.0008490804606052867,-0.0019876867020265808,-7.783418914212572e-05
2015-05-26,0.0053825927257998155,0.0317450976810754,0.012560444267635022,0.023590764212681154,0.01289060626575718,0.003525950193772141,0.02157727257591243
2015-05-27,0.0033196144345602908,0.003184617740934929,0.004908466189929109,-0.02787864391897309,0.004321150381018529,-0.00406622806493987,-0.018721765772857755
2015-05-28,0.0009215171670807449,-0.012820511965652608,-0.0011171207805733075,-0.0007017831259606668,0.0004416241370045562,-0.003808060319663353,0.009245367988581322
2015-05-29,-0.00020694206130302876,0.005122403493019486,-0.011193026125317647,-0.003798820047557684,0.006120710614431985,0.003967791636146788,-0.012770658697214814
2015-06-01,-0.0020322395817661083,-0.012662015385920818,-0.00842775928185675,-0.024565883656779867,-0.0012566124733516034,0.0021043306020659927,-0.013233777909390199
2015-06-02,-0.00021242626322147138,-0.0027291361715049544,0.010022435241821717,-0.007013816244056483,-0.002222321810219623,-0.0026899959013114943,-0.009904248572339769
2015-06-03,0.0022667465805899364,-0.0006004565047156,0.0012568055319334478,0.019151479553070224,0.007334304284100255,-0.006114330033260785,0.008669663911842929
2015-06-04,0.001052590523426921,-0.005020261826706408,0.003055292544382713,-0.027167136190226596,0.010034838069054362,0.00353938829196302,-0.014722007226341679
2015-06-05,-0.002191648204894434,-0.021210268585175333,-0.006052010376738563,-0.01138766877285676,-0.009185694709443968,0.001550779106725244,0.01204349311673246
2015-06-08,4.055769781649777e-05,-0.003625515793050472,0.003928693396461009,0.00039156976335581815,-0.006039323317234205,-0.0027054739503248903,-0.000504171148149424
2015-06-09,0.0011427494802343672,0.0006075075079623528,0.0025464443311498572,-0.02309262024818741,0.005567481781957642,0.00140196028919376,0.027037631723521815
2015-06-10,-0.001400542326127708,0.0031898485687221066,0.027668820697282374,0.011571760484433686,0.001461879308973568,-0.0025635188662902807,0.0255139647393966
2015-06-11,-0.0042864208334534686,0.0027810874617803577,-0.0054798147536932375,-0.0012021983053591735,-0.00888781149521101,0.004289552698792628,-0.001805375590334858
2015-06-12,-0.004510373824169138,0.01247506361451698,-0.004798921171358883,0.009151051308783034,0.004402584760474092,0.0018284214763458996,-0.023518214063464733
2015-06-15,0.003131435495856329,-0.00014206737811273056,-0.0019619901176357625,-0.003994473476867642,-0.008668127674382834,0.0006641688431548862,-0.015451685176122575
2015-06-16,-0.0007933624112173117,0.0011394483854098277,0.010650901415369047,-0.009479293032740496,0.009874642732850896,0.005146240902656927,-0.006591539711460562
2015-06-17,-0.004085010924954586,-0.019325519853275817,-0.0005112112253320578,-0.013036451765844427,0.005827816954458309,-0.0029193323469725537,-0.013105612937298646
2015-06-18,0.001284508325302082,-0.007918896407362652,-0.00010047116311180426,0.012965462109383326,-0.00013643942115069486,-5.19501061031408e-06,0.0013975888504794314
2015-06-19,-0.0064224171248458825,0.0014012872827064756,-0.00011661652311716438,0.017836260694468684,0.0019671702137602828,-0.0015656435475109925,0.015220116835250555
2015-06-22,-0.0008205264483288871,0.0022055968561993052,-0.002820224558735139,0.007415292208553127,-0.0025656081835107028,0.005986360606660699,0.022215720393191717
2015-06-23,0.0038457639409551275,0.01965939272033069,-0.011439451762215481,-0.02309516758339177,0.0004041836048235925,0.0015938938882910914,-0.00423462624709702
2015-06-24,-0.006218561525190362,0.010506922750606058,0.020488202714245684,0.030476447697661873,0.006437441177289017,0.0013716424342487057,-0.002025533975823743
2015-06-25,0.0006401131171431118,0.024911745638591255,-0.00027618892265657025,-0.002528294813537896,0.008465884338598724,0.006292138164290931,-0.009808574534659898
2015-06-26,-0.0006959417215022484,-0.006625396601872241,-6.35540649341021e-06,0.016219009316963153,-0.0058239097868080895,0.00317393972613971,0.0014642748451193478
2015-06-29,0.00965479762261338,0.007769817944529244,0.0033004041372228948,0.005671213680534166,0.00013405482034500177,-0.0055955966955018,-0.0017894672028666303
2015-06-30,-0.0006751776399420077,-0.01955295883001669,-0.002803798187804992,-0.03624135286455728,-0.0017023704572429897,0.001059955993137379,-0.00414867792286369
2015-07-01,-0.0012942830299076547,-0.001954675700729235,-0.008062615689695725,-0.0013890398131307202,-0.00039000804104003623,-0.003894148088423224,0.0029764236549030348
2015-07-02,0.0013958138884748966,-0.0017013405026018176,0.02425990915473706,0.0024742799772023627,0.0004893981140337278,-0.00028174192803304035,-0.006831330354285541
2015-07-03,0.0030935980130772146,-0.007107185298571969,-0.005073390866458616,-0.012762677753282086,-0.005344430746323944,-0.00679645943107791,-0.0056136970945102225
2015-07-06,0.0038433521675235163,0.0037090137521074416,0.017211407144723776,0.01428715339686962,0.004710687453158193,0.008570234363865241,-0.0013871650585146197
2015-07-07,0.000602303482464496,-0.00022248075845166345,0.015562645627678395,0.0033729367324742197,-0.0024114033814388747,0.0029694549917952417,-0.006663427921939617
2015-07-08,0.0024838927188391884,0.005670152656372813,-0.00017271049168417354,0.008438499233206234,-0.008126775675735057,0.0004821878756336266,-0.0030489450830773557
2015-07-09,0.011799090087376896,0.006800803900027066,-0.0010017415120292324,-0.027099477021086105,0.011152626378858058,0.0015244650982882205,-0.016225528706356945
2015-07-10,0.001695201059769845,0.008113754910710681,0.007906579960832572,0.0028379769055028254,0.002392655168207986,0.0019603379565495396,0.005265246336304864
2015-07-13,0.002049546094662579,0.01354963781978168,0.0029517236591494194,-0.010450882731450537,0.0013036229741889747,0.004310090035007565,-0.020414029081260027
2015-07-14,-0.006773031040855506,0.007489301626106648,0.013763934603530044,-0.010922873994118948,0.0019346280353556293,-0.0005676127532288328,0.002510749236540322
2015-07-15,0.0015721278541573043,-0.014988964745905825,-0.011712369222754117,-0.011359085462987807,-0.001839476409769463,-0.005012083726818792,0.005314589081952387
2015-07-16,-0.0013202491119481416,-0.005956151463672003,0.0019504230327123105,-0.0019467489707618558,0.004688729364027688,-0.003380863761531473,-0.016043182943638937
2015-07-17,-0.000889154127532927,-4.295963894701432e-05,-0.01219938734414364,-0.023935185155664607,0.0012883159246607964,-0.002664703338486281,-0.01924274689076122
2015-07-20,0.00421137723600355,-0.0059581528563105585,0.012254165088472274,-0.0002469641973339132,0.0030959105610903074,0.0002456061166041624,-0.030965850123733863
2015-07-21,-0.004197160174023752,-0.0037376561162319366,0.002057933081669778,-0.025585799608720504,0.00042927083405718247,-0.0038086066259396868,0.0038208418044248875
2015-07-22,0.0002723966146912575,0.008586157936581794,0.011737138431247556,0.011487625598451325,0.006166031740398195,-0.00023383065991749256,0.035329353173537796
2015-07-23,-0.004525291621194426,-0.008655287159729361,0.006676666217215095,0.014182948044435095,0.0016064208523987069,0.001985423205332668,-0.022614020522550668
2015-07-24,0.006707214644353977,0.00024171804660264124,0.014683759151942538,-0.031876897733029395,0.0054025029173034545,0.0005638243529142798,0.004389344231780322
2015-07-27,0.0016182857732498458,0.004713602863935339,-0.009082514975986746,-0.003043929773430086,-0.0009002472592950629,0.0019729591726544964,0.009260519960025075
2015-07-28,0.0009519055689805444,-0.01506995470445514,-1.5496858417950534e-05,0.03697365984139129,0.007017209174095802,-0.01252692609912582,0.002496852930837326
2015-07-29,0.0040784897524972375,-0.0006853609913503479,-0.0029969481763680375,-0.007348635274069622,0.004037325624739459,-0.003637579419445917,0.011587935617106474
2015-07-30,0.0001260273332964209,-0.011394136684826757,0.010081542920807124,-0.02390217051992608,-0.001800403277892682,-0.0014105433478355971,0.024335835835588092
2015-07-31,-0.0023900916373040004,-0.02700005169282894,-0.009159737502258824,0.0008987378033291995,0.0017660725833607137,0.007206180472202411,0.008014341959887792
2015-08-03,0.0011016927246893622,-0.01043770478549354,0.01540168973983616,-0.004747159284818048,-0.002700152712964918,-0.0010531170846793613,-0.012550450472255857
2015-08-04,-0.0015100861774259592,-0.0038026860283814135,0.006514046722488376,-0.004339842846100818,-0.006899115052898033,-0.006271274934359672,0.007016599504949236
2015-08-05,0.0006405043216986487,-0.006645771265583894,-0.004838094157793047,0.0031876747936263063,0.007327963618543948,-0.0029796334239532932,-0.001600712873631689
2015-08-06,0.004183093594382628,-0.007683122562535413,0.0006332986184033117,-0.004381860577259166,-0.007065226991141515,0.0005895867961501336,-0.0009143120613425606
2015-08-07,0.0025703439369265096,-0.0132823539334286,-0.0002502409856770267,0.017258497085772574,0.010819550043145911,0.00485375422378967,-0.019522887944072892
2015-08-10,0.0021542163663242214,-0.005120273193949663,0.0031864227891721286,-0.013480595240536051,-0.008862302075138767,-0.001165397073524332,0.009088486104142247
2015-08-11,0.0015020026218865636,0.005099066859697405,0.0034223889936089978,0.0072495141360858365,0.0037269185946301594,-0.00040353392714239137,0.001758741117153091
2015-08-12,0.0073230552901743995,0.004622945062343244,0.0035652658370771955,-0.0008636530130685291,0.0006171762981471212,-0.0004624027749061014,0.00152063259841108
2015-08-13,-0.001672867129266752,-0.002836708133281141,-0.008345167489354542,9.54458175932318e-05,0.002447417408186458,-0.0012076858444991746,-0.024551038552292327
2015-08-14,0.0027114935558546563,0.0022885550558792594,-0.00834551052240918,0.008900283935441278,-0.008488607326769797,0.003320647204878294,-0.0014901931713788958
2015-08-17,-0.008725488662278449,-0.0021681998810268097,-0.00680497522993662,-0.005636418148177798,-0.005778830099667833,-0.001710368155878835,-0.002724645378044034
2015-08-18,-0.007076784181345317,0.011550082928981171,-0.003189870747670116,-0.005713458916731865,-0.0065815124052980645,0.0025845572273407026,-0.010834594540956578
2015-08-19,0.0008859508822705233,-0.006883373709549861,-0.005352062637224479,-0.020278984705140606,-0.0031904581594924203,0.00012496514661941875,-5.4776180229264285e-05
2015-08-20,-0.002792379745022586,-0.0026929293518637393,0.00776333348336141,-0.022856763456879682,0.0013051046750712691,-0.0027318033438515216,-0.010467437580952463
2015-08-21,0.0013940493146312172,-0.006199173408769545,-0.011889227871191009,0.015677742608202424,0.0035584601710444254,-0.008267635259168647,-0.017837935088935653
2015-08-24,0.002723835703476527,-0.0025115912879578373,0.015582046629781228,0.011218684469378255,0.00284736314106465,-0.00305381040225695,0.008442369848184902
2015-08-25,-0.004753071766026385,0.012989362581097933,0.004257563836274668,-0.006435068647433357,0.005687197161102645,0.009613049415374966,-0.002576632978484507
2015-08-26,0.002551659638919291,-0.004332584758947581,0.0014553905461701126,-0.02537394302176367,0.0016136617924660788,0.0012785972995963113,0.017344607947325386
2015-08-27,-0.006830034888317248,-0.006763463442040864,0.009921920578695008,0.0012367114586564676,-0.0015170707538511188,-0.0035798124217797703,-0.005887516241334112
2015-08-28,-0.00695343788646902,-0.010951685347624874,-0.01289825773204793,0.0006060158059101304,-0.007203837656842632,-0.003839926954371082,-0.0042481603487494425
2015-08-31,0.00015733866877467337,-0.00655721038160614,-0.010811878443121639,-0.0026398547777503325,0.005195071388656415,0.00023129769145608024,-0.011479054994167046
2015-09-01,-0.00014258715970215835,-0.024750856080789113,-0.003845678887096474,-0.011967974131309152,-0.006644220686313509,-0.004001609580018845,-0.007200752335574263
2015-09-02,0.004319845509735029,0.014542882947527513,-0.005850860775923808,-0.009035312156370462,-0.0011004530010169764,0.004148550581666167,4.1115816871683104e-06
2015-09-03,0.0007211606104356376,0.006329367985545815,-0.004665539520597217,0.020902258693639857,-0.0007048270006505238,-0.0037227593310005607,-0.00019361344002861465
2015-09-04,0.005277728695911478,-0.0030265230177719386,0.010957573573874314,-0.010736963836505437,-0.002284690052433467,0.003744008683927875,-0.011231519746323736
2015-09-07,0.0036401712823838435,0.0054523420210449685,-0.006526057839761289,-0.0036817269045572774,-0.002454780801515624,0.0016719168760486885,0.019900837521783996
2015-09-08,-0.001332823045349985,0.005715582032835668,0.0004718750473061112,0.0028989981844945675,-0.0006992759081498446,-0.0031624888285130322,0.007128639821879538
2015-09-09,-0.0010049706089437886,-0.011204496181865458,0.008441399564383369,0.0024075866290046433,-0.0014883236157562292,0.00498578844294044,-0.021543944962483488
2015-09-10,0.00524129912515154,-0.008101688170364127,0.0029476693239732935,-0.012567296611486018,-0.004110561857474974,0.005584342956375272,0.017654705044307155
2015-09-11,-0.0007349053679206265,0.0036319464568527146,0.0007594389299048808,0.02868817837211201,-0.01327849370747324,6.062911182830804e-05,-0.002488929006569038
2015-09-14,-0.009273885535388967,-0.00846813651793938,0.01421644412978685,-0.0025960984262932653,0.004114693239297113,0.00458893980248687,0.00225938748136879
2015-09-15,0.0006318239793380449,-0.020095745737799195,-0.008952765465880346,0.008072641286184894,-0.0018646889820857762,-2.381655008944862e-05,-0.0024480581777003704
2015-09-16,0.008918043177192216,-0.0011121945525854923,0.018569674265988854,0.0016247570236607323,0.012620884728898829,-0.0022448851569045465,0.0011964873816807874
2015-09-17,-0.0014247520567709892,0.0009960988547498824,0.01167155646550155,0.010193609893575956,0.007543593436599757,-0.0018270819599158885,-0.0065214179087230845
2015-09-18,0.00021442049386216438,-0.00037958956501300616,-0.0017475560698332307,-0.01499082356871975,0.007711329056249485,-0.0004563405672449692,0.014006069920049205
2015-09-21,0.0002009736201080489,0.007766052516493755,0.006422216943596896,-0.009324384982370178,0.0038262145450971763,0.008695080679288704,0.0016659125994297648
2015-09-22,0.0037551182241803397,0.009897434550434441,0.005355772150026549,0.0044721095482634825,0.004764198666900945,0.00420458135701767,-0.015725135720727704
2015-09-23,0.0011392146476671026,-0.0016887997994447798,-0.003604335242554686,0.018757354788475393,-0.005238902472320401,-0.006255648310631435,0.012376976205264154
2015-09-24,-0.005531593181111021,-0.025380274604967498,0.004386361499593535,0.0021648500675909717,0.000643575401933702,-0.002917665155844525,-0.015903153530075074
2015-09-25,-0.00459316367678768,-0.005313723933656423,-0.01450229093898583,0.0034055947733840058,-0.004873794876635374,-0.0008887040157113391,0.0015663303718098675
2015-09-28,0.001697203052684983,0.006672216117187129,-0.002046725705905471,0.003214391656220756,0.0019081849614660598,-0.008882043535658723,0.010677581909246439
2015-09-29,0.0007497706591555291,0.007011904542240613,-0.011561852039953257,-0.006197815364316563,-0.00620399192951214,0.002592451940538549,-0.01676195786435084
2015-09-30,-0.0035646307358559192,0.004717656081275758,-0.006773312607487693,-0.01251865574900251,0.005289406980248503,0.003998359240683626,0.00623877924379917
2015-10-01,0.0035448493046155213,-0.0011698388169061203,-0.0009310845014038668,-0.012062721487013848,0.0020907833540169045,-0.0012074841636814443,-0.006683585353895303
2015-10-02,0.0025496092346753074,0.015183471784161877,0.006431326121839801,0.03143101063706135,-0.0035460048676853448,-0.006929196950809503,0.01623707138814502
2015-10-05,-0.0029373438584912584,-0.004586445682291134,-0.018758953194280906,-0.017145061384315013,-0.009944227887351248,-0.002989373628142258,-0.0052240784056392315
2015-10-06,0.000509842770696223,0.014920295332576754,0.008468982897804494,-0.01997207806778674,0.006436478833663911,0.002599488801079617,4.262893308477797e-05
2015-10-07,5.920159650741606e-05,0.0024359994652078092,-0.00645241203344664,-0.0034176530829058156,0.006844923409785686,-0.0022940827172545576,-0.013102485521693333
2015-10-08,-9.683016283604671e-05,-0.013474381297615261,-0.01833794065509712,-0.011850380665952351,0.006733730034150014,-0.0007412499592999826,-0.005114827806758964
2015-10-09,-0.008370620059417373,0.0014137696275613643,-0.0016150001015796261,-0.005071746901487728,0.00021439564874309007,0.00018319951054717132,-0.009325088450245092
2015-10-12,0.0014774190552847414,0.014850433248674806,-9.277931894610706e-05,-0.010881992360056861,0.0008822273410969824,0.004520926531696673,-0.013830485543345374
2015-10-13,0.0024642402671036586,-0.006952722632670245,0.0024662725555820502,-0.01047684068430971,-0.0025143335288240233,0.006199493927672536,-0.019113012378848628
2015-10-14,0.002091470777249916,0.021464499572454315,0.009780508813793349,-0.014754844100571898,-0.003988225240968606,-0.0010164137975863944,0.007522853795118288
2015-10-15,0.0010537736006354717,-0.014631013769105137,-0.009756174548804853,-0.01794416975184686,-0.0016220175375396655,0.007209556931020229,-0.01779202609938976
2015-10-16,-0.003757843544496985,-0.0151523636515272,0.0034031427983117414,-0.0001657555264765559,-0.006304505104973691,-0.0024221079112718637,-0.006977581211819178
2015-10-19,0.0013335688233922166,0.03243068297645292,0.009405378142729147,0.006991456665285978,-0.0008837818849820574,-0.0033947296411973565,0.01729106585792225
2015-10-20,0.002867425205379241,-0.004257099003885266,0.01241153472358467,0.0012875387982930718,0.005725777261864594,0.00224790233440286,-0.0026646989562062687
2015-10-21,-0.0036695503812689385,-0.0033954675571498125,0.006734113281877173,-0.004324302785967935,0.002713446698919561,-0.003884614464879674,0.011843208991717282
2015-10-22,0.0014017692577204407,-0.013648834331010964,-0.0031767012640519566,0.010669398841410637,-0.008622430828539914,-0.00541361089589118,0.0005704508457838938
2015-10-23,0.00868334958832124,-0.004089642493844161,0.007287509672548668,0.0004375786584551448,-0.0016970708470356393,0.001584668077313133,-0.006853710962293838
2015-10-26,-0.0012812236330189348,-0.02030377023155566,-0.002818601080711328,0.010481946380051373,-0.0017959385940687555,0.0028152062444999,0.0036434404355802337
2015-10-27,-8.816596958604602e-05,-0.007507031613109881,-0.0055656310152375965,-0.025090414742911172,-0.001116845262276363,0.000777661772347124,0.01650442455862482
2015-10-28,0.0022632878971092286,-0.009259859004608134,-0.014332095403278195,-0.009280934889517206,0.0038687841774191303,-0.0011083906228667095,0.0006270782902661933
2015-10-29,-0.0005745040610733315,0.008230638316614608,-0.01490401368190656,0.02380826353092468,-0.008177433544811707,0.0015396092757980215,-0.001529987928856178
2015-10-30,-0.00031331304931409487,-0.0030189797293959384,0.002120874450431142,0.007690257877740748,0.005844703601135793,0.0056048359312305925,0.0015670868038845688
2015-11-02,0.007004718377567736,0.004237652276246071,0.013351902556186086,0.0071327813924588245,-0.0009821734846001103,0.001996599507914411,0.007185567055735581
2015-11-03,2.120707191355717e-05,0.004890271132550253,0.00906675399741299,0.0032678292069447433,-0.0159764675709618,0.006192748010614059,0.0013024238336692474
2015-11-04,-0.0031431311743158716,-0.014768610759491726,-0.005882537032294481,-0.010755327899516078,-0.005499604977894672,-0.0036745925938046612,0.005852281690596296
2015-11-05,0.008271479143515763,0.013440098710126835,0.015207895378620741,-0.003835288942976282,0.004297675479878912,0.004157002567523737,-0.0070695100347616426
2015-11-06,-0.0015529256038140354,0.009422295253896177,0.011250916620432252,0.007012493420912752,-0.005776118617236001,-0.0007585395847462444,-0.00983819658701124
2015-11-09,0.0004508105793675617,0.003215526964431669,-0.0021114432499022393,0.004128680318062148,0.0024923906958636386,0.00120135263817838,-0.014020279255857611
2015-11-10,-0.0008630604678499004,0.004456599876979159,0.015723800723884632,0.0014269212839334777,0.004738227905639183,0.00461671052470235,-0.00012834753007454866
2015-11-11,0.004743645345023774,0.016380002770329905,0.016904004061286587,0.012169571777847683,0.016402195330951382,0.00027586964826688335,0.026167399578104867
2015-11-12,0.003223207558362333,0.017335607785900507,-0.0001561409761881212,0.015155358048120968,0.009313970029669431,-0.0029789876191446242,8.465089608780788e-05
2015-11-13,-0.008415037518541531,-0.005920027501523157,-0.011340685306331066,-0.0018906635557124673,0.014661661145055993,0.006105348656714281,-0.021736766835555314
2015-11-16,0.0023729601531155354,0.010529033602548797,-0.0013483033637319392,0.0036698794243892,0.002531857288065836,-0.0044439531213145205,-0.009527624583533376
2015-11-17,0.0008391890274695766,0.001539468277159333,-0.006458983072071194,-0.013547218709312843,1.5913407497206953e-05,0.0037554708809980613,-0.00361573677449898
2015-11-18,0.006640943606646285,-0.0052844735388991,0.0035297042536350056,-0.009050250173946213,0.004908527840449524,-0.0017848464398591984,0.019211306033596613
2015-11-19,-0.006612470744926042,0.017359771364046206,0.0006584607890274109,0.016519237143194327,0.007356302702496801,0.0035232121359678073,-0.004633573023142839
2015-11-20,0.0025503657221581273,0.0232863116784159,-0.005289179589405067,0.035273376271436306,0.002184112278586303,-0.001548786498242116,-0.00595779694476278
2015-11-23,-0.0007431510887171679,-0.0235498010529321,-0.006826832355233041,-0.009466464425704264,-0.00783884223365112,0.00145474915993503,-0.006234547129542234
2015-11-24,-0.0023931861258771007,-0.00495426552279182,0.002207669255831112,0.002566481779751203,-0.004518989814623072,-4.0553524468565666e-05,0.0014479508703674258
2015-11-25,-0.004407871135875784,-0.005423917259590909,0.003697661992305175,0.011738295242628058,-0.0024432328041778567,0.0018043646822184793,-0.008892209873396319
2015-11-26,-0.0036459632151027463,-0.004639121209623218,0.013032250492782881,0.007338092304300814,-0.001571513453735591,0.005881817309083061,-0.0010047401811644123
2015-11-27,0.009088960883265796,-0.001993476910109287,-0.007124627749070567,-0.00944188627058125,-0.00020705828962135815,-0.0023477631068952285,0.025843123674023482
2015-11-30,0.0014245102540468735,0.0061314930118400775,-0.0033508952897909647,-0.008866438335997281,0.006892736760637054,-0.0054430537446351806,-0.012874217006800035
2015-12-01,-0.0008392371137817083,0.015633991550715386,-0.0021998283524467164,0.010034248380570456,0.0005924125076361903,0.0053034710504423965,-0.016583818268635742
2015-12-02,0.00309386201441678,-0.0009850544200982086,0.01001352891356502,-0.011806700387985883,0.002081189239596958,0.0009272471375139574,-0.011540459968956253
2015-12-03,-0.004971668056925508,-0.00914087419173999,-0.0012954699128222655,-0.010493057848571994,-0.0026688953465181494,-0.007850683238818944,-0.0012415266903636282
2015-12-04,0.004244359381313118,0.010258876740869581,0.0016927258909435596,0.004272817572763448,-0.0033952008544465857,0.006922152550095506,0.023432477503744668
2015-12-07,0.0008092965831160596,0.03108319243152735,-0.002979259868368589,-0.013903923402569903,-0.0012865385409766817,0.0008172439865329157,0.030481859558101978
2015-12-08,-0.0009746400241074388,-0.010655245173180483,-0.010237396191786556,0.014191761612596207,0.003560804122041498,-0.002985972927398729,-0.023490876723783794
2015-12-09,-0.0043643882862344045,0.018439782838425622,0.0073787872552433294,0.009480826886043913,0.01173860769043947,0.008796782516796085,0.0010119384703466126
2015-12-10,7.971273822666956e-05,-0.006887168867890786,-0.0034667554899815594,-0.024808203856717545,-0.007980491811635909,-0.00667770748484683,0.013723888799991776
2015-12-11,-0.006095628409147543,0.020374299688567278,-0.006886898677620199,0.03340570555664088,-0.003649407564612827,-0.007151745105159196,0.02400911664333453
2015-12-14,0.005757480033825865,-0.008176253582086136,-0.0022166321788248283,-0.019045670237786524,0.0005070616717171477,0.0011973002559510827,-0.008682889854363782
2015-12-15,-0.007125588317670328,-0.010115684159213875,0.003518747658737674,0.00021491946590115982,-0.0031666246625227062,-0.004518193021240879,-0.0029228997264093637
2015-12-16,0.005785810038151654,-0.010936488866950771,0.007809365871988144,-0.002429408408423191,0.002437511464826116,-0.0020342736950512545,-0.005687450778152209
2015-12-17,0.00012711920781002974,-0.006137612572759595,0.002668802606073867,0.006943844443170558,0.01223367334354345,0.001593801344007554,-0.02475659345734685
2015-12-18,0.0048020908610705145,-0.0002753418118067696,0.02130331285799726,0.0255831994121899,-0.0016122841387123147,0.003501518681820193,-0.0032243549403976296
2015-12-21,0.000160763339294053,0.008074887537043841,0.011885854865286129,0.018749579020838878,0.0012135616641346567,0.010117672244213003,-0.0027094334820459776
2015-12-22,-0.006278822616773696,-0.019627279857906504,0.010313637751413647,0.001506447536371921,-0.00038112764499509367,-0.002881142677510733,-0.0027100909034131425
2015-12-23,-0.002998393282480068,0.004223076802834997,-0.0014276051269711358,0.009490017456126529,0.0014050275420041279,-0.0018769697421671372,-0.014001182943493635
2015-12-24,-0.006033217706462189,0.033176481306473174,0.01617410049234715,0.035264529550553626,-0.0027941281994973022,0.0005697291644837566,0.004016161678648868
2015-12-25,-0.005098344781664125,-0.009297088992252648,0.010372402809653035,0.01713015673178969,-0.006815417076076463,-0.0023181656808820557,0.014371848113380643
2015-12-28,-0.002133892717880637,-3.351522679665951e-05,0.0032852491905898088,0.008583837026908148,0.0011748651711412192,-0.0026063439515803875,-0.0034335550539212633
2015-12-29,-0.004384613576683503,-0.020514630781347257,-0.00473876875136254,0.010493175244167203,-0.010742785133868608,-0.0012306143574265396,0.009880690582225982
2015-12-30,-0.007196958034421618,-0.006466348759536186,0.013132781687926039,0.01508688695383417,-0.011819808260317567,0.0012600687577151316,-0.0012225927195579098
2015-12-31,0.002915236361694161,-0.0068929450618741995,-0.00027281158334546235,-0.010964833541947527,0.00065979155979299,-0.0017333598778392185,-0.004349972285681527
2016-01-01,-0.004552434728282352,0.0037552193377037362,0.000687564275672874,-0.02103460944842649,0.006602654194811311,0.00024670200281543003,0.0019865760437203415
2016-01-04,0.0032082562451227104,0.0053205504748817765,0.013091926047165832,-0.0017195210876694957,0.008127893701946233,0.002268275454547302,0.0060750736711142365
2016-01-05,0.0017645217365483933,0.015496848907582577,0.009377050384083643,-0.0020671742105785526,-0.0013843329518487802,0.0011642087561458767,-0.004569769283682382
2016-01-06,-0.004058781957687354,-0.02709165894700646,-0.01940909636573749,0.02363353256225187,-0.008779237958381177,0.0038011559977201566,1.549815685138379e-05
2016-01-07,-4.903270851871843e-05,-0.01784309895003092,-0.0018640377181166664,0.025897572627897988,0.006558989547916399,-3.830280019980896e-05,-0.016045267731656168
2016-01-08,-0.00367867334554473,-0.01178824395532577,0.010093748775361221,0.028020147456214513,-0.0005814204463062645,-0.0022233587037285177,0.021735443913176573
2016-01-11,-0.003764306395609967,-0.0010965826268907353,0.0032371536353461585,-0.01015109240916016,-0.0033729515461771616,-0.0027344675416084104,0.019501254783983655
2016-01-12,0.007807493037781924,0.004857776118175338,0.0004903912040475631,-0.012243271898645835,0.0022765433160199197,-0.0005849376022053067,-0.003227037327897358
2016-01-13,0.0018029364574179095,-0.004014912066683482,-0.0016612589913865346,-0.004615426989101837,-0.0015885992260082438,-0.0016187111168182845,0.008262416680253721
2016-01-14,-0.006932966250071546,0.015540314503339247,0.000802596035955249,0.017270813749803198,0.0036318688437901327,-0.0028360293682379643,-0.0039587448400476375
2016-01-15,-0.0037790900419612046,-0.004989352573747041,0.005336869003155826,-0.006579752865181587,0.0035700960875622544,-0.008836125086081458,-0.0010344433241835508
2016-01-18,0.005018564059640548,-0.0001276032014373268,-0.006247381040705908,-0.014608992994988034,-0.01643377907502385,-0.0041501083578119645,0.013516163671423841
2016-01-19,-0.0019804183501081333,-0.006760146123960562,-0.0239803322554652,-0.03122744499530357,0.005918625342775522,0.0021623264758508275,-0.023516166205641714
2016-01-20,-0.0021722974484354595,-0.0016811343498701716,-0.012358399890478846,-0.0331216401516803,-0.0005481124346164394,0.0024312448145229278,0.002509250333029885
2016-01-21,0.0038509604826188096,-0.017056349219099633,0.0002269757913930985,-0.009729071287761503,-0.00042588771525873376,-0.0007580479900658971,-0.011622815537151512
2016-01-22,-0.011721199539184156,0.008152209043135501,0.0005563090418141193,-0.01448044172047155,0.002527543717234534,-0.0016685648205461289,-0.00011597943302470741
2016-01-25,-0.002723668011123641,0.004787128434582708,-0.007950388931525344,-0.016381239829310626,0.006821647416278923,-9.288471910525611e-05,-0.0037627404421817297
2016-01-26,0.0031198651368946396,-0.006873975333985686,-0.004061246266853627,0.0006073434624740493,-0.009121978287394868,0.00023107964111622668,-0.009535501168777133
2016-01-27,0.003771901063211291,0.007825589138516656,0.006401746441855472,-0.024025877748725815,0.002348822501146498,-0.002565109366995273,0.00010409214464006696
2016-01-28,-0.009111147648509694,-0.022398289646974576,0.0062954318630269925,0.008551894197561185,-0.00461946830961989,-0.0053091114455672975,-0.008160712980267904
2016-01-29,0.0009506255222971323,-0.0036666559380972444,0.01511794358772814,-3.2948758094643034e-05,0.0016246529989435404,-0.00444472295512421,-0.0004664997194330079
2016-02-01,0.0008579678326610506,-0.004054234504829271,-0.004875580629449135,0.003107256937155991,0.008246755489194362,0.0007404122697990654,0.009757940343972829
2016-02-02,0.002636417280092707,0.014033906241902044,-0.003545945946038981,-0.0022882463275306544,0.00014770680298252512,0.0029339303029175304,0.009170265856915546
2016-02-03,0.000650226327647511,0.010676555078310218,-0.004103824241689144,0.015011396894077373,0.005798424263399198,0.0029140889195966,0.0012821983923054303
2016-02-04,0.0030033022461475887,-0.009272702893523664,0.001961507761262093,0.0020495459139006633,-0.007664942182527055,0.0014180021700178531,-0.01460002615037328
2016-02-05,-0.0015616785406080901,-0.0002485170839043879,-0.0076535712319907735,0.0008106251216781969,-0.000347591702503147,-0.0036010456122995845,0.007241462414676918
2016-02-08,-0.002906635565166293,0.025819592887606137,0.0008311653357983095,-0.010651167175391022,-0.003621553116080202,0.0054866721624030395,-0.00037720761241645805
2016-02-09,-0.005305072278340835,0.0077238832025495726,-0.004918320742216319,0.014078487492014667,0.0042527805870087535,0.0006159636461081706,0.02949920718006299
2016-02-10,-0.00674899153098037,-0.012758880355513225,-0.006050851577060555,0.035516207119944083,0.006514193810234929,0.002987479629362784,-0.010274788692595667
2016-02-11,-0.002560067428002733,-0.010999755369184882,-0.009664237377764433,0.020651479229366148,-0.004151004055647601,-0.0023177001612115504,0.009184069058650404
2016-02-12,-0.006504132690203082,-0.0023197384939042218,-0.01307936926638341,-0.0038854752724020326,-0.00519339098840425,-0.003830999135636451,0.004441541791340165
2016-02-15,0.0010348563747332549,-0.002159820694257657,0.003781936977403812,-0.013102432050182728,0.005069875769117665,0.0002062713399391657,-0.006840050924167672
2016-02-16,-0.0030290451812815485,-0.00424455807943389,0.016933317848025563,0.004475391146523064,-0.006033162876229738,0.0035627011743753173,-0.0008911859898393167
2016-02-17,0.0012850395643918943,-0.006624935716901508,0.012299236427736313,-0.007789511611821886,0.009382572396316652,-0.00268416028595686,-0.003519767463802544
2016-02-18,0.005750000643547104,0.004565243404451344,0.024682683497617368,-0.00019798896375255429,0.0048053928285474775,0.009646661203592526,-0.017329400132532907
2016-02-19,-0.006401020604569578,-0.01233603841932628,0.004590507589161088,-0.022131481741425367,0.003326484457385296,0.00216093596948337,0.021930470587290692
2016-02-22,0.004331952770590638,0.006251045292767754,0.015460464756009143,0.011295318643071624,-0.0007502235151643642,-0.003262666115276333,-0.001557745904160848
2016-02-23,-1.0295999111119774e-05,0.002054327096510594,-0.020664452200285562,-0.007426277299703905,-0.0008369255564583634,0.0014675446921759028,0.01466695582602307
2016-02-24,0.0008926164624466459,-0.010407094235910566,-0.018616028384311385,0.004127839778694481,-0.007147609123660314,0.0016501452730056224,0.012013096160437609
2016-02-25,-0.006026318364821113,0.0038421867116228527,0.011168993518486313,0.023240763250121838,-0.01282268396878725,-0.0044288641894472455,-0.003880376117284148
2016-02-26,0.0022438975639874183,0.005896053045642517,-0.025027589353699045,-0.010270622910532379,0.004007158389436032,0.00044058406222554427,-0.004098801513371497
2016-02-29,-0.0013099793092887979,-0.013170512906278499,-0.001980277873783101,-0.0010251331394624452,0.002544671508336894,0.002228735999128978,-0.0020046249476428774
2016-03-01,0.004529647144672497,-0.0024273662328792587,-0.01289605028307886,0.0017184076642665141,0.00026417746342597727,0.0016625181046928694,-0.018924513415056986
2016-03-02,0.007313206739360309,0.011702991930790245,0.0008793824152748568,-0.015709422254175733,0.009097488465588726,-0.0019467070441082919,0.023875582035196286
2016-03-03,-0.0023028274246470956,0.01935871623094852,-0.0004093420190285993,0.030124109033361147,-0.004625966081813615,-0.0004033842334047962,0.016223664364358032
2016-03-04,0.0027983168227345675,0.014301434427468604,-0.0022657517317466037,0.002504422186486365,0.008463293742671539,-0.0014473458385981883,0.006761169600834236
2016-03-07,-0.0007266436986097178,0.002098051999536316,0.0008655492635292057,-0.01068462130480602,-0.0007104158980560685,0.0010220224360322965,-0.00065844076110086
2016-03-08,0.006440963458345611,0.014863267976561545,0.006604031626292266,-0.01053338934451143,-0.0016182778895445326,0.009435740045039108,-0.01271608991231779
2016-03-09,0.0006054398958450987,0.004537327774096381,-0.0023154541038372133,-0.015050215983699237,-0.003432850874588163,-0.001606421718178581,-0.0070198243633789355
2016-03-10,0.005460898169202704,0.0023316162896607974,-0.0030547029527785794,-0.0012655841727973504,0.004800009267304476,-0.00045808517645242727,0.007812818250266683
2016-03-11,-0.004934602986736087,0.011658566879181355,-0.00038396565286696215,0.004845405003598907,-0.0040414203575132495,-0.004956597430677841,-0.012340001377643633
2016-03-14,-0.002901116210492608,0.005649300670557718,-0.009709139868048422,-0.023041270230984717,-0.00479080097910362,-0.0014525252623631523,-0.0031403700326714584
2016-03-15,-0.0003655732441298935,0.012069079936067456,0.013483994546556603,0.03746104042265037,-0.009228156776283006,-0.0037015779275665064,0.01838245947968492
2016-03-16,-0.0016661305374814266,0.009445321074512443,0.0025592269751685665,0.028466935220531897,0.005415366578635768,0.0040392033619889075,-0.002687708175832814
2016-03-17,-0.00023984460213175834,-0.0037470283486377536,-0.015201201898930546,0.01910388612439468,0.0020311257701599197,-0.002578280737527644,0.013233103940837314
2016-03-18,-0.002371478466571894,-0.022892721240915206,0.006658651688256634,-0.0209318346285012,-0.0012865032125396057,0.0006447066202329914,0.0022259441169695977
2016-03-21,0.0035436148298118165,0.008468476128059057,0.007511925690082992,-0.010339958426682548,0.004072582008264881,-0.004092491201319985,0.019980620613079144
2016-03-22,-0.0054602768273057985,-0.006584853156332308,-0.015378740823355224,-0.012650801039812034,-0.001611678373309217,-0.0031356665699327248,0.011984894221114938
2016-03-23,0.0010576069001094531,-0.0050336501975839585,-0.0014660375642452565,0.01746604107064916,0.00427122130785266,-0.004713871855019003,-0.007261209097005077
2016-03-24,0.002049165209600946,0.005097043937251937,-0.009028380252811035,0.009799344674744713,-0.005562698059728379,0.004464408421801726,0.00516784341296437
2016-03-25,-0.00437771195161641,-0.008264549036122192,-0.007636800239501053,0.002049613045393888,-0.0029221766701163668,-0.005615967753370923,-0.014289115828818463
2016-03-28,0.002346100200372402,0.0044342209209344,0.002327182471174667,0.00478440532441673,-0.002823899578829728,0.0010249197262759205,0.030446668099188307
2016-03-29,0.00484828316505464,-0.0012575320125487015,-0.0036403836708831755,-0.04781499049455868,0.009026871947865327,0.005299831114149554,-0.014406999242995289
2016-03-30,-0.005576848627826583,-0.01623343255226944,0.0008187884595768243,-0.0006897709166316491,0.002373110733982878,-0.0005011354905961377,0.010471337772887017
2016-03-31,0.0016283051812510242,0.010548258011559543,-0.018760746782108376,-0.021977405182167894,-0.0014348681280622103,0.004499302164066598,0.01719598804259557
2016-04-01,-0.0005069451824915838,-0.007501554323870684,-0.020098427144075667,0.007902596691804443,-0.005612103910288076,0.0095958454907224,-0.014528742293360684
2016-04-04,0.00857112670334025,0.01271829135492711,-0.005856469286655009,0.0002742825344284641,0.006247335161870345,0.0006017060871317066,0.006625529499713648
2016-04-05,0.0034138388368431948,0.008593819616892772,0.00193148629569036,-0.017535128768813378,0.0018143992433988327,0.002177280575303,-0.022296447264831955
2016-04-06,0.0008269433794035196,-0.0007938505334502036,-0.012481030777839918,-0.008283636049153801,-0.0021752933735457868,0.00709239861434334,-0.0021435228730980914
2016-04-07,0.004294193955803801,0.0005170869266692394,-0.016866751993953374,0.00452293823981719,-0.0045747566329045275,-0.0020026858930197464,-0.014318980805030098
2016-04-08,0.0004410723652823171,0.01281851030482616,0.010725869313559327,0.02997758994795425,0.010503905499208111,-0.006932764670032753,-0.007580174614669325
2016-04-11,-0.007082788915665624,0.004292637503927325,-0.008591212606621792,-0.0041840345752803265,-0.0023109100961860793,0.0007138251454707914,-0.015096139128249862
2016-04-12,-0.0048854695863050435,-0.0022005686501456448,0.009963970828619233,0.004880880906471799,-0.0047046925769023635,-0.008591610110612664,0.018694496109922316
2016-04-13,-0.002793735796693164,-0.014888136372138785,-0.01929792466564756,-0.027786336848126408,-0.007006225522861608,-0.00218426720785665,-0.017830401641047443
2016-04-14,0.0008928344715373914,-0.002539640978350818,0.021841604098337488,-0.02175194555256135,0.0038974109380735577,0.0027188862581517975,-0.010551599324242737
2016-04-15,0.0005310107804429503,0.00935210375785889,0.002181188570346666,0.02406341021899755,-0.012741309196793544,-0.004044331737064755,0.0244895931349544
2016-04-18,0.0037981167333667534,0.008104401328471535,0.014253546547236288,-0.02642006310024701,0.008323598629250313,0.00686120638957938,-0.009574370985818278
2016-04-19,0.010666981336977526,0.007112142672593867,-0.01719734851888421,-0.002450989001679148,-0.003249804682735642,0.004870012672787586,-6.347196174684325e-07
2016-04-20,-0.002241695763118989,0.01679918931421925,0.010349547183262343,-0.005229462082405587,0.0011915973853219232,0.003338258548568628,0.00023884875994369185
2016-04-21,-0.0011876017953750366,-0.00011620260575774898,-0.010801622528784397,-0.03606220853907898,0.0022692923160176287,-0.006959850595853174,-0.012669177317064068
2016-04-22,-0.0069363515805391735,-0.02269637393626908,-0.0005038804059379505,-0.003568575144907076,-0.0037280581800079407,-0.006617057575201768,-0.005751074947325211
2016-04-25,0.0016558253425228869,0.00010964150730604009,0.008661690853239402,0.016612063773914332,-0.0011589416286026668,-0.006989194798563306,-0.003584848976581242
2016-04-26,-0.00024075834460487,-0.009338266590001977,-0.011385733995370656,-0.0028544780645310738,0.012799603018927314,-0.001884092258530454,-0.005585591329312906
2016-04-27,-0.005098159909346794,0.012440347638678515,0.008310013735156968,0.020421802602850883,0.007817818028246153,-0.0012010042321616027,0.002109309687688382
2016-04-28,0.006989535500994851,0.010634607926806873,-0.018272932096295175,0.001264626478254126,-0.0030132432029562435,0.0035147639946252703,0.0005616520245332261
2016-04-29,-0.006812192812841751,0.00010649767822628716,-9.946746154788546e-05,0.01008637878794156,0.0020213906298156264,0.005095017886269065,0.005847611427639921
2016-05-02,0.00024159412812816666,0.013710976263069538,0.023599000807748904,0.022931583754262734,0.00310854635628783,0.0030298976873001774,0.009732521029881414
2016-05-03,0.00022407389257313864,0.025771432993819236,-0.004422558651398504,0.022370066172537333,-0.0002446695634820081,-0.005394436693294304,0.004589348115637861
2016-05-04,-0.002037110169702901,0.005918320782383432,0.0009196389061156119,-0.012779469199369623,0.009495483832527222,0.005362881350662846,0.015944711023721164
2016-05-05,0.0010978616183261378,5.258947059288096e-05,0.007305946916313827,-0.007338446354330025,0.002036096824979849,0.00024357792743297046,-0.016028403067233795
2016-05-06,0.0006598236125476104,-0.004952316533242097,-0.00265507802010459,0.0041459749019779535,0.006882873767887268,-0.0031380371642324486,-0.0051861132998075226
2016-05-09,-0.002910340348958004,-0.011176603819335105,-0.007946417421205882,-0.004983687608342123,0.001988719289734936,0.0005150550456122247,-0.014906787394445321
2016-05-10,0.005326657472647384,0.013584212759370556,-0.005574642943931065,0.01778704592989274,0.0024256488294948377,-0.00011616775874175907,0.004369153001070312
2016-05-11,4.691649536347024e-05,0.006470555068351083,0.002600414518693721,-0.002850978154724863,-0.010771686572662281,0.0020015054035238742,-0.000665718867933844
2016-05-12,0.003261796162898411,0.007165006630612223,-0.0015198638252733232,0.015552554083661293,0.001424551249232111,0.0008777364571063461,-0.001100449262502449
2016-05-13,0.006884243893372711,-0.005381974725900827,-0.0014574821506362194,-0.024105582382547057,0.006075870757671945,-0.0007281915512583898,-0.010645571841907432
2016-05-16,-0.0019177529903265291,-0.00013633535113120076,-0.012854964080720146,-0.036296531254606065,0.0032736106593126853,-0.00753959341156647,0.008237942330573938
2016-05-17,0.006384130479707019,0.0009069510470070553,0.014964153887012603,0.00018474473794589236,0.011619287904727226,0.0003789289007569794,-0.028212564904021544
2016-05-18,-0.00016964797532124863,0.020169839471352816,0.007426681174858419,-0.0016057384702990955,0.004090128257086524,0.005323921926244455,0.0016150433647643383
2016-05-19,0.010655593171194288,-0.0013612818983033488,0.013199327376920266,0.009038145561235408,-0.001810034424143658,-0.0003546156182526159,0.011971773572022995
2016-05-20,0.0007291533602627319,0.004321580481521835,-0.015283252760962436,0.007469895669381489,0.0006263420985773325,-0.0008201070940857026,0.0025756267879549263
2016-05-23,-0.001486875943710345,-0.007709061174358114,-0.0036481959769705413,-0.008245996396037309,0.012173364308973408,0.003963559633910066,-0.016480133302022523
2016-05-24,0.008295209462703627,-0.001420192087137025,0.0028849596651624792,0.010031717829836376,-0.01039638386102851,-0.0008845533996533271,-0.005382567044832592
2016-05-25,0.0009703228816735279,0.004809500143902562,0.00012750471912233966,-0.00098978035902049,0.006862211946811884,0.0020032120171494757,-0.0007598712085205084
2016-05-26,0.0007414842142200619,0.022097588456138066,0.004381971267396852,-0.0024634929718178222,-0.008815089937713972,-0.00464919598486598,0.0027397172125881463
2016-05-27,-0.0002835087305250234,-0.006737102404003061,0.0026629647655706805,-0.00886029109939419,-0.004973342907946258,0.0022817780544620945,0.015539688725638209
2016-05-30,-0.004278684230559538,0.0009486073262892388,-0.01992007220366238,-0.02447184504250416,-0.004208319276248143,0.003653577263222921,-0.012309210970135114
2016-05-31,-0.0031144121003021923,-0.000990828197952511,-0.0007141006092142739,-0.01024513991275189,0.011601245392965413,-0.0002618669444925233,-0.0004758100057830631
2016-06-01,-0.0014571231730781417,0.004546725990937439,0.012170265481801657,0.030977494337214993,-0.0046850617625850705,0.003815571205219944,0.011744248802919178
2016-06-02,0.004048158619528895,0.000714082946123724,-0.00039013505623334584,0.0127283108652165,0.00567653237719568,0.006464718676589929,-0.001263208692297551
2016-06-03,-0.000277659846969785,-0.029326731654882376,-0.0190267993741905,-0.01583892703954541,-0.008990526311755304,0.0010357752127753757,-0.02215516639821031
2016-06-06,-0.0018552235796954648,-0.006333936798887216,0.010561595498586221,-0.0065991873004801116,0.003272524446704134,0.00136113353676483,0.01096298146626193
2016-06-07,0.0035508708361374664,0.0011836408860545,-0.015295564769674112,-0.008568512995024254,-0.00017098456769311184,0.0010764551904627149,-0.012692961636193415
2016-06-08,0.004713618734876149,0.0022651996026655102,-0.0071941744491559245,-0.010605839921440248,0.012112324666624643,0.0038583346583121237,0.00540630382941593
2016-06-09,-0.004016360898670434,-0.009997289426383508,-0.009030259147580271,0.0015428979804003812,-0.0029011124094950064,-0.003184146032626381,-0.004021499824748553
2016-06-10,-0.0030261506721246034,-0.0035129147962822374,0.009589217482802054,-0.01963441936932842,0.0032406661246827924,0.006268840471974461,-0.003070325297356625
2016-06-13,-0.0019655107275236183,0.010063327540248858,-0.009149168338604475,0.0011069739312015553,-0.006254630998011533,-0.007681051485685067,0.003198170772498595
2016-06-14,-0.004903596045481549,-0.0023625657436890483,0.009119830808828581,0.03382694158614221,-0.0010794170214222564,0.002891502651137451,0.009074227297403608
2016-06-15,-0.001382459244412926,-0.023475605238353982,0.012986686790867447,-0.01654799506269507,0.008257910955284954,0.0027201700733933748,-0.015064348929745723
2016-06-16,0.0013979973472492413,0.02591695768642214,0.018371662259730883,0.0012859421773069087,-0.0005803840421573095,0.0025260661749261135,0.005384081599637962
2016-06-17,0.004948964539264807,0.010984181363299261,-0.013734662851519369,0.0036601530058223445,-0.0007029591086769257,0.00032484210698140224,0.0010305056226258679
2016-06-20,0.00494493100519556,0.013808472950223596,-0.004190237914929631,-0.0015224653873839745,-0.0010467337173480531,-0.005567560807707141,0.0010353410156640093
2016-06-21,0.007529040769630698,-0.016941541032274278,0.0004234233711164442,-0.008000643765617878,0.002208646308764597,-0.0032241636382524977,-0.020818818353249443
2016-06-22,-0.005364407859622288,0.013359045549381275,-0.009884211551588319,-0.003844241599975334,0.01187330159030584,-0.0023011694560914537,0.004367277855189718
2016-06-23,0.004405260004127207,0.014015600086173008,-0.010047069169036124,-0.01272856134971249,0.0033142223608589806,0.008584742216210257,-0.013547036657710607
2016-06-24,-0.0018244581065969684,0.004139429791429211,0.00597480088332463,0.01436788137772376,-0.0049393913925575945,-0.0023387187289012207,0.0079915040581363
2016-06-27,0.005199261029379879,-0.0005072784153277154,0.0014673018828749698,-0.018179648014937703,0.01268996752173655,0.0025112580509117693,0.006766994891904891
2016-06-28,0.0002695892059849192,0.0011154434790564053,-0.01445182426177059,-0.03626048020539768,0.008143720718315461,0.0013403144857450392,-0.003983927265113188
2016-06-29,-0.004846230621949148,-0.012912457184651087,0.007474951877097754,0.029529457267115165,-0.005845513697295149,0.0008939863719287643,0.006090778777571615
2016-06-30,-0.0003321172669202994,0.021805129366848062,-0.0021349869380700823,0.023780661170207842,0.0024616203441271962,0.0002527770396150762,0.020029194521359855
2016-07-01,0.0013105416203676751,-0.0005717986057141143,0.013932693828766185,0.022345599848199817,0.00731366179075774,-0.014292253048277567,0.011975095969895915
2016-07-04,0.0009984714237406495,1.8183844344567183e-05,0.006350520032346248,0.0054890463880092905,0.00448545193291113,-0.0004076139118835568,0.01796861699983104
2016-07-05,0.0032657865038784872,0.007888759227358284,0.006807546959992414,0.019767904839265712,0.006672712113527622,0.00043639836591769627,0.012769634033982777
2016-07-06,0.000846211135817779,0.02310616687217917,0.013593498020062182,-0.0018476421215283677,0.016541413067623235,-0.005246638864336558,0.011980855206220746
2016-07-07,-0.002634998020859163,0.021127391856407825,0.00396098207042311,-0.005136698188133816,0.00024203262407122706,-0.0016262843275853312,0.00233419825981445
2016-07-08,-0.0011645945716467988,-0.009453455130997624,0.0012856198596856378,0.00567379463144797,-0.006582530621240569,-0.007238153221555818,0.00723443543391918
2016-07-11,0.0022776888534746347,0.009670918745496854,0.0072423919109142225,0.027245859066928987,0.006175710120580049,0.010933787796869677,0.03463425300297023
2016-07-12,-0.0068824323268268615,-0.029181948272217623,-0.005443008974884238,0.005203785677190346,-0.003930809966965008,0.0003731121196677416,-0.005212402847110289
2016-07-13,-0.0026258117280274825,-0.00764009331214507,-0.0036031608744235156,0.012731997356952997,-0.004462051520432875,-0.0023519933793348714,0.00829805949295089
2016-07-14,-0.0006451880751318453,0.012941086266853476,-0.007771462401328634,-0.016038214659184064,0.0028708515786573584,0.0024161623587561133,-0.010836693402013023
2016-07-15,0.005524398400225976,0.025306370739193826,-0.0015567102884238672,0.025050601334811292,-0.01247792320346574,0.004230401061246992,-0.004665740502495208
2016-07-18,0.004054302928778019,-0.009597880809276394,-0.00034689099089223874,-0.016410732856255973,-0.00035387682428297156,0.007576334766423902,-0.0069803450302708975
2016-07-19,0.008591232874432427,-0.0007288406204008056,0.017390778071414554,-0.025691464487032044,0.0023712934826051577,0.0005477195457647094,0.016544118161454433
2016-07-20,0.0008909974597505038,-0.024390066885441063,-0.015157318018740179,-0.024205294395580005,0.004023316976671335,0.0025091163205891976,-0.013186063181057762
2016-07-21,-0.0020440460308319987,0.007562085350156411,-0.010870952537085478,0.007697618226772092,0.0012834198869283403,-0.0014925960100898525,0.005401525450677405
2016-07-22,0.0005583786884761568,0.0061352720492556835,-0.012182797100073578,0.008026674373405564,0.00522996438411052,0.0011256220789308841,0.0046679415412284484
2016-07-25,-0.0002896786436283709,0.010427126683624542,0.0017241547861497678,-0.014655669640626432,0.006440004273359445,-0.004861293664817298,0.0053102087965521995
2016-07-26,-0.0013868962029660386,-0.005958269081561668,0.000631671177313645,-0.01073617555479133,0.0031110802162944286,0.0005085864075074359,-0.008367295951508064
2016-07-27,0.005502735007403763,0.004888305126606616,0.008554712751624723,0.022316428365665834,0.009002645437112279,0.00332067021174613,-0.004226980233875292
2016-07-28,-0.005568833021418265,-7.123131360411129e-05,0.008951552107791576,0.011351315901868993,-0.020425948540718747,0.0018809799095332528,0.01915916109954518
2016-07-29,-0.0010548925401767928,0.011233958929979708,0.007078319642143153,-0.005596338861312912,0.008985537303907366,-0.0033425199790393816,0.0022667392535425917
2016-08-01,-0.00047801121361418426,-0.010025797169145097,0.0017779287635328732,0.019543603342929584,0.00583583969570714,0.0022997778405077587,-0.021088791310548017
2016-08-02,-0.005193825902886144,-0.00038323680337706975,-0.002025217543721114,-0.0047784309598718775,0.010498489008164273,0.0007158268000258211,0.005149827814898459
2016-08-03,0.004101587872448,0.002480243502420139,0.027051340907905643,-0.009509013618524942,7.539398052382139e-05,-0.0014218837955287853,0.02271558038954781
2016-08-04,0.003358353522932349,-0.004962197209697799,-0.007866671294674443,0.017182028784324014,0.0009351852660473008,0.004794940295191344,-0.004587803747145024
2016-08-05,0.0021961476839159376,0.004532732767098613,-0.004863318104140837,-0.0032653155629451605,-0.006300994876521941,0.0018909718805538067,0.008843765483801546
2016-08-08,0.004110657177416941,0.00974033119275468,0.0011880404656724895,0.024429640313231638,0.005486803464768808,0.005876424872917031,0.015663814369378373
2016-08-09,-0.00035240019122080167,0.004425815141706213,0.008004405726275622,-0.014332364758666328,-0.00476016009535425,-0.0041822792134619735,0.0033646330341156397
2016-08-10,-0.0011832724033031218,-0.017583105459508655,-0.0007873331178856135,-0.0039843148829776095,0.00579125406372879,0.007460222968743595,-0.0008839713981892237
2016-08-11,-0.002636530793332852,0.006468960284518014,-1.974139857129611e-05,-0.0004131156422219319,-0.004748106936661063,-0.0018965958752663022,0.002023969810505764
2016-08-12,0.003366395619850991,0.007560297596062863,0.019860184648349852,0.015268111527908709,0.004482217230724551,0.00033587274233243047,-0.0076373226882455
2016-08-15,-0.0021295808910694663,-0.009278856765868744,-0.026760379284837158,-0.022156850644427024,0.007436177028197848,0.0007524780604548122,-0.012933654595590946
2016-08-16,0.0017439242695500771,-0.0224083928658567,0.0009438593605357517,0.015081921117396842,-0.002455577470638248,-0.008006627064198002,-0.004382793862259974
2016-08-17,0.005267063970682431,0.005421107946985936,-0.011550430954579562,0.03251438206799347,-0.008496186373681177,-0.002162763242589308,-0.010269577951627022
2016-08-18,-0.003994021009659356,-0.007179225808789488,0.004198710747309979,0.022417258133388934,-0.0038899351729695902,-0.005098860298952496,0.010587761171739925
2016-08-19,0.002181860665251565,0.0038162134056511986,0.0038748424784157444,-0.0008219901807247236,0.0016645107268141923,8.525665432561981e-05,0.01295911482512058
2016-08-22,0.009063865858523742,0.006192662140875348,0.0036099341359255585,0.0013193936458723854,-0.0016855568249647692,0.00415599913488942,0.003346115358372488
2016-08-23,-0.0015318860880401504,0.009995490546616503,0.0008187395095680867,-0.011477946189603473,0.003287629446869771,0.0018850507529015808,0.011849156482745407
2016-08-24,0.0034761981946200295,0.00025089275645754055,-0.0034211263278095217,-0.002250660658263072,0.002626584627378964,0.002352326439153031,0.0006874498837624212
2016-08-25,-0.00021304890840959727,0.011713102411103344,-0.005360433594302337,0.04015451525715645,0.0029442200617282054,-0.005041633050691768,0.0065935995388654725
2016-08-26,0.0032407437306574086,-0.002704171891914217,-0.013847523438265383,-0.021345464880908372,0.003521540859344083,-0.006290813110619612,-0.020116939643949578
2016-08-29,0.0022973456981595555,-0.0016240771342040147,-0.006202066422601596,-0.010310179485818199,-0.008124000920933842,0.0016475644608979698,-0.010267750025922551
2016-08-30,-0.0019930154352273267,0.003199990139500765,-0.0027719807188328134,-0.009303013276372245,-0.01119500089691102,0.0009766195471164318,0.0036837735409783
2016-08-31,-0.0019195562980666085,-0.013189243393140496,-0.0018887966888649018,0.005993861036831036,-0.0008792440195678646,0.005390522073065048,0.005353706848903429
2016-09-01,-0.00027913369973269126,0.008616005196909672,0.0013681609043715351,0.003408299986146531,0.008162285287700213,-0.002558615872350005,0.00175455532556307
2016-09-02,0.004908854881950214,0.0058574085341956674,-0.0013345744453379547,-0.027969886598224948,-0.010612226785277937,0.00892736646996771,0.0010654079171739256
2016-09-05,-0.002186299857247879,0.003144710998646117,-0.009614932470804069,-0.005041511447593576,-0.0059164660828880345,-0.006046705620559098,-0.021210465897182403
2016-09-06,-0.0062406495396015345,0.009291025785630878,-0.010653247655260215,0.011722840719231943,0.003996587345193581,-0.0006210543533904697,-0.001527157848541564
2016-09-07,0.0006820933448945634,-0.004653442270317439,0.011563465293152981,0.031065258606870504,0.0077634249914369305,-0.00818668541272711,-0.000650140294961342
2016-09-08,0.0001666366071137782,0.005551315826435722,-0.01622843580678158,-0.02942116060193426,0.008266610856344149,-0.0012220237638284823,-0.02177140402911107
2016-09-09,-0.004264577026380383,0.00269613647561885,-0.009114845723671503,0.005081802005321178,-0.0069224328694427245,-0.007857209946626018,0.021176859528128283
2016-09-12,0.0017427646225220165,-0.0031929597254216073,-0.004843715948234312,0.02043385658479816,0.002237326099414211,0.0038395686494710314,-0.008959612922701381
2016-09-13,0.00035266679404907586,0.004912982758999359,-0.004697326274101403,-0.001327853178144807,-0.003144222246071062,0.0015142930416927667,-0.014733299742060516
2016-09-14,0.0024378872266023013,0.0047659178904474655,-0.0006342663638314761,0.006864241593660712,-0.00165889205137422,-0.0023783670255646014,0.008051878882739926
2016-09-15,0.002498063358281088,-0.004911752442997898,-0.005486989504004192,-0.006072105430481914,-0.0031447462593420707,0.005734136654443944,-0.00011659037782410785
2016-09-16,0.00020840111669149377,-0.010989789831259563,0.0061629372753615125,-0.009824493726374646,-0.0033423360746210585,0.003062629330722694,0.00347838915403154
2016-09-19,-0.009863821729588447,-0.006328021351961068,-0.0026282258104944676,-0.000941860220501885,-0.0009225509487044113,-0.00812096481583885,-0.027368164417607015
2016-09-20,-0.0037518851468150106,0.0016428094109532687,-0.03261152900008101,-0.01787882340561552,-0.013163103342718153,-0.0029168986078978135,0.020872261489105825
2016-09-21,-0.0007187066933520983,-0.0016163548069456578,0.007862080632161648,0.002806490071389842,-0.0007906405890617744,0.0038145227739901327,0.006462318004225147
2016-09-22,0.0013045066540821927,-0.0010769958774959527,-0.003038297448344105,0.013040334917763116,-0.0025496821718846434,0.00424133819835184,-0.012866887995764123
2016-09-23,0.005885153740294539,0.008231198485458124,-0.006634559848828917,0.005046771864178907,-0.0029759264596395823,0.0004549384678836405,-0.006211588602396408
2016-09-26,-0.0003816503179317693,0.010980116935140794,0.006197352555990863,-0.013073250930799623,-0.004189262085850826,0.002030458289776256,0.007149498568536763
2016-09-27,-0.002547788348097461,0.0177157469068148,0.00911468600772665,-0.0020246420249219388,-0.002350901378755784,0.00012014087177720573,0.0026158120025469183
2016-09-28,0.005174645676871245,0.013991690333709304,0.0035976280544355566,0.01167127903832319,0.006346929506540306,0.0015769513817753065,0.0050781944197364004
2016-09-29,0.002526757643701948,0.0069046041365190755,-0.006014056899220195,-0.011539664748962335,-0.0005921122044728462,-0.002076593024481025,-0.017012384987335028
2016-09-30,0.0028538162931824726,0.005376577852997938,-0.01156835878959318,-0.006581915426281938,-0.0007365600569318336,0.0008778644978721245,-0.014684472190836826
2016-10-03,-0.0052659938688791545,0.0037789526014494973,-0.01629726381322759,-0.0031988711790906766,-0.0033890467872423574,-0.0015651770341626099,0.003606001859670646
2016-10-04,0.006544302453347126,-0.016049336471653654,0.00902776152010697,-0.04331084721793615,0.010961500387724941,-0.005438951976229795,0.02251031115447932
2016-10-05,-0.0014090761899988751,0.014657830588938337,0.01180674910650438,0.00028455312193676797,-0.00018807025361415816,-0.0020585929339618,0.015424325374137123
2016-10-06,-0.0015438777102169037,-0.01042885490418692,0.0036752407927906398,-0.013723928442070925,-0.001692693907660459,0.0004621751906410854,-0.00782041697189748
2016-10-07,-0.0018162008680286524,0.01737661967117626,-0.0006598150949367867,-0.0007239938770093334,4.6134312251047016e-05,0.002415636725598138,-0.008850775951701537
2016-10-10,0.0018588669420177067,0.0038540966890884174,-0.01646239300653925,0.02410490072975199,0.0066440343318917025,-0.003774935615273908,-0.014565755556083158
2016-10-11,0.001062208838740229,-0.016456288604089833,0.01197654407927974,-0.007796905961247622,0.009958539710322713,-0.0022239733454460678,-0.003339879462681434
2016-10-12,0.005218866266442295,-0.0015040142393495284,0.004251118565094725,0.015153051128426348,-0.0027977061891858567,-0.004740196245333123,-0.014374094569768403
2016-10-13,0.002483738290649471,0.005712734601787944,0.011883359925972144,-0.0012118100916868979,-0.00635228355742912,-0.008226031045817093,0.03977781613758431
2016-10-14,0.0022576986606774514,0.002621388287037533,0.003798126224059642,-0.021587566877748553,-0.002565221074197935,0.007815209400254377,0.005343021779932527
2016-10-17,-0.0029044001754675508,-0.015879699330130694,-0.007682523810635424,-0.007706844934349282,0.010303053332935836,-0.0010523848895462847,-0.018593756001348695
2016-10-18,-8.441018696873901e-05,0.0030806903195191256,-0.012199445927923075,0.004491682719474344,0.00615902967765921,0.00040174542802161203,-0.011756810562398995
2016-10-19,-0.00196548836115074,-0.020582787029966323,-0.004144430276994416,0.0013761756058464254,-0.007100557106255687,0.005905400062622519,0.005668174625998004
2016-10-20,-0.00702113176547549,-0.02420353219526544,-0.014520448041794982,0.02069517388626814,0.0004901638072140947,0.003454804910444876,-0.004130327334316355
2016-10-21,-0.0006879599304616195,-0.015127827848909989,0.001604731716035336,-0.004771239920669212,-0.0019464448552626492,0.005772857079971532,-0.004620813816888118
2016-10-24,0.005473942413432792,-0.01639553508495851,0.026398453104292757,-0.005417308298166894,0.006353773583079364,0.005097419111084961,-0.007834766561692285
2016-10-25,0.0034261305980963436,0.011858037693938714,-0.004538749061921831,-0.011087981247082436,0.0019034908569654668,0.000685168592988387,0.015131579576322376
2016-10-26,0.002960681523118903,0.0004792768599630583,0.007004200641426883,-0.031204014793879513,-0.0008366149763681476,0.002736455732593872,0.011420209098770005
2016-10-27,0.0009490798357359557,0.017710476817480485,0.010788080059870501,-0.0015213425194297867,0.0016378147225296178,0.0031760858437820997,-0.0013951880588453016
2016-10-28,0.006275179852763688,-0.01034787594928616,0.004065726743648676,0.007192782324046517,-0.0014607463959502777,-0.0019224457014518311,-0.002031749950084168
2016-10-31,0.003398004201106247,-0.004418722364957541,-0.009804599940446407,0.013168183551395532,0.0012354743653271425,0.0033141893279193236,0.0046917365397554965
2016-11-01,0.008869584481701638,0.017202081002800886,-0.002290036347909363,0.005541532218096615,-0.0010739835323017796,-0.0004794081900742748,-0.015529276305815415
2016-11-02,-0.00099445630387534,0.006001413869428624,-0.00027346819233855206,-0.014852090040518766,-0.007685397563198613,0.008383757024226106,0.00363460285587764
2016-11-03,-0.0031462869792480697,0.0040453885514821165,0.020918692171511315,0.017757156378306653,-0.015334753741815145,0.009814923677135226,-0.013789585755885278
2016-11-04,-0.0006740503566526219,-0.013767797606691017,-0.00892444281424301,0.00043378853451795784,-0.013597183951414266,-0.002097979665497784,0.013490395738530317
2016-11-07,-0.0032229718388377907,-0.01796249932830178,-0.004323280548497197,-0.007489982821079649,-0.0049393463644977886,-0.005747653803498527,0.006265336670787494
2016-11-08,0.002531061486549188,-0.01152161447315181,-0.00947066847646636,-0.0034013193166887606,-0.006431437486849502,-0.00018184526030854168,0.013966666668453831
2016-11-09,-8.92914726956036e-05,-0.014456312733727154,0.0022887529209379997,-0.0045335588284085866,-0.0012812884701907902,0.0015230233197586246,0.006036576894103228
2016-11-10,0.0002920091056695931,-0.0006060219622027293,0.020302661755709227,0.0236946918357707,0.005479489674527201,0.0012420195313642612,-0.007608049755142549
2016-11-11,0.00465955963604378,0.0037912291115374083,-0.0036804874349258367,-0.006093392850319452,-0.00449672619372736,0.004492107377751039,0.005855321509484258
2016-11-14,0.0008765321165156257,-0.00013068077778385622,-0.006354917448896331,-0.03460457913046441,-0.006713930806975766,-0.0023364187201104173,-0.010805508646772757
2016-11-15,0.001307446115466417,0.010198601597944298,0.0003215221045030191,0.02371743826978463,-0.004626360055193482,-0.0008283056238920707,0.003704653347102761
2016-11-16,0.004518758967645453,0.0032721986883790426,0.0031841215155707123,-0.0263827138131101,-0.002617074247543687,0.005660359501552984,-0.02618999634084301
2016-11-17,0.005521987397104435,0.008395517151363415,-0.004568658267748023,-0.01502740974588842,0.012883532460751117,0.0073607600666348244,-0.008230489551390281
2016-11-18,0.000688368600203506,-0.007374184472793472,0.0007897837202449199,-0.011633140580117572,-4.924197488530852e-05,0.007227405451533163,-0.004851012306924228
2016-11-21,-0.004042100625347554,-0.018047395336539204,-0.001988030166427328,-0.013031959123729854,0.00027354513956140566,-0.006895729468455219,0.007890252272735024
2016-11-22,-0.0040906727392122115,-0.0013090091480278962,-0.004746721643538473,0.02814451030465364,-0.0012829145308475179,0.006044206763151138,0.006810630322637121
2016-11-23,0.005851641506796104,0.00013849123032782192,0.005355597341246652,0.017332550845717637,0.00584976391083275,0.002775178099924398,-0.005425862230861681
2016-11-24,-0.00048510795992995326,0.013261694255499895,0.014522116935358306,-0.002306509943373063,-0.0020259690381045346,-0.0021890382076698873,0.01622504247616954
2016-11-25,-0.003567911706669698,0.008077190792271479,0.00510924171244129,-0.0030607430134466946,0.009819840465253896,-0.00456592839701183,0.022160164489235083
2016-11-28,0.0014255474430490604,-0.02397610356248015,0.013508645898569396,0.01321859453358252,-0.003277626928303571,-0.004367857491722109,-0.016372499135203094
2016-11-29,0.00981181484027141,-0.006557431917716806,-0.009853829288183501,-0.004681838624839015,-0.00890930215998728,-0.003926653132525442,0.008614505308396877
2016-11-30,0.0020068481819008875,-0.003698408323235342,0.0004775037286720452,-0.008148052249271447,0.0002890284199861074,-0.0024993473819916226,-0.006978758461905213
2016-12-01,-0.002292720183646523,-0.00966100240809129,0.008480756168678513,0.013884753217717864,-0.006209729503689018,-0.005430479455532524,0.003379686423789537
2016-12-02,0.008771177334211068,-0.00826343257778972,0.0004272154596462612,-0.004743399477246962,0.0005183081328817718,-0.0010143837584603139,0.00950696924505618
2016-12-05,0.0019678401724977273,0.010902857805197732,0.007649767690096963,0.01723441380578057,0.010140214684623467,0.006320009383417947,0.026289614996342494
2016-12-06,0.005019380342371008,-0.005701267775143729,0.009368386010081825,0.009723966633776669,0.011914718225856524,-0.00252022256109016,0.0048323417786837975
2016-12-07,-0.0025742898924338378,0.004905033812862574,-0.0023656615689269327,0.009846052210983657,-0.008716320556754751,0.0022274215949136403,0.005706021596589073
2016-12-08,0.0007587734294956682,0.023461917138660585,-0.0009059696421354717,0.009829723473277019,0.001886618324090957,0.0016863790266119288,0.028845891806713115
2016-12-09,0.00040522916724240374,-0.006565489594733525,0.017803490960928245,-0.0015602127661140325,-0.007995332403456134,-0.002506665628696395,-0.008966380863190428
2016-12-12,-0.007049884364790978,-0.007496823771049336,-0.003756365813128998,0.020516254313950252,0.0009783873428510204,0.0007013423212543341,-0.00878546182698457
2016-12-13,0.0036897441095049503,0.018148791025588074,0.007089259671280464,0.010229909354787368,-0.005326541724441469,0.004979090860591472,0.024063769543120013
2016-12-14,0.0014418136330860293,-0.006420283128015596,-0.001769989454563797,-0.008557481063392504,-0.0018669145815913722,0.0025373911786935057,0.0009387124431124263
2016-12-15,0.004165758973073442,0.0062575559490641065,-0.006385924052553395,-0.009959553148110768,-0.0020948194399439245,-0.00011154917573582825,0.019389630614582508
2016-12-16,0.007969622802797227,0.013494443208478734,0.005275384234043974,-0.02129666604838387,0.004978411195798231,-0.0004747493675905031,0.017745699837459904
2016-12-19,-0.006274442835451709,0.0017206320567519013,-0.010382968436345539,0.0018513475559954434,0.0023040599657062695,0.003141315415467576,-0.0013569156858199074
2016-12-20,0.0031948757159181245,-0.006439516765205934,0.0027943713257894977,0.013590965991151402,0.001679712425681259,-0.0020659878410751293,-0.003263073992417028
2016-12-21,0.004212636945872701,-0.011075728133125838,-0.009041109745130511,0.0030337728834544777,-0.0033932720158285578,-0.00628489242352574,0.013899978625114244
2016-12-22,-0.004248414896501752,-0.004295359281426346,-0.007879368359090491,-0.0043936536979709935,-0.0062817384634952095,0.0016952664085755497,0.0014835843202002123
2016-12-23,0.004084626676494294,-0.00540674511312795,0.0216986328090364,-0.027312458319830802,-0.00569002540497672,0.008552760017864822,0.004999960293458612
2016-12-26,0.0015155485995436712,0.005781245499436,0.006767449212107019,0.007045065736108759,-0.00461449563547516,0.0034927463868226604,0.01004637161778176
2016-12-27,0.0058637424423207555,0.023552542339635944,0.007757249075300066,-0.015400425306853158,0.014256618551532808,-0.0006346603790963541,0.00412366653542477
2016-12-28,-0.0008769389148524859,-0.005521160848172397,0.006651545999267805,0.005294507989084925,0.0029211607722881452,-0.0029777659119529535,-0.00020459794672055362
2016-12-29,-0.0029281495385350183,-0.0036969911403481395,-0.0024751748207024367,0.02949248887509759,-0.0036538749170093904,-0.009678700646558295,0.021783909233423677
2016-12-30,0.0019470431118374942,-0.0006956745024710309,-0.0036808233773214715,-0.01633748018588366,0.012133049129430529,0.0014825044588789628,-0.024843012494252928
2017-01-02,0.0014609642298849819,0.014950237185451722,0.0036805124224378338,-0.010478720322624872,-0.0035397826099688745,-0.0023779441490806717,0.021611686065957626
2017-01-03,-0.00013665711674658925,-0.019995779256282195,0.0015930706866307384,-0.0008295810061729588,-0.003630270537684272,-0.004744309390836373,-0.012293393201609546
2017-01-04,0.004496548844766822,0.004942485944231899,0.006740993265262883,0.0042915532045635285,0.003386033890165108,-0.0006784593445921165,-0.0015060317796295895
2017-01-05,0.005009661783074986,0.01867986774525214,-0.00805783048430391,-0.004330528838003589,0.006583605146021481,0.008706127275749423,0.01578397637744265
2017-01-06,-0.002833041206743143,0.013495089776878612,0.0013754319465640573,0.020873003765359235,0.004330972832828496,-0.004717557799219161,0.011481098149766899
2017-01-09,0.004372798935864903,0.001371121484083609,-0.0005819442996811586,-0.026779732811131704,0.006128736728189942,0.002514493194199222,-0.015295615133001683
2017-01-10,-0.0009533640604991967,0.0010465530076683226,-0.005415484523674232,-0.00048284089255473174,-0.010441053771413949,0.004426412572110682,0.0005151854458003616
2017-01-11,-0.0040474277678586015,-0.03136139892429468,0.0056169492884295975,0.006111957736942187,-0.0011487793746410642,0.0018475734251501752,0.00718484810135779
2017-01-12,0.0011277547106862081,-0.002866070296975185,-0.0037751655363810897,0.00441559106998791,0.007716795593948103,-0.00013817550757263058,0.013975619103787485
2017-01-13,0.0018426145582082778,0.004988280238034699,0.024976510534916938,0.03154924704511105,0.0109773416212466,-0.0016284418084171349,0.030044370326826084
2017-01-16,2.1131795811852477e-05,-0.0030469990452594116,-0.021232514586645244,-0.0006191430703608326,-0.007988924647787186,9.324243976432437e-05,-0.016181499324176486
2017-01-17,0.007540821822392076,0.009579853829903668,0.026106062074479502,-0.012090053199542573,0.013594164307877772,-0.0032942657060684084,0.004222389266434526
2017-01-18,-0.0021765003750444665,-0.0066515805753576416,-0.006238017652386085,-0.015740211710230257,-0.00761567813690245,-0.0023091215440987026,0.001454612804228683
2017-01-19,0.005004791972660802,0.00539875040791945,0.013911312395176961,-0.021430472052182067,0.0009350340588646317,0.004916517806234283,0.0031068172326077065
2017-01-20,-0.003094711223308824,0.009331904374574965,-0.004944944367088018,-0.009585726302278115,0.003249577527183155,0.0005084656253172109,-0.005660581007944735
2017-01-23,-0.0018774810618341089,-0.013894683017474806,-0.005744183888318737,0.014028147820565186,-0.0007685035483227741,0.002347041764537278,0.003313846261739827
2017-01-24,-0.0020989924809529065,-0.02086784270491369,-0.011780482976086267,-0.01616119321009872,-0.006031025105683624,0.0024226786699780745,0.005839601511697346
2017-01-25,0.009197546209558882,-0.005279598087379507,0.018341750027762685,0.022706980701880788,0.00017692859344377873,0.002790874668294415,0.014214089189448869
2017-01-26,0.00011430077279432391,-0.00192424836284884,-0.006063689366523696,-0.03851347625003238,0.001870768400554035,-0.0016982651848235389,-0.015545790659266786
2017-01-27,0.002038771877964639,-0.016658769830887106,0.007013204308616865,0.004691731533885139,-0.0026322138863232904,-0.0005555626044148101,-0.014527786997990297
2017-01-30,0.0033513637926793904,0.0033735390317735105,0.004283885979812069,0.007551609362054451,-0.0028552376020799866,-0.005450841301361383,0.014152836106338492
2017-01-31,0.0031048822634163493,-0.005311934466402368,0.004702942623033996,0.017798568071957732,0.0063711964874585,-0.0019012303377979804,-0.01774710638754275
2017-02-01,-0.004918877023550532,-0.006269371147378639,0.012306403461435208,-0.006754614354917878,-0.003083835344590098,-0.002295356798769597,-0.0018664594615054517
2017-02-02,0.0003050924833181591,-0.015407026934458983,0.009311749499991185,-0.0032579591730692945,0.014455577082806535,-0.0035751497895851335,0.015325804431161945
2017-02-03,0.005915398983736246,-0.0025799027713714106,-0.001966435154700306,-0.018697839626747148,-0.003652977929784253,0.0007999885915410406,-0.002827058942922981
2017-02-06,-0.006059441097174199,0.02412646031298295,-0.0016397292130407217,0.008948335002609024,-0.0032709544222001034,-0.0009688329323859134,0.003146070424221903
2017-02-07,0.0003382782600686926,-0.0003783729055342255,0.0082164121752182,0.005226793398353539,0.004688724992329048,0.0006409937246638754,0.003225603306563334
2017-02-08,-0.0006152257470494063,0.01126680650997531,0.004444121249159752,0.001217070171571385,5.9843240812865596e-05,0.00031483047809304345,0.003333737799439388
2017-02-09,0.000124554890611654,-0.006931679523554147,0.007042643358453057,0.013089836268050766,0.009988180289109048,-0.0019123761484055365,0.007038319682528853
2017-02-10,-0.007286573129309895,0.006199526999143691,-0.015722572501324576,-0.013568275543091557,0.0008585845715195727,-0.0029550010068663296,-0.008154219740064252
2017-02-13,-0.0015892701501841952,0.007583789596285522,-0.008580868324487626,-0.0004512098650525742,-0.0024069401163306532,0.0029160896447595077,0.00942282827570768
2017-02-14,-0.0069911501307310725,0.008895928952147077,-0.007042024478118762,0.007813668581030605,-0.006625949469952121,0.00035038740723726894,0.03338310021255485
2017-02-15,0.0008586638347071645,-0.0054268450238013615,-0.002328005425178798,-0.024922277062690294,0.009362452405524298,0.002375393124424583,-0.017620227880004172
2017-02-16,-0.0037152858644737886,-0.0018480534368990422,0.007981028068924196,-0.014162121246303028,0.007305194446567261,0.0006296633279779521,-0.010562476579809235
2017-02-17,-0.0015207675524131087,0.01970341751691703,-0.011704437585466243,-0.009341708703135202,0.006314881240844178,0.0017209687561114567,-0.009933114517772821
2017-02-20,0.004209185005355902,0.013546738918986842,0.006351057375271757,-0.007718040130568024,-6.192313492990619e-05,0.0027011914775210044,-0.014060600608365581
2017-02-21,0.005661156121817529,0.022361688942015116,0.0022213218581493316,0.007239100290910528,0.009197860943791783,0.00951121799354024,0.015382135549183435
2017-02-22,-0.0065921717476201906,-0.007067761514981392,0.002247713666418621,-0.004712704587068762,0.009486312596827471,0.006346360394610638,-0.012178959404552873
2017-02-23,-0.0002996021096199714,-0.009385207059194703,-0.002772945048173954,-0.005846986715390022,0.005090472546896109,-0.003351391989353077,-0.032111419461626614
2017-02-24,-0.006068192385696469,-0.015288182591647407,-0.00981024790465505,0.0010405755948974366,-0.008831749227456647,-0.006710186919709304,-0.00877550766139771
2017-02-27,-0.00411262995029235,-0.008786816139273628,-0.007893396739093868,0.009448788284617458,-0.007844781188358201,-0.0030870232621914356,-0.004557617312117472
2017-02-28,0.0035855500151966715,-0.0005744174922278029,0.011663717231411767,-0.01727863215569714,0.002163086075914545,-0.0005659669563285468,-0.014046734664244036
2017-03-01,7.995499217307588e-05,0.020238346181589303,-0.005877051913132868,0.0006099280735820242,-0.006552555272379179,-0.0053265466405318365,-0.003528780657606231
2017-03-02,-0.0014499376712955791,-0.00582190022181974,-0.0030635966380480463,-0.02662209184293847,-0.0029928901183413677,0.002172660381308537,-0.017916770890709074
2017-03-03,-0.0010705872186945332,0.00263510752695741,-0.007473162289176077,0.004668137492833323,-0.009444814354297627,0.00251156265804898,0.005082067349531208
2017-03-06,0.0005726623098543254,0.013245305090342984,-0.0013443582102277073,-0.0075951103314948355,0.009367586135342174,0.00852510912157919,-0.011340665562620866
2017-03-07,-0.00010497437021950336,0.011993895250311717,0.0007610547956965518,0.011866612999454308,0.004970865487206416,-0.0015642243405660436,0.007085571499870049
2017-03-08,0.00032522914455169176,-0.014648364238893465,-0.010929524407370248,-0.015831644880795772,0.00450629629471914,0.0034653320281378096,0.001072654650991622
2017-03-09,0.0021104483144376665,0.005490065949648504,0.0042633000771512,0.007223499986152881,0.003597012955227437,-0.0046450897508209885,-0.006770098062941185
2017-03-10,-0.0037656993594283807,0.011083377658451087,0.01644853971835211,-0.02533412606998257,0.012018538691527556,0.0028681462925250777,0.013127199978927171
2017-03-13,0.0023758749491691257,0.017800826358850372,0.005023198760556516,-0.017781828965627796,0.0023886599662689975,0.003981472589685658,-0.0019606109876796236
2017-03-14,0.0029809351102443628,0.0002044640092188813,-0.0045855495162895514,-0.01962524545160505,-0.0010556998811027806,0.0014963752453857832,-0.025402957682385992
2017-03-15,-0.002970315393799991,-0.02504336084194007,-0.00969384291228375,0.013501982780638699,-0.010267770238574427,5.6983215212155476e-05,0.03091504929903819
2017-03-16,0.005964170694227649,0.0042503948514827725,0.010867196975552688,-0.02076424936636877,-0.005896867921968075,0.0017405619587008564,0.005589106775275786
2017-03-17,0.00452763081702914,-0.004728007302324241,0.0029038707045799333,0.00010234453565023335,-2.6100341763938287e-05,0.00018657551055265974,-0.011031696231684606
2017-03-20,0.0012688331298769942,0.0028675909590322353,-0.003542077281959517,0.009824671287915256,0.005730699183109895,0.002826136223712291,-0.013765964367223908
2017-03-21,0.0005485843130181061,-0.010584078276508632,2.0562323758713602e-05,-0.016000676715213068,0.0077187165625475585,0.003680925514846818,0.008030202257889271
2017-03-22,0.00435690150728757,-0.0012673652712992033,-0.0028433822690543185,0.024076978709230857,-0.0016541901526603542,-0.005711787119753728,0.013263564422112956
2017-03-23,0.0007251044702479278,0.018175673431526054,0.004639401523152728,0.004499766980083311,0.010494552059447548,-0.004276348733949131,-0.0032066690245289866
2017-03-24,-0.003399462979440649,-0.027590195145690114,0.004497429535755981,-0.01059695519377112,0.003944085038897097,0.0009574296567177623,0.003173763767063104
2017-03-27,-0.001671603615847206,-0.009836937632135218,-0.000688792738959358,0.01361230874367423,-0.0017519432531980666,-0.0036705895386415555,-0.012143839177246572
2017-03-28,0.0009666546133290119,-0.00615609628458425,-0.0010115071241894342,-0.005229647802201594,-0.00250614659299929,0.0010446239979356351,0.005232986075804119
2017-03-29,0.008011140344551557,0.012580199672103899,0.01964729127845324,-0.009641710405609665,-0.005033211024654207,0.002247394131456706,0.013480295614062065
2017-03-30,0.0029546556371455,0.015684205253762927,-0.022150308718400385,0.016066769785038605,0.0010161174568794988,-0.0064232570908386195,0.008697582777045083
2017-03-31,0.0008279324258607533,0.004878062445204957,0.010639521743889305,0.010213882023643586,-0.007553166210622232,-0.00037845870314582713,-0.013078103677739645
2017-04-03,0.002746255635496399,0.017804158037899205,-0.009292810105080516,-0.010183159993897165,-0.0035963917759829567,-0.0010159653584886972,0.005995597130263154
2017-04-04,-0.0016222820267600083,0.0069942507091089985,0.010720175513738281,0.022494050708706803,-0.006306598508521062,0.005084842496327846,0.021898251969165092
2017-04-05,0.006360739133417489,0.0009724627148259127,-0.005144365526300123,-0.019490437668660748,-0.004687431927719043,0.0008203779053101948,0.006996307190146127
2017-04-06,0.00537625009590437,-0.0033589668745977177,0.0010544233893891653,-0.004644470676443551,-0.002646490931974015,0.0033232033515078947,0.0017698972271015356
2017-04-07,0.0007172944732653437,0.004556301576404701,0.0068077016974223475,0.012016681989460066,-0.004315237212274416,0.0035440743316771874,0.005651956559377573
2017-04-10,-0.0015884702126150092,0.00204664987198676,0.0031268447320661275,0.0193652838747651,-0.006679472418800317,0.004348163588148954,0.0032439490912694615
2017-04-11,-0.001874619329900143,-0.007229298327501329,-0.011167234547881308,-0.029535022978216457,0.0038788017487551584,0.007839806666810252,-0.025716677033653015
2017-04-12,-0.003651723544051819,0.0072561961995257235,-0.0008037535615075275,0.01681966424754221,-0.001349315000746477,-0.0027547348387272955,0.0021957635976874684
2017-04-13,-0.009378387465095103,-0.01780431687512888,0.004347664396431942,0.021925351771939938,0.005032389037502647,0.00011839048721187193,-0.024321303002270086
2017-04-14,-0.002390034054317779,0.014623020746043169,0.01676558635965999,0.029950509157287482,-0.0006710319651497547,-0.004621170150936682,0.009710907216010036
2017-04-17,0.00020922825800848865,0.018650884657346982,0.004374050935160914,0.00539903108369458,0.0019722832227581913,0.0026141093784547652,0.010490165382350517
2017-04-18,-0.0027481587927757575,-0.013802022352914766,0.011084063612100736,-0.023471648352700603,0.010375509127290072,-0.006180601062375044,-0.006811475189568766
2017-04-19,0.004037428030489439,0.0018033879334590707,-0.011346416439705484,0.002430406707619911,0.0002249741143054562,-0.0008970514612180098,-0.009551096517116655
2017-04-20,1.1575569303281e-05,-0.006916346540251692,0.023161915950420605,0.0009282965287590136,-0.0006314530765183393,-0.0011680896002745048,0.024799216204062197
2017-04-21,-0.006406287999886226,0.0013640802883573596,-0.004240688004724711,-0.01861725121630988,-0.004840062201932928,0.0008971960894365099,-0.008082026303625933
2017-04-24,0.0011882589574242048,0.02103229737313447,0.004391541913850207,-0.017504977889050855,-0.0019309451655403456,0.0006171976879037679,-0.0002754362819693183
2017-04-25,0.000758057280633768,0.004030521188586515,0.017694272975654804,0.005036112596152774,-0.004938117775823094,0.005224071245454672,0.018450063533032298
2017-04-26,0.0010797752815580122,-0.0024548852453358627,0.006233365055789452,-0.0023975271226568907,-0.01112562525418936,0.0020103882516424717,0.012812938250803122
2017-04-27,0.00591436693507955,-0.00602594246859021,0.00353620751131113,0.0005681437044119426,0.0013709257068779874,0.0010750463947186983,-0.001956217204154934
2017-04-28,0.0009970002531946502,0.00921876308102035,0.013334546764982148,-0.006790385827505427,0.0013496228415956775,-9.902666315025351e-05,-0.002770101478311403
2017-05-01,-0.006314145861585232,-0.0025714664997837696,0.002405688062936437,0.0018159307966535785,-0.0008641999631242706,0.001084974892353331,0.01867032552137506
2017-05-02,-0.0015290633651405645,-0.014605857620980094,-0.002927076219558718,0.02701151376406486,-0.0093241224319395,0.0003933117229023042,0.014531985999256326
2017-05-03,-0.00931216644670858,0.0006590289653576308,0.0029956022813150567,0.002594710641762594,-0.004762920776066675,-0.0031506268454464716,0.002704901436217275
2017-05-04,-0.0010583879029456033,-0.006316466320784538,-0.004362729050569457,0.017295505258060336,-0.008646415294754082,-0.008195101461361055,0.018199687845004222
2017-05-05,-0.0006180734375805701,-0.004901710826545339,-0.0017788815881949205,0.0027077755941146997,-0.0035635065972303504,0.0014361021264747646,-0.011024067218854279
2017-05-08,-0.0010573084842180724,-0.02676896673946187,0.008281947761522511,-0.004968111978357688,0.003005776066273266,0.0014969993163265823,0.002944250257626093
2017-05-09,0.00011889778850865907,0.004642025900413833,-0.008833904020748653,-0.018927165493376617,0.0001271033935264519,-0.0021540064869694747,0.015479861407879207
2017-05-10,0.0016505824065264794,-0.007775247175763651,-0.002923001590316087,-0.0006352418441157574,-0.0007161904671916622,0.0008273378420162964,-0.0012777583267477544
2017-05-11,-0.005412644377062514,-0.02797201593770614,-0.008422032157439504,0.004754751571696855,-0.005515108886389012,0.0023760571805665556,-0.0038659807872770758
2017-05-12,0.00557880122193221,0.016159400717936707,0.01392640796830421,-0.014860406821158434,0.004021800455727624,0.007344352565519898,0.003116027982147251
2017-05-15,0.0023674465494838565,-0.015418379244914134,0.01795047848764735,-0.011930240583520036,-0.010042673354241225,-0.0010015796165749468,-0.025341129641723754
2017-05-16,-0.004190514143207783,0.028451571669348502,-0.0019535601798920076,-0.014029264513377908,0.0021587560989731833,-0.0020834175937788583,0.015540361988558777
2017-05-17,-0.0034081902368365297,0.0016608733092080652,-0.012129109985594072,0.040243009655633676,-0.0002512005517993003,-0.0024808845357657365,-0.0009489194212796185
2017-05-18,-0.002064406852986435,-0.009974134737885606,-0.009439845761578977,0.02350282724975479,-0.005920786471020489,-0.010171959079521257,-0.009830850868355496
2017-05-19,0.00386091007653618,-0.0012737333176230145,-0.00014813395891801764,0.016131705574424463,-0.004663554851794577,0.0020807281997244275,-0.007502404494165798
2017-05-22,0.0024535137454560463,-0.003553946618163823,-0.0019083542713161318,0.01064578471598362,0.003940108724360054,-0.0006240684715636158,-0.006794324978533425
2017-05-23,0.0065466103272401885,0.009920417092253242,-0.0005754191464013942,-0.011585941990674255,0.008243579673404146,0.002350025948650033,-0.005191377357081498
2017-05-24,0.000609902139437824,0.0042646568571959274,0.00015239237169157156,0.019714744664589598,0.006884439744846971,0.0022203165380502376,0.015491895777972607
2017-05-25,0.00018398717876232397,0.0082555448058122,0.010849073748698493,0.020446095436182365,0.005933355803312079,0.0031774405912851724,0.024989314576003552
2017-05-26,-0.0020087898872487393,-0.0027630255929467135,-0.003012430268941724,-0.005315198562657415,-0.01181080518749925,0.004438950770984964,-0.010773836922502857
2017-05-29,0.0008292617576674313,-0.01651363215190644,0.0046056063534528294,-0.014352907229872149,-0.006328001516796776,0.000549643926584143,-0.009129129634931064
2017-05-30,-0.0021466435613229787,0.0010546695703030607,0.007302119982305291,-0.008999508622013916,-0.004779138662488338,0.0004151256587973952,0.009424732003287676
2017-05-31,0.006001039051853828,-0.010027557171576582,-0.0022042924799498477,0.012750767853096655,0.010985368814935188,-0.003425496003381628,-0.012656219381316024
2017-06-01,0.001674405142183178,-0.006118503553497575,-0.00751569840012262,0.0003133120135675084,0.008349353617060516,-0.004907728440400632,0.014371081805012521
2017-06-02,-0.0021490840589355586,0.0031179759556897477,0.015277936060787768,0.011067171874589998,-0.0009609982938976116,0.0031896038109459207,0.0024642592656213933
2017-06-05,0.0022354107152563942,-0.001439954923140003,0.009059435444521747,-0.020550400929405545,-0.0037338875750717493,-0.004319314983745637,0.00185119158101025
2017-06-06,-0.005968171994436942,-0.010911213980097617,-0.013942723760945077,0.021418648691590728,-0.009348414157033743,-0.007672020161999598,0.006402326426335381
2017-06-07,0.006897305703478127,0.0017092212506007421,0.0021010025546715863,0.01738118141818245,0.005686305873338486,0.0023542313211017273,-0.008885576408750108
2017-06-08,0.0019738373246113747,-0.01527394338424831,-0.007084438534600112,0.016840519094043545,0.0055659109240113434,0.0008279410875701755,-0.026770968100340926
2017-06-09,-0.004682901214678101,-0.010186213901031903,-0.0042716311448189855,-0.019237862510016624,-0.0020243651537832966,0.006335994034686238,0.0014700783838451769
2017-06-12,0.0010253092511727337,-0.011628631978838346,-0.016949978060580163,-0.02551542010225969,-0.010315131595219736,-0.0006534745658309561,0.00045730558572380596
2017-06-13,-0.003711171877382943,6.743362432141191e-05,0.013242491765572685,0.036210340461885544,0.0033945365503289704,-0.0011028292032719685,0.014226598544315912
2017-06-14,0.005557256832310238,-0.021330980028727266,0.014067039934278741,-0.01205290795299231,-0.0018347574485249626,-0.0006843486839309559,0.0015978660181154394
2017-06-15,-0.004295030905451532,-0.0053293526222760335,0.003214808020500298,0.006089558854232199,0.001355358295051113,-0.001663798321690131,0.010145220308807535
2017-06-16,0.004375677693192314,0.013773535260526945,0.007161225739783026,0.016992126341078946,0.0065225906023685925,0.011596055389422724,0.012266170935885218
2017-06-19,-0.00020497765584110043,-0.010926118105104313,-0.003768611002045901,-0.007602775485202142,0.0024324416572527843,-0.0028531594087132053,0.011657967162647784
2017-06-20,-0.005408269393091616,-0.021819870765321766,-0.005414089522944526,-0.015077616967555123,-0.009072085950542829,-0.0040472301291958656,-0.008544724631851306
2017-06-21,0.00019053745161581862,-0.0072931707621191515,-0.005969763536524999,-0.002561123224993617,0.0052216922729381495,0.00558643460532419,-0.003381349409939681
2017-06-22,0.0010521752943666602,-0.0017173978484856837,0.004919469264258928,0.006782673581004132,0.007950491513690542,-0.006614272614346402,-0.0010773329595664398
2017-06-23,0.0015067637163773142,0.00034870075418960537,-0.008631263160628006,-0.022526650889463463,0.005487377635264048,-0.0020731300239626715,-0.023386476174234262
2017-06-26,0.0035763021471836125,0.007037308252379652,0.0008409112446324658,-0.014158818330882868,0.001266640749908828,0.005939836002896693,-0.02077979151663049
2017-06-27,-0.006105930016648038,-0.010213107501613144,-0.0033166919001791726,-0.006488037309176625,0.0023698809600684397,0.003524289929481073,0.0013359335629736628
2017-06-28,0.002391736380417768,0.00428702864668855,0.0013847452255042593,-0.019772018309681543,-0.004068218271979436,-0.0042680988087882244,0.0002702283178150111
2017-06-29,0.001079115028488343,-0.016726293298701945,-0.0007089344342230222,-0.017203554416244125,-0.006209858454137305,-0.002759755853655186,-0.014175880418648276
2017-06-30,0.002576644055064271,-0.0008512612375511176,0.008784384008033186,-0.005942508091333803,-0.0008629811750696537,0.008079620038546747,-0.02009553070518947
2017-07-03,0.005287941029669251,0.02199172436366935,0.01166722595917279,-0.0005221748332808672,0.011652641182953597,0.0015253266272470597,-0.006487545404742244
2017-07-04,-0.001403078230113374,-0.007413794508168898,-0.010496897192486351,0.014557484450864515,-0.006578238826059323,-0.0017555209445771268,-0.016091314508802756
2017-07-05,0.000273243112129687,-0.013608721521331678,-0.01291605188415757,-0.007146461862096084,0.004717765775562398,0.0011367163014071753,-0.0003462306000343673
2017-07-06,-0.0003696703438782424,-0.00416596585497334,0.007227363978336695,-0.00712526346403292,0.005602374037060435,0.005570311175985779,-0.011695336024124167
2017-07-07,-0.002627790663087963,-0.007674258818965614,-0.016025145298826524,-0.010615981717349796,0.006033072585494265,-0.0045634446002087515,0.011710966241553166
2017-07-10,-0.0015837832498595676,0.024351222297427883,-0.004507327862213347,0.0029572761621809726,-0.004199515462050579,-0.002219408143153138,0.02122132713400358
2017-07-11,0.0020481526722552156,0.013110301354485458,-0.010757376816406813,0.009518877124850599,-0.005615157606522525,-0.0054462361486247,0.006080204049110409
2017-07-12,0.0010641561903703576,0.0010942747677015522,0.007545396101118751,0.015463738644242156,0.008761976373358779,-0.003893702643266763,0.019119513441831798
2017-07-13,0.0076792694876391615,-0.0009068896283524402,-0.01390405342802133,-0.02891698604360259,-0.0011634240591760392,0.008618577032209251,-0.008791245615531249
2017-07-14,-0.0023187441817966565,-0.009192702790993022,-0.014675516914638472,0.010081760051301084,-0.0030026043109696904,0.006419724630183383,0.0030777316775046472
2017-07-17,0.0034697556384168213,-0.0013285083969534735,-0.00966203274341766,-0.01763619025032416,-0.007266814560709167,0.0034997387740448456,-0.00763752792590332
2017-07-18,0.003960014064606407,0.0033770162979328477,-0.0011663026122221852,-0.019547378980710208,0.0035813593447033038,0.0005042573493996545,0.007875601679708376
2017-07-19,-0.00271165164612187,0.006071913466978506,0.01590566897014854,0.01131221004296615,0.005467531431665847,0.0030991317965601757,0.02557006773990048
2017-07-20,0.0016362463312733291,0.009023284395670688,0.0012044075540619441,-0.010377804238625157,-0.005377182896640234,0.005563641186331042,-0.0110380295535672
2017-07-21,0.003133467322425408,0.006328271814487507,0.010751784803155235,-0.005470727941246455,-0.00239228265297818,0.0026654656019373334,-0.001355502151090615
2017-07-24,-0.004774128734255276,0.02083328243722198,-0.007004331373931863,-0.009677256081047053,-0.0006110583432206839,0.0052846523021823615,-0.0227671408447101
2017-07-25,0.004829549081824129,-0.008658153740090272,0.0032723741569063956,-0.013726782838186843,0.012759698672170862,0.0019904872216188053,-0.014129545413593325
2017-07-26,-0.0010543690509864042,0.0005715128174278301,0.001505617005261734,0.008396158687357297,-0.00024324539783037252,-0.005434609171951776,-0.00039961731284800624
2017-07-27,0.0025766410825812706,-0.0068056667333971695,0.006740981669023657,-0.00024155271173257654,-0.0006211401762182657,0.004966160197281686,-0.021533006894164815
2017-07-28,-0.002551292034556636,0.013456252513179456,0.018615227186733283,0.044582487924593725,0.00031891833891978217,0.0018166127261842794,0.018154572112735617
2017-07-31,0.005250317027049134,0.006059725242068275,0.01149485084072738,0.008549903748574445,0.004873169816884814,-0.002103042074551782,-0.00168340217347217
2017-08-01,-0.0019410833269160434,-0.014996319078408935,-0.01840703753423185,-0.012330194766023842,-0.0035371870593404126,-0.001004720613250097,0.0018549661864829118
2017-08-02,0.0009024913259476594,-0.002659436124985061,-0.008919563187928995,0.010930683163273433,-0.0017280714516563736,-0.0024420551205537387,-0.0024049178719212664
2017-08-03,-0.002780986548708861,-0.007564976915349246,-0.007196907580006402,-0.005570919737926696,0.002745346242147078,0.0011067212365219886,0.015166726649922444
2017-08-04,0.00499693151503802,0.02544255719370067,0.009921668184908843,0.013473008241302589,-7.297839592372788e-05,0.004865328467465274,-0.0034167169971561747
2017-08-07,-0.005731840478191648,0.015511850833964582,-0.012382322125035292,0.01076317519281703,-0.006243441857871069,0.003291988268549407,0.01774877044447717
2017-08-08,0.002266717844405001,0.01578968341295896,0.0025729862795655788,0.03761971207488116,0.004246621893004017,-0.0032409031978749203,0.005685779869259657
2017-08-09,-0.00046001001113262136,-0.003195593176114744,-0.016695640487906956,0.0021479969185563184,-0.009596897015258695,-0.011211671608445583,-0.0012158795200077125
2017-08-10,-0.0028735840622248544,-0.011532083650284389,-0.032562658891946386,-0.02111213135925256,-0.0036307519423157053,-0.004228287446486641,-0.0013529746700751846
2017-08-11,0.0057206600021331554,0.008683087038159966,0.012916016014672606,0.019216340108419355,-0.004216572456196506,0.0024863810577641136,0.015040006736509797
2017-08-14,-0.0015938473616913776,-0.010114908384611045,0.0036257329621616594,-0.02271416586122775,-0.005638185950186148,-0.0024716864682178615,0.006106512365675815
2017-08-15,0.0010256528226249015,0.012692334122943176,-0.007276835819680752,-0.014440495060995132,0.0043275893037031075,-0.002012260535718068,-0.007122034661814879
2017-08-16,-0.00727708256653122,0.00015849963293490432,0.012798281414132563,-0.008166050876036205,0.006481647743173277,0.0005142727664271018,-0.01675703530569744
2017-08-17,-0.0034289186065807327,-0.012908258452968792,-0.005578270367954942,0.005096561354084178,0.008810053208283385,-0.006123406890334543,-0.006813376335370012
2017-08-18,-0.003433934611386007,-0.016606369372757786,-0.0019435258508918951,-0.00125570532905125,-0.012049996026174344,-0.0015554731199216216,-0.01219068601789079
2017-08-21,0.00019731102438616101,0.015132897129166122,0.006294051073628969,0.007660175316237387,-0.0017107721767040164,0.0009989611193495,0.011026230393015306
2017-08-22,0.002006671173303858,-0.0002916581253493508,0.0027991056117457826,-0.020479653281380416,-0.002582638867136308,0.0036062042885914546,0.008294053148334101
2017-08-23,0.0005243955333380054,0.017765276965402338,0.0071274689073405955,0.0018213317063927197,-0.005134372778290576,0.006427169079605696,0.012551652607659282
2017-08-24,0.007343268170579734,0.028994942260826558,-0.0070232988091551065,-0.019586276951003227,-0.013005036961279111,0.004966465228330584,0.00917993314513829
2017-08-25,0.0005411172227389779,-0.01432113363043833,-0.0022072866447058314,-0.00032262522959877803,0.0036520360943605593,0.0007480765751691286,0.004039202769060466
2017-08-28,-0.00034652503128964295,0.013843946365873877,0.007629904689391594,-0.013136606555144108,0.010361701653914736,0.006749381783760168,0.004542192447835999
2017-08-29,0.0012728743289156892,0.020233451080035325,-0.013350381627112174,0.019866600036987224,-0.003095791612327411,0.0038460029099153365,0.0025574845463290172
2017-08-30,-0.004821719630183969,-0.00807808856592965,0.007610707406222398,0.00024355697504634566,-0.004069248363924471,-0.0029203460034640093,0.011452155397172304
2017-08-31,0.007152562003463537,-0.02219881455095252,0.027418512217781837,0.001653233678246022,0.00520539786057261,-0.0002313533885460296,-0.0011303550422178891
2017-09-01,0.0009200544549333224,-0.012050201178960177,-0.008861749108982648,0.013836602391865552,-0.010898854641342843,-8.218395129371822e-05,-0.004665602824361959
2017-09-04,-0.003692840606722906,0.02171619942916813,-0.008154487062326916,-0.012520327850749382,-2.9175077003210683e-05,-0.002297287304073465,0.003861041056772153
2017-09-05,0.0007715991290937344,0.0031137567710141194,-0.0005787165667749151,-0.010358729044768191,0.00467876547586616,0.00044353516543244276,-0.006736252658521257
2017-09-06,0.0060699932962824206,0.0012747064810686992,0.012867631482284012,0.019354199477603164,0.008683733344036283,0.003932701409207878,-0.000985829429194331
2017-09-07,-0.00010616756312398497,-0.0029615736318593503,-0.0215516580282845,0.005980744810117859,-0.0006682939517602012,0.0018889475246773643,-0.0057315593462328165
2017-09-08,0.0028093089581156406,-0.015096388749251398,-0.012140797054750047,-0.04545750274473963,2.6114250953589846e-05,-0.002461022035214009,-0.01715371896172654
2017-09-11,0.0014886136950094195,-0.004395945811033122,-0.013994486313675862,0.034913268250888835,-0.002972479534613684,-0.005997799749007607,-0.006749987986237597
2017-09-12,-0.0005425740403205464,-0.0023408160046618732,0.012378627259112039,0.0020760203571215724,0.011578728696174195,-0.0004580726161007548,0.005312657040435302
2017-09-13,0.004237933552043789,0.01606912882850118,0.016033721252455797,0.0008572225613606915,0.0030901134165321185,-0.007437937709493045,0.004470881213771131
2017-09-14,0.0045150303523758374,0.012654531954112367,0.002045647220748419,0.027264377541586848,-0.0017206011767177411,-0.002529340474715343,-0.001272975596580929
2017-09-15,-0.004339874130135348,0.005413811450135942,0.0020467573858417077,0.014049464310027614,-0.0030174617543239353,-0.0007556487952010815,-0.020072711397479355
2017-09-18,0.0016549069080562316,0.0018998823270932903,-0.009996011972232844,-0.004089520623888433,-0.0015656347076994461,0.006670965972025963,-0.015911434295045074
2017-09-19,0.0014757088582875715,-0.012294569020812964,-0.006278006955867521,-3.528050520822698e-06,-0.0021793411754182953,-0.0007115381453451884,0.0012521528963682514
2017-09-20,-0.0018247644559042289,0.009651085605119267,-0.002494779348611137,0.0013714252563007344,0.0023795995826111555,0.0012070745925831777,0.008695097181888229
2017-09-21,0.0014178615679876483,0.006185225081725877,-0.002009128929602253,-0.016152511422802183,-0.006848260441943765,-0.005944051285884866,0.023427371832356426
2017-09-22,-0.008701121303200918,0.010229638844603822,-0.009726221644468177,0.023667348204779767,-0.015106085464511806,-0.003197898790195663,0.025300528899429905
2017-09-25,0.0030028471690079403,-0.002667624164426983,-0.018310966540475298,-0.026665119718024405,0.00829568361711082,-0.0006815329918979777,-0.008329063657281548
2017-09-26,0.001284143962993794,-0.014896828080217934,0.0028375933257561528,-0.009040486937459843,0.0017242108050147466,-0.0020884499385806395,-0.01996332607799767
2017-09-27,-0.0015594954693963691,0.006883069378123217,0.004148019518029429,0.004247665766105567,0.005737324606557365,-0.00010139674627590093,0.002582482591428406
2017-09-28,-0.0017690735158515279,0.01053596473640631,0.0034716779233453722,-0.004188451599673855,-0.007514673821096223,0.004504782573978946,-0.005067964359089842
2017-09-29,0.0004382583107611866,0.028091515701282425,0.011098706334109332,0.033496415038295986,-0.001734565746281316,0.004878464793565491,0.007934507572948822
2017-10-02,0.0016140722582786882,0.02468457347754883,0.0005236854136281201,0.004906675780224727,-0.003362431472359386,0.004376998147854153,-0.0027450421037504293
2017-10-03,0.004240854447135737,-0.01768408877947655,0.004884317531454592,-0.014296261561187311,0.004917624775415702,0.0006734460024936078,-0.011003005057384363
2017-10-04,-0.0013962432994916402,-0.010735013493482975,0.00663584068919666,-0.015513516657222974,-0.001005955359115293,0.0016179871618297408,0.01783309220284245
2017-10-05,0.00011280548020041397,-0.0028439405097238453,0.002455591316149796,-0.03171900716019486,-0.005194600295117212,-0.0006654350911802635,-0.007939965284618239
2017-10-06,-0.006253353167358497,0.007345398318775315,0.001351181122468767,0.008086817723926679,-0.004547382733153792,-0.0002620245591084085,0.011392574501171029
2017-10-09,-0.0009095875268086233,0.004847699015298428,-0.007527330530126416,0.001709448215548648,0.006288869734348347,0.00492789584457307,0.012357833500951793
2017-10-10,0.001292277231331283,0.0009390969952803137,-0.003830088622817933,-0.029023070795382883,-0.006257034399890209,-6.118735325159316e-05,-0.0018626449190229284
2017-10-11,0.005798909767986245,0.018191082022883998,-0.00281533109938533,0.012792767955676352,-0.0013839343138503065,0.003403320180174875,0.010061144758277175
2017-10-12,0.005118386774726842,-0.0035590774561454507,0.011270436441931061,-0.02954074098977777,0.010539057705493064,0.0023846605241797966,-0.004200457462924792
2017-10-13,-0.007999771490678336,-0.008228598460607413,0.009829587472064217,-0.0007752926499225943,0.0034229433831658913,-7.786614414498295e-05,0.015086928666816836
2017-10-16,0.0009160062545748232,-0.010660532209929111,-0.00026105328622725866,0.02263624121691602,0.0013330727212941707,-0.001291865919179483,0.02544780817537809
2017-10-17,0.004786877300418525,0.011826506504915901,0.006002789220082246,0.012852096186462289,0.005932592351542756,-0.007107625158398936,0.008244940994905007
2017-10-18,-0.0004932254474127344,-0.006168913807597302,-0.0027014697889403434,-0.025229438005376123,-0.009752391228546578,0.00466886713704602,0.003702772424845537
2017-10-19,-0.009502078671453576,-0.011131771074155269,0.00436871395443685,0.0004885106726013204,0.005584567656597518,0.003396230701692831,-0.015185974086660637
2017-10-20,-0.00042329818694376343,-0.005524221717277881,-0.014310708757531973,-0.02633890180641259,-0.00479998410698239,-0.0028066414596544607,0.0007653970083471068
2017-10-23,0.0043268669455057,0.008023583881962365,0.009684157094625398,-0.0022294031565951054,0.005722224443775561,0.001140367671606227,-0.004498369059810031
2017-10-24,0.007738427509307311,-0.02418454809900791,-0.0184225991933571,-0.007256403382662059,-0.003013351943104131,-0.006583162105766671,-0.019275800239761956
2017-10-25,-0.0035476347425015325,0.00897296695042122,0.011748678480159798,0.032594783950700396,-0.00959114563225805,-0.0060365272494865676,-0.0052191047548480135
2017-10-26,0.005305444133767436,0.007319985181592943,0.003357473386413284,0.0032532370906502603,0.0012135106433129846,-0.0032836098062745543,0.007451622838204477
2017-10-27,-0.0005945563493424304,-0.014525947208539919,0.003902245241657144,-0.007719960919943186,0.0011152915293863508,-0.0005183923658523258,0.008784311340550053
2017-10-30,0.0010306546489486442,-0.010038136220735764,0.002447036139556657,0.003996440720056188,0.0026046627518237185,0.003940169166444756,-0.009730064091612301
2017-10-31,0.0028217510179049223,-0.01921136009543262,-0.0022985482290425623,-0.009767634330610696,0.0079606576276696,-0.00037342819660688076,0.0007722425128552149
2017-11-01,-0.006897136513688603,-0.007294531480665275,-0.011292642626833268,0.03876380719710162,-0.007999230907619597,-0.0026825504454827953,0.00537777732386198
2017-11-02,-0.006207933032194205,-0.009052060778568922,0.0010051030540122732,0.0038667525757735592,-0.01477288829469367,-0.00390775213675473,0.017628694952493966
2017-11-03,0.002502899062026842,0.015559834354144807,-0.007108613745752911,0.02033110738653282,-0.0002495082458456291,0.006134697570970339,-7.603216509755056e-05
2017-11-06,-0.00803992756426092,0.00644031316097084,-0.006223511321017603,-0.0008835787619017285,-0.009436963824324438,0.005086310549238903,-0.002645310858678418
2017-11-07,0.006450162787566504,-0.002231315550412248,-0.0071877117886977445,0.015082913340405447,-0.0007951745654665328,-0.0004963744111131229,-0.016971854706888237
2017-11-08,-0.0016804991390680203,0.00431242940001698,-0.012768673948546035,-0.009081543420675055,-0.002806735644742058,-0.00011481346516240481,0.016332134938680843
2017-11-09,-0.0010498162813402398,-0.008682177478799794,0.025680634704343112,-0.0012044672505110328,0.00046498662666002544,-0.0003750206821281111,0.001267143531893493
2017-11-10,0.00046102042399811323,0.011114505980514057,0.005364132782232873,0.020445385014391266,0.006463904201221043,0.001454516002508145,0.006664187884676321
2017-11-13,0.0045849605642612895,-0.011137938192705891,0.02481856152516259,-0.006395086099924597,0.00037077156547003646,-0.0031584516704318143,-0.010838655861372002
2017-11-14,0.004046148450965783,0.028737366989765135,-0.001071647073305625,0.009014853845976641,0.003439098342201227,0.005384866752969905,0.02696525617307411
2017-11-15,0.006233912684064361,-4.3766681488841386e-05,0.007256872545763214,0.008364064211386526,0.0011284870044315446,-0.0033725455803164197,-0.007986198521099367
2017-11-16,0.004742624955602571,0.01696248297045569,0.0014012409257627386,0.005519308580574387,0.008776875833381156,-0.004901039056499502,-0.0031441287546745502
2017-11-17,0.008221510749283433,0.007233214825456533,-0.0075562468081646645,-0.0028038603849575203,0.0072885573092269515,-0.008513853725947656,0.0005525703265521033
2017-11-20,-0.0013396628735446088,-0.020101399074561148,-0.0017730427677953838,-0.005264723337712524,-0.0014057045147198481,-0.002171911940496663,-0.013652660188249259
2017-11-21,-0.005669229519399992,-0.01076314608132776,0.005449828742168546,0.006562610765414266,-0.0016587593521992946,-0.0048417894631467995,-0.00032962730701527565
2017-11-22,0.0030986394478839316,0.007365753664422292,-0.002820997119011729,-0.041024317924040335,-0.0010105192128168732,-0.0001336627219400165,-0.012069355551309736
2017-11-23,-0.0015027082972480395,0.008994030180372956,0.00016765941153664966,0.01856274282227377,-0.009075886512087402,-0.0018917069542172824,-0.01611935383774547
2017-11-24,-0.0015563154515581845,-0.013123765053670945,0.010671019195533312,0.007699136901287395,0.00542278537587661,-0.0015904721269548233,-0.010988757674407766
2017-11-27,-0.004056265122670648,0.0013064270683773565,0.01660889774026155,0.013480116111158597,-0.0018173509795002328,-0.0005977968449235723,0.006234933153144041
2017-11-28,0.008256595573705056,0.018333769632997963,0.007279027658548875,0.0028130599915464683,0.004785307841717561,0.004057191609371907,-0.004744779266579465
2017-11-29,-0.0032263263404769017,0.010777168478679572,0.0003805113486901193,0.019331131575606134,0.009046708627953566,0.002256120634069984,0.00574809189188172
2017-11-30,0.012951011925043008,0.008266555235068666,-0.00552265645862099,-0.011035775574367227,0.011682317388097704,-0.0026348183944629334,-0.014365978385099015
2017-12-01,0.004575721054187533,-0.0011810096572739562,0.0003286819753791728,0.01435344425208016,-0.004078509546319053,-0.005823555879249632,-0.013488682985253351
2017-12-04,0.002477129045882667,0.0041716061083350575,-0.0054819723550276365,-0.019393618402058777,-0.00025086899352150835,0.005100481877084794,-0.012890547945672758
2017-12-05,-0.0025007443713475803,-0.015267457573542172,-0.006030837711852315,0.002717393293594636,0.010407449856016649,0.0003465931378561804,-0.0052679952727040175
2017-12-06,0.0036017572106312457,0.009863347366075045,-0.003370228648083344,0.03530014762410961,-0.0007906367480189482,0.00048802591194766544,0.0083656947049378
2017-12-07,0.0015334937938496528,0.01877024782123691,-0.003196575607868153,0.01474517080899998,0.0016280303107000687,0.00430590178956023,-0.0010460151114977166
2017-12-08,-0.001251665804797591,0.008104747706531818,0.004027647725642666,-0.008925935026945884,0.009092807692358495,0.0041604233161723694,-0.001640854239515943
2017-12-11,-0.001722930299804215,0.003527321902295382,0.006341576685194906,-0.021019457396181683,0.0038783201443463194,0.003792550892429481,-0.027176610827864118
2017-12-12,0.0009347610873480616,0.008644147694267005,0.006984047723108106,0.01580406028171931,-0.0012201109159634621,-0.003639852550543224,-0.015329167293304797
2017-12-13,0.0045189066150414054,0.01035733135368122,0.014098994127715555,-0.007936849271321145,0.0077081621166890536,-0.003452472880178293,-0.007413621373278814
2017-12-14,0.0006539104407440924,0.00814521079994726,0.017602585577815386,0.0022260171636682294,-0.0028859738335183624,-0.0023827987404560096,-0.0012493141091044519
2017-12-15,0.009034134948692053,0.013027563307034968,0.015313070861742356,-0.0021858638860776224,0.0036919545704723017,0.005176900153132941,-0.005728677651841092
2017-12-18,-0.0010152351875295969,-0.008479204488963407,-0.005593556237365233,-0.0011734278245836057,-0.005704827085798067,0.00021081367357959733,0.0026946274701676784
2017-12-19,-0.0005669968120292676,-0.01008982640619792,-0.00020706724456636864,-0.009062265436883214,0.00010396593270706279,0.0041492671173963425,-0.017202319600707592
2017-12-20,0.00884397251611026,0.0031018260975335245,0.0073037072968165475,-0.013938314902143086,0.009548700480702468,0.001879804897258061,-0.008400473665286588
2017-12-21,-0.0021520672790288206,-0.004171376835054381,0.002991293464979601,0.004315402293400154,-0.0006242610969084153,-0.0029923452435799726,-0.006356023961289978
2017-12-22,-0.0016935028912384534,0.004681249030938563,0.006493995260251562,0.01633636526245404,-4.4561014589312e-05,0.0014708681440978829,0.0015235358125369155
2017-12-25,-0.006819213742404329,-0.0056479331950203895,-0.006470998273675047,-0.014342366865749863,-0.004305283932464704,-0.00033223825609349927,-0.012109193210399006
2017-12-26,-0.0026931507704677474,0.017135266557800875,-0.014680384234294165,-0.0008756695045376224,-0.006965838168775405,-0.003407507043282312,0.0016351651170342547
2017-12-27,-0.00380031683519732,0.0050816173925291854,0.012603296765991569,0.019788553790127027,0.0059462699366244435,-0.004931700993217914,0.0036035543654587394
2017-12-28,0.002019690112167941,0.011227370793454124,0.01911167902903805,0.02272456178021645,0.006843468472951027,0.011555352288732668,0.002391982885693271
2017-12-29,-0.0010062373661911081,0.001633912644877998,-0.009074581278616552,0.0002926663013126579,-0.010617907384089569,-0.0030136431021706932,0.0013094959426100828
2018-01-01,0.003948553033834761,0.014941579759717959,-0.006488459838619995,0.03185774502339778,0.0005192391343678345,0.0007669589934949041,-0.016879156606505887
2018-01-02,-0.002330237311185494,0.011389258722953976,0.0021879970756406215,0.006316074077590769,0.0017832436571985628,-0.005142678896386095,0.004073854488462412
2018-01-03,0.005783339025292421,0.01547794352572735,0.002386642473007013,0.025071080996595912,-0.0062802835997952736,-0.003470162168240753,0.0266969086945051
2018-01-04,0.0024618996978867827,-0.002337079539137508,5.215558920833634e-05,-0.013893443028014148,0.002655369848042092,0.001575387996724529,-0.002279530825157657
2018-01-05,-0.004489039357774421,0.0011035745924765342,-0.006488685183465868,-0.013528459280480114,0.007069834685611135,0.008617925686715539,0.017996104023497383
2018-01-08,0.002750499181570987,-0.0019307470113720194,4.30312463629425e-05,0.004830231919004935,-0.002231165776083252,0.005085563169378359,-0.024941085450299605
2018-01-09,-0.0010329059125133819,0.009021797724305423,-0.0075951260161470765,-0.0026438784427238312,0.0035815582583562217,0.006157123140253349,-0.01692946646272577
2018-01-10,-0.005322315051923816,-0.013636452766484227,-0.018243640812018253,-0.02624405341386074,-0.007344196416974896,0.0032942453449040635,-0.007983750942083992
2018-01-11,0.00027550081681464124,-0.011229379399046181,0.0051250886715356585,0.028441352352084136,-0.00667072873492042,0.005333412210838192,0.004877329301133461
2018-01-12,0.0002174542079482559,0.004827518191008472,0.004469388786939595,0.031225590015485586,0.0023691441918127624,0.0018486840634897948,-0.0022710269628961
2018-01-15,0.0035063190343054334,-0.009791925168468524,0.0011931710700670691,0.04155216785208081,-0.016431591906499503,-0.0012180521824822137,0.007176464899676251
2018-01-16,-0.0007623590210573867,-0.002787023983519842,0.0003901565109867688,-0.0034278187970279064,0.0013561559302065706,-0.0017333307570269714,0.023572203326706856
2018-01-17,-0.0006580581233562753,0.0061043814333871255,-0.005851613752437378,0.014688397466815868,0.003547926196486458,0.0014281397967253308,-0.012073632604459116
2018-01-18,-0.002659621567277395,0.01845083473186048,-0.006088002569678343,0.01371414841138895,-0.005600411745307569,0.0035056148857273623,-0.004259241272202973
2018-01-19,-0.0035027635899897817,-0.010385132768109213,-0.0074420031895821165,0.004471972738149053,-0.0014500836249733125,-0.005390378904936474,8.143138830162015e-05
2018-01-22,-0.004224019922909642,0.005377021018346503,0.007570313157543013,0.004962946812645098,0.0018717080620499294,0.007064121189743895,-0.0004082605566146401
2018-01-23,-0.003427043603409491,0.004972050565825431,-0.011422183938382536,-0.0030129381930036527,-0.004229556452389889,-0.0033764047898495984,-0.0011755203273221642
2018-01-24,0.003949576553480331,0.014537715904148206,0.012204735042286988,0.008751379368844422,0.0007950929740281726,-0.007598560209953884,0.01058232728816498
2018-01-25,-0.00876735539063759,-0.027122069542817276,-0.007134075828221898,0.002088370558720798,-0.006213597098307336,0.003386187071642123,0.002759241110442414
2018-01-26,-0.0006476347447749941,0.015798576954200925,0.017105531436485726,0.015570337838020601,-0.002720475847767351,-0.0011666033673278548,-0.008471120890073042
2018-01-29,0.00018033195058777808,-0.012734290695271636,-0.004293472326944381,0.00038750810830409904,-0.012512694699091956,-0.006183136255061693,-0.0038901773252707638
2018-01-30,0.00013988986851622715,-0.006154186482138733,-0.003017433368449557,-0.012977284265374662,-0.008220749202325756,-0.002399489582168374,-0.00205047776171874
2018-01-31,-0.0008915642942952261,0.0005676728387775293,0.004134759964022766,0.012205565966643768,-0.003847362320610676,-0.00636172838998613,0.019404467593153348
2018-02-01,0.0018917884805107696,-0.010832539935789266,0.0024192191678601414,0.013908238984343351,0.009249518545348282,0.001073680794928298,0.00861889454377635
2018-02-02,-0.004488423409261176,-0.00280323568107699,-0.004794625693525771,0.006221102631969032,0.007977990366136974,0.0006387458837368089,-0.012187493595479937
2018-02-05,-0.004703770112493097,0.017051742423022948,0.005613640843557206,0.014422911416246308,-0.0015971516965672546,0.0012095119154027119,-0.005029383298393665
2018-02-06,0.001898798262786491,-0.013441982914815584,-0.0041061960577309705,-0.014724861819014338,-0.01893270231270139,-0.0024502085486169914,-0.00960443047451355
2018-02-07,-0.0004915621654325744,-0.0005582608942976777,0.017366615982668705,0.009060233211229618,0.002965046895239642,0.002739746279587782,0.012480649145462278
2018-02-08,0.0021671234939023734,0.003960010557191227,0.008366639330870704,-0.03611677860361698,0.015307564416554224,0.00899598909991037,-0.0039729981934340615
2018-02-09,-0.005302043464188098,0.011616480755085465,-0.007010301455638565,0.012002122731199886,-0.00839354637662374,0.007520003536153356,-0.014131958700958838
2018-02-12,0.0006259451435905363,-0.025253957591631977,-0.0026873544036615776,-0.012623409797248674,0.005552811513488746,-0.0019061086995021408,0.007000650001297794
2018-02-13,-0.003746495071841776,-0.005388670552246577,-0.004117158731870678,0.007813125152481684,0.0006888067818163093,0.0019732691082337867,0.0022876377003032988
2018-02-14,0.002995267572874878,-0.00966210750062829,0.0039952521272359235,0.02226198280697097,-0.010541225305929386,0.0008036427316373114,0.009236745268129674
2018-02-15,0.006194763774687911,0.011044120170116944,0.004461413633825156,0.006359851742597906,-0.0023901105744417598,-0.0004636980636775948,-0.013503178042361725
2018-02-16,0.006298136645216777,0.007817417893112655,-0.005819045571945043,0.0007383728069731031,0.007823665279536107,0.004984872176067066,-0.01575136994125441
2018-02-19,-0.012185394436442181,-0.001149938012150417,-0.012534308978463913,0.013500527932312946,0.0021640964915853704,0.0024130029282906033,0.0208161237535295
2018-02-20,0.005295443126746542,0.022782497494324032,0.01797883523023175,0.028526728148733402,0.002299248951393073,-0.0032494229217356094,0.0360539047422269
2018-02-21,0.0006018125277745414,0.014490998638138974,-0.0033650542976780833,0.016700159752040422,-0.014012014395879716,-0.002275892179472359,0.005174763656080776
2018-02-22,0.0022004408558213132,0.013351448043545426,-0.008298843152597022,0.009651705654392658,0.007356104197334308,0.009640980779136506,0.0037242058244298555
2018-02-23,-0.0014880296697406816,-0.01611562551736401,0.01595126125286231,0.012915668995078091,-0.000594922528689565,-0.006516678078722139,-0.006619811406740961
2018-02-26,0.002875289046587025,0.005134331835097029,-0.01732544525085467,0.005043763486822104,-0.009795436415184256,0.00423525753534501,-1.889342405737172e-05
2018-02-27,-0.0015036915877562577,0.010713269772217121,0.004396906254574309,0.024624218794393665,0.0002963322593962423,0.00048144322521655614,0.000999192729489906
2018-02-28,0.0014018718581528017,0.02041823107703957,-0.0019941839124112057,0.01284102535554289,-0.004133884604858899,-0.007571642023390225,0.00903357900178902
2018-03-01,0.0018316263239382508,-0.0008389466671426626,-0.013900559561139803,0.00018231810892210037,0.0007938866984617589,-0.0037941234795185364,-0.017767360981978172
2018-03-02,-0.0006595548656680359,0.007092210495905483,0.004897647991646854,-0.010696264145042374,0.00227457323121444,0.004479898451161023,-0.01346445752793653
2018-03-05,0.0006026222616136429,0.0158074974280221,-0.010325074315481129,0.018272369735723278,0.00897728547868884,-0.0005391699339686184,-0.004313567223510047
2018-03-06,0.004482390589738297,-0.0005487307443019076,-0.021406687207437408,-0.009343952817117043,0.0022388243014611698,0.0027159710210105307,-0.01761083146266713
2018-03-07,-0.0007292078503991575,0.010904618838575832,0.0006169801404787656,-0.020974087597932196,0.009055106350617395,0.0008876278898504408,0.011393860061418976
2018-03-08,-0.00523184422664764,-0.004147229653762255,0.0030974350255274412,0.0016010663543783454,-0.007539622941030657,-0.01000772313718024,0.024199954054014542
2018-03-09,0.0013421559080779794,0.014089671622718937,0.011329939677935951,0.014005816002975558,-0.0003094450572752403,0.0028426935849966074,0.020441307628217737
2018-03-12,0.0006820447507300104,0.022511651150569235,-0.011771001697587602,-0.023653312305511282,0.007725332028311033,-0.0014457287510998076,0.022201409527909798
2018-03-13,0.005699382201672794,0.02104253160033807,0.013072923654417791,-0.01028095209945757,-0.005627602815008879,0.00787744172923108,-0.014748320240928717
2018-03-14,0.006689562561950222,0.01059725355558892,0.0028433913712884013,0.00578356379508035,0.004501322999594982,0.0006169130814418277,0.015612921243418725
2018-03-15,0.005915620834881717,0.00415129257485874,-0.0032435540167001786,0.01690078212084629,-0.01149414511220568,0.001201312804101324,0.00964298269321677
2018-03-16,-0.002963417693493805,0.0098621931939689,0.00010461662789674743,-0.004754701238396245,0.006234847146851882,-0.0033786764438755966,0.012164562779852017
2018-03-19,-0.007579409634565978,-0.00037854675833754543,-0.001825292012222568,-0.004487983574164917,0.001384461277023493,-0.0007219887258206489,0.013941644822310174
2018-03-20,0.0025906109570901594,0.006179140308913904,0.004634955000533935,-0.006481273446598241,-8.618026587326128e-05,0.001993590250677336,-0.0017617559271061553
2018-03-21,0.004795825214870654,0.0029093240419187805,0.005823062096836593,-0.02256592593124847,0.008109226651934247,-0.00011802521932502579,-0.014648652547493587
2018-03-22,0.006934764613743247,0.011039872654427447,0.01329680214463593,0.008420315139731915,0.0020488333738037335,0.0006517658337887397,0.010937521517533529
2018-03-23,0.004880090325419079,0.001029579758808769,0.022276740650075292,-0.0003524438681035912,-0.0053013445500921024,-0.005213339676376508,-0.013365650886321814
2018-03-26,-0.001305252342929304,-0.003697575696134192,0.006121191303417267,0.0010472036049681934,0.005068148423228488,0.000614510948827389,3.069867669712525e-05
2018-03-27,-0.001960066714958434,0.01563840316234673,-0.01369393533157634,0.005661903422907293,-0.0014899250058987745,0.0026869026454193626,0.00011376575778583905
2018-03-28,0.000384574930509745,-0.003347917058575602,0.013676367560532154,0.002424427464268051,0.01240402286326629,0.0024129827757562233,-0.0010130003470467835
2018-03-29,-0.000231309656001912,0.0062327712497422735,-0.004908009740759108,0.002472915860426845,9.266299315959756e-05,0.001317548556399623,0.0039131612183551275
2018-03-30,0.0019579845456638026,0.0016495609267757857,0.016454792267273043,0.009692233245229824,0.016522978512021103,0.00206237433359076,0.010134664769830952
2018-04-02,-0.0025542059090996466,0.015112411259827036,-0.005836298442620548,0.010177259495222246,-0.0016762660876214492,0.0015858031536855931,-3.9532143260409897e-05
2018-04-03,-0.0028070214413306225,-0.004842886070593049,0.013927068088263935,0.011249312318799486,-0.007445539001525628,0.0038223468825171313,-0.006261187632994252
2018-04-04,0.0033234464442091897,0.007700924963678684,0.00821971483458396,0.030339863056297964,-0.004445454324068926,0.0023375747933414826,0.018050511443426495
2018-04-05,-0.0022233748482581913,-0.010205808687643892,-0.004391854328378251,0.0032548407728753333,-0.009518128259760849,0.0007765007909430575,-0.01581028951401127
2018-04-06,0.005523339469839847,0.008223439636941646,0.02170590389472069,0.014011531539446686,0.0008353644236869322,-0.0014086108495855324,0.007651056019827302
2018-04-09,0.0002289972679567356,0.013818183768511197,-0.007268435313480961,0.032252355897340663,0.006355650224179354,-0.0010020838635843219,0.02199725539246763
2018-04-10,-0.002782522169314983,0.0008295398320048002,-0.013072042972711107,0.027318649148969257,-0.012110133892625208,-0.007778951754383745,-0.0020736109582197948
2018-04-11,0.0056393112277247515,0.013508681229525518,0.004761228192127356,0.016382017215998315,0.0008174330553980017,0.0026096792841754507,0.020091034649304694
2018-04-12,-0.0006364785755479513,-0.009736339008931841,0.00360253761462296,0.01078777675105523,-0.00016960695097461968,0.003390881792278302,-0.0034051314342160876
2018-04-13,0.0008601856326565967,0.004473627291171623,0.0038411950971551823,0.026354739526987494,0.0017619263561342512,-0.0012625809857347177,0.008722361848827105
2018-04-16,0.004385415971696303,0.010801638631165693,0.009907758985791468,-0.021260962013275517,-0.011052069396625772,0.006349112110765408,0.0066694293498689465
2018-04-17,0.0002636900638216341,0.007998655104481181,0.02010527915047299,0.028188061303454623,0.006573018561795985,-0.002384382349837374,-0.0025712779516676412
2018-04-18,-0.009195648555482735,0.0030206390114252296,0.00845458614680253,0.02642601324679177,0.0023509253991199023,-0.0013708186164316215,0.00012604088594453936
2018-04-19,-0.0029514695014068904,-0.0036245631370231367,-0.010683839786494015,0.025694069452701928,-0.010163567956103275,-0.0029135346788168263,-0.01926858502008763
2018-04-20,0.0015362231521222338,0.0003055161846593652,-0.002705645282903811,-0.015941874668235097,0.000997381174196902,-0.0014047393036309649,-0.00301332596192392
2018-04-23,0.008179744475508762,0.005366114293082243,0.00873155220055291,-0.008782014288159657,-0.0016835626574745225,0.0015853565237042438,0.028048920602361162
2018-04-24,-0.0007997143724164141,0.0035708155358620394,-0.007735327705911919,-0.04342288655800536,-0.0027683775108247183,0.01012709576026254,0.0013062143775136056
2018-04-25,0.006913717315734269,-0.0013718046832999365,-0.020739644885403665,-0.026429046893873372,0.003002206369133495,0.0015505261065347816,-0.009118323551096012
2018-04-26,-0.001771002677847574,0.009994564407149784,-0.0041479230717078805,0.006810387282179312,0.0010567028494616053,-0.0013676067316804644,-0.00799548378752881
2018-04-27,-0.001359325688509582,0.02125990117784065,0.01302987344302449,0.023976914224893325,-0.003262293580639627,-0.004901893560978548,0.022706256118947422
2018-04-30,0.003969080351372861,0.003056930370691449,-0.0017480388846270595,-0.024817219613097276,0.007057909916184451,0.006246291472600547,-0.013668596526827816
2018-05-01,-0.002900407935438606,0.013401577852651675,-0.005735246113024482,0.03108928932247132,-0.001967838258010521,-0.002394770354980123,0.005825743822925757
2018-05-02,-0.0013965317703452066,0.012715715748118826,0.009655474240584749,0.023036167982745444,0.001544927172407101,-0.0013553226218920795,0.006115507639943914
2018-05-03,-0.0015527924874826763,0.016683796826134033,0.011177456019277597,0.005974176986917585,-0.003684942624939743,0.006753321869222549,0.0063987454939888454
2018-05-04,-0.00037067146787764726,0.018201146481227885,-0.003095554747289494,-0.0013473843097577915,-0.00017797647185004002,-0.004350254375946213,0.00800074035475468
2018-05-07,-0.0028993885080082224,-0.008093394161261074,-0.008684670479847952,-0.010614414461923578,-0.0058380539820925125,3.3475116183907425e-05,-0.0026563930399340027
2018-05-08,0.00034203315293325313,0.028062314030895263,0.0016825635115030042,0.015681889962522774,0.005641544651183174,0.0010078776134874652,0.007678105896787356
2018-05-09,0.00023279301977667657,0.002490457444720856,-0.005357008117712534,-0.00808526775596051,0.00043163037702728386,-0.007336968849914429,0.018771417734527833
2018-05-10,0.008793459082679539,0.0059606081391092285,0.010084154940926945,0.01578243943779147,-0.005787841345322363,0.004397513842908073,-0.0036883796861556907
2018-05-11,0.009312925553275508,0.0019397345672061553,0.012195664173290426,-0.004359653573152816,0.015572122952508007,0.0006940656990117521,0.009600280433518894
2018-05-14,0.002656719363269076,0.005974845881218093,0.0038062309077026187,-0.009287840131833765,-0.013259213089953847,0.004421125841420359,-0.003262224848170958
2018-05-15,0.00482841519470707,0.006327899360328468,0.014073339567916211,0.01477287705864626,-0.012567595217359256,0.0026872829940638742,0.0014089646187050566
2018-05-16,0.004810059311689791,0.009161239438791902,0.008520471755416564,-0.0026480697712510737,-0.0029836980547625932,-0.00042016245203804146,-0.017827575128175083
2018-05-17,-0.002211382317471734,-0.01838374600474191,-0.016766991784417026,-0.00407456333554397,0.0005448099698018368,-0.0016199598307198048,-0.010618557013063433
2018-05-18,-0.0036396444915392265,-0.0054185822078301905,-0.009789917212570946,-0.0017817515055948336,-0.010241467169062327,0.001248733696804215,-0.005879744951777881
2018-05-21,0.001655032304333258,0.01125347235644646,0.005022459265776714,0.015386199201188335,-0.011151482334300395,-0.0020316364510887894,0.019289162314691122
2018-05-22,0.002186924518624169,0.022897216624098563,0.019954625249203144,0.01321178792059024,0.0015375557254814851,-0.0017542480821946956,0.002942592035777013
2018-05-23,-0.001482992737035847,-0.007723291173821669,-0.010279332443446264,0.0036003017423800357,0.008252102304095395,0.003135862745535402,-0.008672847519018622
2018-05-24,0.004206128065743627,0.005987994271836133,0.0016690760843450583,-0.00194245321424658,0.0002536165677275229,0.0033976386241564263,0.0007392235161719574
2018-05-25,-0.0025637002955787025,-0.010727914496128725,0.0012541410337113292,0.006309567363225964,-0.002939209907231566,-0.005177688910024449,0.01640345446584986
2018-05-28,0.004504431420645736,-0.021909223415841058,0.012476127786673348,-0.0072242675942869065,0.0018156550518199518,0.0049529419903866076,0.01398067296035367
2018-05-29,0.0043614736759785945,0.004464794842449723,-0.01131945778596719,-0.03577681354984091,0.0070348366205813225,0.006792685418287962,-0.017736849713687063
2018-05-30,-0.000729123231199209,-0.007297137006291372,-0.0064969366778144435,0.014108021299117502,-0.00037379337190858236,-0.0018665089116519143,0.02965783541360717
2018-05-31,-0.0053877015262634624,0.0037185973913454076,-0.01137754921032094,-0.0012917200954448418,-0.0003480598123646232,0.002526624771758769,-0.003560885373471
2018-06-01,-0.0011177969780314229,-0.004171636263324244,-0.011146455597116849,0.006975262564674944,0.00011907943113018604,0.0007958063217901893,-0.0031403935223304194
2018-06-04,-0.0004215142505311043,0.013400421819767472,0.011592688806727824,0.02764630831981706,0.0027604524169573506,0.005764550226906009,-0.0011151693612504773
2018-06-05,-0.0004534096552087287,0.013617426528418752,0.009857471057052002,0.0008303912608568402,-0.004272822983211685,8.503825579081505e-05,-0.002435227014305148
2018-06-06,0.007248035486214547,0.011921398913610595,-0.003590991411442399,-0.01889021246396286,-0.0018422700105748706,-0.0006032781458656123,-0.003288129438675233
2018-06-07,0.004808199895332916,-0.009660808076014172,0.023218365261118756,-0.013790795567526045,-0.005384494019804903,0.00790043580251828,0.014505203176547746
2018-06-08,-0.00037939747038155143,0.0039959901627116805,0.004553594096128996,0.004233728052166437,-0.006956884041363514,-0.009585645546617248,-0.0029734247762313857
2018-06-11,0.007614640347378459,0.02508213330542447,0.0029003172561942302,-0.013580919255150894,0.0054828185202263555,0.004397614048354827,0.005828596716122001
2018-06-12,-0.009758146319159569,0.03271573042600583,0.011732654719550126,0.011906714096140504,-0.0028234788534102304,0.0044791938691698665,0.016430327786083856
2018-06-13,0.000718591103979846,0.0054036556916617845,-2.5637621230976124e-05,0.006898753064082454,0.004512449296666509,0.0018040543972857278,0.0028476418850221985
2018-06-14,0.005921457943569184,-0.016641317018457787,-0.007441493944788588,-0.008099576276205894,-0.004521526775576396,-0.001933872105043674,0.00989017727334338
2018-06-15,-0.00024588575796516513,-0.02217034012168022,-0.006382155848495969,-0.0048856243768546975,-0.001401076198608418,0.0010983531939220846,0.0004017594528292282
2018-06-18,-0.0002053061294274631,-0.014604392671768763,-0.00572099610038338,-0.013811250210177383,-0.0022746857348349605,0.0021796333606950787,0.0003425150636339255
2018-06-19,0.00364603315502207,-0.0032736485161841762,0.01587625168154932,0.011479963704732471,0.001855852876089834,0.003196121444572512,-0.0070974951914318015
2018-06-20,-0.008085043223228198,-0.011193735253541589,0.0037313611387620195,0.004599317107885363,-0.0024637279165327704,-0.004388535234857575,-0.018478479690255786
2018-06-21,0.0060494002938015915,-0.0001017983909215565,-0.001991341106860704,-0.014413792782594505,0.008857992686041642,0.004910556395116277,-0.01764168468214619
2018-06-22,0.004808186416938457,0.00042502095076263834,-0.004325052008223102,-0.007786915703101328,-0.0036120689747604425,-0.004710232795904175,0.008937381348523574
2018-06-25,-0.0007328221949322991,0.006975452698137113,0.003380272079866923,0.011636401456776147,-0.011614846064980686,-0.0038515390015758746,0.01345534643889258
2018-06-26,-0.004949338711902649,0.002181444502558073,-0.014963382755003779,0.0004841423846695254,0.007690635604512603,0.002456433543712963,-0.024110997527888894
2018-06-27,0.0037434962218907226,0.022946529998590558,0.0313899686559593,0.017281260527241337,-0.003943261497562981,0.0038818819910559966,0.027559201015398074
2018-06-28,-0.000398355057599807,0.011838933835621755,-0.006815572601811664,0.0067467527762997,-0.014385032881819658,-0.004444185524669256,0.0057309719422347204
2018-06-29,-0.001103431464257778,-0.016284874305649594,-0.0067701288918845205,0.000904060518645923,-0.0021729090831530953,-0.0008771849077936748,0.005633717652917011
2018-07-02,-0.0010226550924600426,0.015307917636321111,-0.008109190304356013,0.0316313553240587,0.005300647529050269,-0.0017222990221963468,-0.0009352506342801775
2018-07-03,0.001176944950637801,0.007274896715624312,0.01216134451582985,-0.017122883921494733,0.005196581144517891,-0.006184293622428572,0.001315759576509813
2018-07-04,0.006165668189027732,-0.014401815242276178,-0.014973644652418319,-0.006580441595087127,0.007244700530051663,0.0012284058553627478,-0.031348219508630065
2018-07-05,-0.006382534691257385,-0.002069934827041783,-0.013608039029134237,0.0021634741883269173,-0.000958244717148798,-0.003179673737114076,0.021292941533387726
2018-07-06,0.0027118762005656966,0.015237439014154454,0.011822066785782818,0.001967465987163855,0.0013315828486596352,0.0004610548708201301,0.011498207443580655
2018-07-09,-0.002251468839039469,0.01909554604393736,-0.00571226736115079,0.007078349284098058,-0.0009969508508862325,-0.0015585210902342253,0.028787332559600302
2018-07-10,-0.0014062228538205446,-0.004605579663533627,-0.007211649188884859,-0.0011796456562322075,-0.0014496745547506404,-0.0048816436570203086,-0.0045986340244628995
2018-07-11,0.0027887537922057226,0.013081847753431741,0.0028241839006585925,0.002588494660184728,-0.0005262830078156438,-0.000978823692664218,-0.008044219907796118
2018-07-12,-0.00587661727504358,-0.01133595410245007,0.005971052862313534,-0.00400415841075582,-0.0027621044530605106,-0.0019952999070044046,0.016643187454104504
2018-07-13,-0.003363541886889349,0.0014159430711505028,-0.0013564164352198463,0.0029689808826611347,0.0009460093230394066,2.3317907743900223e-05,0.010180627924904472
2018-07-16,0.0002329703224322564,0.02044303197139667,0.002991656974390434,-0.021776512496278204,0.006597855075884764,0.0036920743070466724,0.0005879825508113181
2018-07-17,-0.0006882885071209535,-0.025755568735846793,-0.021850096589575208,0.01562658725203678,-0.007586796702626793,0.0007519086707984869,-0.024332343635242174
2018-07-18,-0.0038374462671813083,0.005967218007407048,-0.001349869344069888,0.011440847084950443,-0.0007249570613947859,-0.0012007896745485584,-0.004553824462557937
2018-07-19,-0.004426025548729882,0.01429278251603148,0.015731305582204036,-0.006942740552150148,-0.004279993387120813,-0.0002692778108039582,0.011587142587388188
2018-07-20,-0.0003772751045507257,0.005399152702600719,0.0002386923308336279,-0.0004195161107374409,0.014504094358745176,-0.0008161513980282426,0.016980377068705612
2018-07-23,0.006137470356483541,0.008385030229512718,-0.01571035451087017,-0.005147831933146858,-0.0023698415567575855,0.000343425903561715,-0.015640826135155734
2018-07-24,0.0033750412494098023,0.01284735588475794,0.014223659068071931,-0.0019206430386117428,-0.0033587908549663897,0.0028781117208541104,0.023686080329227463
2018-07-25,0.0006275594058232125,0.005291060788569604,-0.0012654513416528157,-0.007416598276192654,0.004699277159758434,0.00043980299298974424,0.003582151720366897
2018-07-26,0.002380033772933914,0.004836531639053294,0.007027734225192662,-0.011965024265847614,-0.003290689134131378,0.0008947169785426071,0.0011145646761592774
2018-07-27,-0.0017392978359036465,0.001719106490370791,0.008780021684203429,0.02188467955412109,0.007858888125925183,-0.004758775833773489,-0.00964599376658873
2018-07-30,-0.0008085851943283456,0.0002311784736998461,-0.0023179988230756627,-0.008606707256720419,-0.001452884390836031,0.0019959906740745687,-0.01602193410147156
2018-07-31,0.009723457982267297,0.004267102104097483,0.01419292557270856,-0.01038313136910969,0.006856819647053,0.0029667519537093087,0.007199197812615662
2018-08-01,-0.00044459015437760084,0.017850554588824414,-0.012572816522706148,0.015549453801316209,0.00022403597438902338,-0.004152524184300353,0.02513139402496981
2018-08-02,0.0077448140149557875,-0.02147724857248975,0.0021815037323844335,0.0027193041656838834,0.002450358194849331,0.005940898702193138,0.007051126293181692
2018-08-03,0.001410752740105502,0.027293432744023464,0.01286765823659739,0.0022466238449478874,-4.546940764707237e-05,0.00673097319906455,-0.0044820957884268925
2018-08-06,-0.0012889582395543993,-0.003779864303657273,0.002912701905858151,-0.002303407159126264,-0.007543824438037593,0.004112419080034593,-0.003953958879708521
2018-08-07,0.008429766324349374,0.007042481621944891,0.016193592408420145,0.010187595415145238,0.010300042704204825,0.004462390853531103,0.0011675436225758063
2018-08-08,0.004722950032830861,0.031261977627746095,0.0025510762074022414,0.016443165574184865,0.0023387332117269415,0.003557567377804731,0.0038337813582804583
2018-08-09,-0.00828099851458554,-0.006458987726078487,0.0066532765326131,-0.006766176790296418,0.004748508285050788,0.000661790489291511,-0.0007094425212300574
2018-08-10,0.003973272863808095,0.00951038225452142,0.006709342281854323,0.01696938739268865,0.0022805138455514818,-0.00548798889725059,-0.0004660005288397732
2018-08-13,-0.006867632246114506,0.004351217900536137,0.007276047122723068,0.021205026356314615,0.0018588844528298334,0.0032732649790484405,-0.013912043799528356
2018-08-14,-8.026903176157183e-05,-0.01718051851969719,-0.005148503839804518,0.020486692572615955,0.003917050677899917,0.0013419696480348854,-0.006045437184429352
2018-08-15,-0.0036243915576977264,0.00023047574810596176,0.009988091807895047,0.010900883603893022,-0.009242706098447961,-0.00014142200318873754,-0.015935942541984147
2018-08-16,0.003566745384706237,-0.006974481809030591,-0.011326951402442494,0.0065414741722536,0.0022248573460474106,0.00044044166961420487,0.02030521147164011
2018-08-17,0.0028900072825093744,-0.00670892575592417,0.005560210519424114,-0.0061117346132143315,0.008230112908507196,0.002139477732995382,0.0006738202610696074
2018-08-20,-0.005419491670358132,-0.0020683648692498657,-0.002285967813997013,-0.013704477321194192,-0.0015420441051138564,0.001461576342654313,0.00021018551542889037
2018-08-21,-0.0052984164175546985,-0.00598328077083874,-0.006708247700869974,0.0032867765889818025,-0.001201805397152265,-0.0026524184915928278,-0.004306776606073293
2018-08-22,0.0006188911922190359,0.01134598475359006,0.004424026194727228,0.025050324837898305,0.006725041802246848,0.006282841803545227,0.016020107929746844
2018-08-23,0.006601817603801323,-0.011067859291656068,0.007553666102711244,0.014692954260820106,0.008379806509668155,-0.0022720171792433882,0.004776554985600493
2018-08-24,0.0006508131998385194,0.021849325502769735,-0.01075403196100894,-0.010525486030525333,-0.009096688816381388,0.0009020355968875014,0.02840877583319989
2018-08-27,0.00017263297159746588,0.0009188686221861345,0.005807440632780689,-0.0003253146431520103,0.0028703618947524606,0.0021664802931948487,-0.009677339042472234
2018-08-28,-2.618802178073088e-05,0.008433184546769583,0.010267996216453284,0.024307113639679433,0.0023239062869832103,0.0017697953865557275,0.012249375497326033
2018-08-29,-0.002029088288901285,-0.008813616408918815,-0.0025853663313602387,-0.020974730044249514,0.002465749928744711,0.004279499305277212,-0.012317381975089735
2018-08-30,0.0020906021988974584,-0.006880893815782332,-0.009773481057407612,0.026992439722278397,-0.007905356677596847,-0.006628163691255544,0.004098848588937822
2018-08-31,0.0014240892703563008,0.008199537426392362,0.021230077900936034,-0.006171184458506824,-0.000392785656820047,0.007997106543959456,0.013056277582488394
2018-09-03,0.003550335352048024,-0.0057582001111949254,0.011825836705591015,0.012095784738701463,0.0017640592704846352,-0.0017081425351630857,0.0023357650743150997
2018-09-04,0.006943968159986995,-0.01021182559099536,-0.00642799999867754,-0.017324348644575046,-0.0015572190304299904,0.0003815277077236053,0.005167730064411046
2018-09-05,0.002195662225337269,0.0013523754546972424,0.003835780257393334,0.009606333183447844,-0.009315776504304485,0.003867579800646701,-0.00782408605097336
2018-09-06,-0.0014240470285809292,0.0030406891759134254,-0.0006153992233460413,0.008848508376140086,0.0005138629938406193,-0.0012365412816656121,0.019175079924706302
2018-09-07,0.0031822709788458603,0.004658905530357413,0.008590060139157677,-0.009800047279666026,0.014725017162357017,-0.0019930331390256707,-0.00025591341185549705
2018-09-10,-0.0007957086947938494,-0.0045644947356372435,-0.0049508069832900885,-0.013597631879249667,0.006903767502861177,-0.0041833928252050226,0.009056122594007917
2018-09-11,0.0029441590455929457,-0.0035516183935093786,0.006052439923680505,-0.0034077526013246203,-0.0053567736859158185,-0.0038546709905456027,0.009512322202579353
2018-09-12,0.0027642888393573485,0.003757703970462358,-0.002270353704915425,-0.004341613627670283,-0.0010259497449515835,-0.006223860533622966,0.002120241302804748
2018-09-13,0.002439825975513565,0.001542542625246203,0.018562777442767044,-0.012251528140800511,-0.0010913768508797799,0.002145764145153115,0.00492054407229027
2018-09-14,-0.007254858265175769,0.0035283870958567653,0.0007095313466755446,-0.02780711811676859,0.00011139960911702969,-0.0025914968249430366,-0.0025521044259072677
2018-09-17,-0.005002419864945124,0.0023291872463974805,0.01614920721699826,0.01134099895386868,-0.012146333975291756,0.0006394968633306128,0.006129542076725958
2018-09-18,-0.004054063901651593,0.002013660584882003,0.007778323360066853,-0.005757842890996226,-0.00888234200701251,-0.007837254753854193,-6.759789171832346e-05
2018-09-19,-0.00027201582082956693,-0.0066019176845809905,-0.0072464959335461964,0.005933744579439081,0.001495553719357531,0.00016809564354300412,0.006932256476321287
2018-09-20,-0.0022752376150103645,-0.014367459748932509,-0.007166116231490682,-0.012422043113295757,-0.012973626894855574,-0.0034898885888919873,0.013071138074681271
2018-09-21,0.0035534237331236902,0.00747243743239077,0.0035187217843790585,0.022764036913884775,-0.005777553132823349,-0.0037958617004217273,0.017387892672787807
2018-09-24,0.0004604199324155059,-0.008113329863601727,0.0049360481059580715,-0.00749815899714359,-0.0043873264786568,-0.003270527645448534,0.004928932407315822
2018-09-25,0.001173264559212338,0.01816550988685945,-0.00022886544725706908,-0.0018751570303449602,0.0099846605992159,0.0054109096581277955,0.00025520662454009505
2018-09-26,-0.005894070402953785,-0.012641851689085569,-0.013371132688099707,-0.001723142908870237,-0.005470658702186531,0.004342290097631878,-0.02095396461814867
2018-09-27,-0.00429537338437463,0.0006119289296795872,0.004034792356247826,-0.036566097664934384,-0.00833436885225105,-0.00042494053890907064,0.018030312180645422
2018-09-28,0.007901067137842072,-0.0017197374959029852,0.0009743499930259063,-0.017663790785754422,0.0058173663030321645,0.007561126044867986,0.007114523353429863
2018-10-01,0.00023399718687124244,-0.010200739844632862,-0.0006945136518861431,0.01910435490488065,-0.003790578647897498,-0.008066364551488939,-0.0014445101996111577
2018-10-02,-0.0007661065017698252,-0.022310557870214683,-0.0001427445788974771,0.003829069279164275,0.009134976281421068,-0.005552168512708375,0.005029618417032367
2018-10-03,0.004217356690136512,0.007705205522868692,-0.007398725157628023,-0.019193413877273975,0.0022127673797956602,0.0015130712029660185,-0.009827279086081877
2018-10-04,0.005316564199570464,-0.002379672404983149,-0.01704217064412643,-0.010598644640131513,0.002699764617256802,0.001443753567594729,-0.0028060545841624113
2018-10-05,0.00612597473226021,-0.01048696775674599,-0.003250006908043171,0.018067610943539505,-0.012197446313041206,-0.0013893523024379696,0.014201299540058871
2018-10-08,0.005006080178915663,0.01006699953619847,0.00949125001933026,-0.014279695387390741,0.010995049920920173,-0.00210232306189555,-0.013115992602102252
2018-10-09,0.0017015013730740463,-0.0051010695809767075,0.002072146133889712,0.0056819022865535205,0.010259322973277321,0.0022655797150680193,-0.010284206974181507
2018-10-10,0.0028559602888308055,-0.008600454459065997,0.00899322254820482,0.00028814118940588215,0.0030358356006519567,-0.006216249874766401,-0.024431688400305303
2018-10-11,-0.00585571569742731,0.018059684055216133,-0.011155472557731918,0.01618933636728362,-0.004875356180811955,-0.0018927987939049138,0.005183081854898517
2018-10-12,0.006725134258444226,0.009943504085171927,0.007093682483047438,0.020405316800728115,-0.002282006422858465,0.0048382093733230274,0.011556701869406919
2018-10-15,0.00370960857669879,-0.0001873410584195568,-0.0030517993562158125,-0.01591032515663765,-0.0034490261315058206,-0.002963913525669753,0.003747442829969115
2018-10-16,-0.0007633481072797445,0.004757230119579737,0.005096241814270083,-0.013336030998309361,-0.004866053479248747,-0.0002655392435133508,-0.005860046063612571
2018-10-17,-0.003371659563239691,0.01858329570163413,-0.014064429446316183,0.03419051954216839,-0.00020793437968396605,0.002657645703593674,0.012709205603993972
2018-10-18,0.0026178444210418097,0.02087688941393347,-0.0074417628862597195,-0.001061401820748483,-0.003534362043919096,-0.005856734394532856,-0.003322791272337702
2018-10-19,0.007640214519705938,0.0013625254531918045,0.022128328458195883,0.03400500879518212,0.01883785435725267,0.009359673425130402,0.0240370954928413
2018-10-22,0.0014506742288108085,0.0033442400294203226,0.0037723335854208608,0.0012308750465700308,0.0017162582782316925,0.00353041801648794,-0.0054991324844381045
2018-10-23,-0.005360514171510908,0.0018843437231785773,-0.008288661166367556,-0.007142040498756395,-0.0016268813987298232,-0.001993310245873931,0.014261429155056604
2018-10-24,-0.000516968242359362,0.013517715729273572,0.0033658481475113944,0.002924060689399803,0.0020515149974107013,-0.004137943855391471,0.008467506317029317
2018-10-25,0.00354676780010946,0.013334220279818638,-0.01060298075575558,-0.025001989312561874,-0.0011596051764889257,0.006463795527764472,-0.001198945561089247
2018-10-26,-0.002948790642668175,-0.01858246529649465,-0.009640474872670796,-0.01545498116833977,0.003886008072788335,0.0032103675810838863,-0.018202473901282202
2018-10-29,0.0031626736608874584,0.009126428767615548,-0.009494748579003138,-0.003080876829645199,0.0025987714764945454,0.0011800799650571513,-0.021599396671179414
2018-10-30,0.0006747314578445938,0.007834925164592695,0.016601110436498808,-0.0047403089601442535,-0.0007879172258489137,0.0006123292788927245,0.007888120380009432
2018-10-31,0.0005380722832116213,0.0073942846429836395,-0.010004693335517055,0.005431890368423604,-0.0046299968886322415,-0.0010040005914495752,0.020696419341624413
2018-11-01,-0.005442988713071834,-0.005782497477800861,-0.014852345661735421,0.0013312113144186661,0.003795514415573176,-0.0004888385940050083,-0.0035468531118166956
2018-11-02,0.005463625921211376,0.00636227594444023,0.010552525586051232,0.012226196627529612,-0.01501726865231364,-0.0001565808665309481,-0.006541468347789052
2018-11-05,-0.003167277943072426,0.01605207335049052,-0.0029163523449750183,0.03420650702262722,-0.009274524588363878,-0.00537371899851163,0.017846949710305943
2018-11-06,-0.0012154903461713638,0.0030817375511725917,-0.0011166055834791538,-0.0006587705989776364,-0.0016193366824729255,0.0007023718731135773,0.008596437913622705
2018-11-07,0.00660770878413526,0.0005532940702771297,-0.0015981332276635586,-0.011703537410839676,0.010120419767401329,0.004245910752925031,-0.02783599195872576
2018-11-08,-0.00762250710015636,-0.013295609764120992,-0.0016291294015235642,0.001362131825471026,0.0009523735239487467,-0.001832946211343754,0.016921900984398112
2018-11-09,0.003238455166473217,0.002360183393313731,0.012585282119487812,-0.02348456572072989,0.002474831926065685,0.002498467804233267,0.0066157846336320275
2018-11-12,-0.0067106854508560175,-0.006126818424141698,0.0011169179248068804,0.010841632017535451,0.005213795821556908,0.002247633278895962,-0.00012334394754779705
2018-11-13,0.002849903432953697,-0.0011240769495849544,0.0022915178301476657,0.011510278720994742,-0.000136264525279223,0.0014811314522749546,0.010930908780570172
2018-11-14,0.0031986683450030613,0.015716095208617446,0.025833302806601188,0.018365644062617287,0.00021834848794362988,0.0037723059408037024,0.011743855385918045
2018-11-15,0.0028040504429132124,0.01864154291485076,-0.013310113481928986,0.02240889915091421,0.010381696187734324,0.0026226119209159507,0.0043914249462097205
2018-11-16,-0.0006165822495933664,-0.0005599299796751659,0.0068372963326553075,0.011719886143667186,0.004203288922629619,0.002707797777041365,0.010620730182463296
2018-11-19,0.0034966045130356005,-0.010937152182576567,0.008367203416826001,0.026647827571817346,-0.0008391199306056272,0.005335595981584011,-0.011894932299005725
2018-11-20,0.00023094914952609565,-0.007860424833210556,0.012998204227402194,0.026873451930630524,-0.0011604981523105436,0.004113632062467312,0.020440615772803834
2018-11-21,0.00021832415666824082,0.0012801501179245597,0.0076591405613931195,-0.011107762744438573,0.002097828148488625,0.009286576280078675,-0.008038197668881683
2018-11-22,0.003765315635637388,0.007551422535663659,0.0007009298843560683,0.0029387876392587553,0.011295607267235597,0.003520643704547351,0.00487688747574794
2018-11-23,0.00675346919575446,-0.0007520908943967449,-0.007884215159664214,0.02150623640230902,0.00020078355915314127,0.0031236969925235564,-0.01248924514916507
2018-11-26,0.0019041100775558867,-0.012514925399082933,0.00014299613686093122,-0.01360623511184327,-0.004796189227180107,-0.0012391024204993816,-0.027999623958503975
2018-11-27,-0.00428962424986795,0.006994929140135547,0.0030271116880323046,-0.012060570875358551,0.004038748874090673,-0.002581860234813038,0.010871396330420826
2018-11-28,-0.00011255773933346278,-0.004265487801217503,-0.0011353762250294601,0.03867378873409501,-0.006511427348050003,-0.0007637107988807725,0.011795507216538442
2018-11-29,-0.0034996634264975544,-0.020846990581094172,-0.009041760931267701,0.007510897389305104,-0.004816889134226539,-0.002862394380597795,0.008836040798533885
2018-11-30,-0.0028753823972521818,-0.002704427056338566,-0.015813246083487206,0.0023349402418071106,-0.0004865196676924748,0.0019607943954391784,-0.016025868209534024
2018-12-03,-0.000417552721680679,-0.01571347195541569,-0.003998971192086832,0.019162079908723328,-0.004065036172287017,-0.006801176728616425,-0.0067993428679609105
2018-12-04,-0.006093827470535299,-0.01847306080684668,0.0028398455942196875,-0.02190528879147802,0.001163160263402029,-0.00019219638056800574,-0.007747481924103358
2018-12-05,0.001259402762101417,-0.010915409713397247,0.007724117900749903,-0.011885544836759425,-0.0014065564846145026,-0.0014875064714698024,0.0074981806230207055
2018-12-06,0.002527782459573882,-0.03032448806653109,0.00027793154973175044,-0.03449973293901539,-0.0017647862687382037,-0.0003571903185279507,-0.010931394686439264
2018-12-07,0.0023532831486261603,0.009244630840755903,-0.005551991016332593,-0.013406831959462146,0.0011412122038534285,-0.0050172964553333805,-0.00497572793102334
2018-12-10,0.005742328184496017,-0.01564457442345046,-0.0029043684705859227,-0.01631723528037349,0.012133097614815997,-0.001009234845156758,-0.013572948192882937
2018-12-11,-0.0037730725957483874,-0.0019447749849698817,0.0014641646080659895,-0.011589820716963312,0.005914325722339926,0.0015367023548751083,0.008664954957779082
2018-12-12,-0.0009625462130473661,0.002094554438763607,-0.0019174506825009384,0.023146419710155238,-0.00043816589275464616,-0.0006345755865199563,-0.0033677593780275217
2018-12-13,-0.0017138609714239588,0.0016916594098627053,0.007916546348400062,-0.007393630386312258,0.0017801609351700716,0.001482733386866188,0.005355158939855963
2018-12-14,-0.006480006951114548,-0.014244731855379738,-0.016792319742006633,-0.0025756324893125627,-0.008172938290666608,-0.004150990392815249,-0.014044615414284523
2018-12-17,-0.001262951189120049,-0.014262455067277958,0.005724835442791897,0.0067054766986691244,3.6953473248381506e-05,-0.001632574012253665,-0.02311861884290056
2018-12-18,-0.0014828322295532524,-0.010058870269104406,0.0011046055461384333,0.00874593748179555,0.000824796404399824,0.00429827488749502,-0.008489473310456892
2018-12-19,-0.0020891111474691812,0.011016040157204367,0.002403097550009209,0.00015319288298408612,0.011500799224432834,0.0034195586861903125,-0.002737072944667314
2018-12-20,-0.0023937878288859734,0.014303363949798736,0.0030608130339868016,0.0053548121956081725,0.0046980765462789125,0.004168948601685067,0.008008199850360102
2018-12-21,0.003885913352205206,0.006746363446053842,0.007697307760998771,-0.010413540508032781,0.012814623859668807,-0.002544938878665373,0.0024922882934671794
2018-12-24,-0.004997084942276549,-0.0037703958022228426,-0.007381739702999319,0.0024956031280397016,0.00045950560172879616,-0.004542600608553177,0.0008582241787913505
2018-12-25,0.005924714310725688,-0.013260418398918172,-0.0076235585050295415,0.005473642219847867,-0.0002967838290371086,0.00014376925445318216,0.0064541443389483115
2018-12-26,-0.002826284733036433,-0.0077908354633437265,-0.007810262897939194,-0.007174854919631426,0.006721465154549147,-0.006746733667642445,-0.015057844907605698
2018-12-27,-0.005112749340184385,0.01397180743206023,-0.005913500499997224,-0.0007304813900771998,-0.009415279937092434,-0.0015662256350917505,0.015370252072096049
2018-12-28,0.0013618313550500152,-0.0010244034073622142,-0.014749301832438685,-0.009596938927918741,0.00043289922261090404,-0.004010640189281958,0.004802650983276092
2018-12-31,0.0038902852499198256,-0.004878895178395304,0.008110756226853888,-0.0029808610590119355,0.007858248766195113,0.009056617943093578,-0.017732154679861868
2019-01-01,0.003427947232726679,0.016667476523782233,-0.006327904133857356,-0.009094947197422744,-0.0016650880810575276,0.0004776828441188498,-0.0038558493843632055
2019-01-02,-0.0004431408307738063,0.009385181009999737,-0.017450270499155717,-0.017148411592668927,0.004055336951852221,0.0025037767273982216,-0.01633389640673412
2019-01-03,0.0025888147974781244,0.016549724442194498,0.0024200888263338958,-0.013259422315196738,0.007582593649725614,0.008634755852557784,-0.012852539869047348
2019-01-04,0.0005070087864502923,0.012804518361720129,0.0029455255518236177,-0.024147209499756895,0.005105893578137368,-0.0018894976999566777,-0.013623640293050337
2019-01-07,-0.006561013560759323,0.010813337620404217,-0.008888650191456009,0.009011085524341447,0.0021493639937419044,4.9672965987853274e-05,0.005650600232261908
2019-01-08,0.0018741971126916366,0.0021243081012741194,-0.006351728578054546,-0.015351647194470453,0.00022250354719070603,6.610148511871952e-05,0.0026435785785054807
2019-01-09,0.004756614039264961,0.005863138637043947,-0.0055026402036059754,-0.036741747969989774,-0.0018359813913338774,-0.0036542465410890684,-0.010190870434520972
2019-01-10,0.0013191109839184737,0.0012373262050432473,0.0190368460246111,0.011536141161699322,0.012485095429290218,0.004383679260840782,0.012451940086546629
2019-01-11,-0.0010856135727552187,-0.013594254896003964,-0.005974914501299548,-0.0036805507944025263,-0.004838566131926125,-0.004831055538116449,0.004277638218598521
2019-01-14,-0.0036716012322339496,-0.020203421196397692,-0.014134807129418106,-0.008900813994095053,-0.008164187295589563,-0.0027969056725816598,0.0043242457036214155
2019-01-15,0.0026477793679802694,-0.007006200966365735,-0.012422291981219247,-0.014820227872681724,0.003606769325960683,0.0035491093157263586,-0.0030466282577446785
2019-01-16,0.005155759221908852,0.022478241949742166,-0.00035468154165502593,0.024482663754449012,-0.0002996830734369295,0.004674124946614306,0.009910962656313263
2019-01-17,-0.007558258390202124,-0.015222241785137492,-0.015833170547590775,-0.03008170213058322,0.0033443211007825914,0.007123753894738304,-0.010587534456268526
2019-01-18,0.003766637338407151,0.018951423859484805,0.0055879417882984655,0.0025426876746800177,0.000905019205949925,0.003569742845759134,0.011844526656687854
2019-01-21,0.002197225396709028,0.005702769485318781,0.0010920464810600986,-0.024587732609049503,0.007374335234144604,-0.003153553645909613,0.005789714403627815
2019-01-22,0.003372956046665182,-0.012370035082708586,-0.00594499705965091,0.02709442394802767,-0.0024403437707159964,-0.006007307109974938,0.008832860257010942
2019-01-23,-0.002740710480717702,-0.02437636324357575,0.0018092893553726336,-0.017049242050180637,0.0009796286229910133,-0.0035708689962000956,0.005534516815288535
2019-01-24,0.001083995592149216,-0.03058868846149502,0.0010308659204985417,-0.01095888764239481,0.007097681260891963,0.0012957821143164943,0.0010261458767428123
2019-01-25,-0.0024921720858298345,-0.010852520508724707,-0.0019860974025967242,-0.006779092874617955,0.007006554650094252,-0.0005977281852960962,-0.016937164548110503
2019-01-28,-0.0029603339994999,0.009759953822198063,-0.0012863695906487832,-6.581916241227392e-05,0.006447396002180528,-0.002921010441130699,-0.02357616798542304
2019-01-29,-0.0030614772462429904,0.001137047162248431,-0.0030629120031550904,-0.02293893667460717,0.006573842795050977,0.0014663372393669165,0.0020542513534289337
2019-01-30,0.0020284462842535323,-0.014850703331688423,0.002273788489173912,0.010502985506331396,0.005742603707964791,0.0026200826339394154,0.0017235192954706288
2019-01-31,-0.006599706776813532,-0.003504536764116518,-0.01165210885583451,0.020247149456689276,0.0035969460828172836,-0.0052060957085095895,0.0008288592505135387
2019-02-01,0.0013440408803916185,0.010934516591799726,-0.014540666691218396,-0.03635663000526499,0.0019368420547737756,-0.00854714112578416,0.0009463637368028034
2019-02-04,0.0027188384969165716,0.01553111567889639,-0.0032703169603722462,0.0032463576287736816,0.004967962360896247,-0.0034717717628495134,0.011803955288196246
2019-02-05,0.0014473727301843066,-0.00688934413281441,0.0013666029640032641,-0.004036780648656616,0.004748922880477923,-0.0009346101653521765,0.00042422310034328977
2019-02-06,-0.0021337342342463497,-0.012444463152938541,-0.0001093952470238876,-0.015175567235105249,0.0044019156911431845,0.0024264574272715995,-0.01254141443680895
2019-02-07,0.0012051243997439518,-0.008947098482911215,-0.01604804634592122,-0.015572560330533641,-0.0010786298894225519,0.00149710845662964,-0.0042677352567375
2019-02-08,0.003980709806027874,-0.010206978819859734,-0.003246344404029059,0.020413798725506513,-0.01238535956887308,-0.003160979619427228,-0.010978014455433335
2019-02-11,-0.0006315960594925527,-0.0054561039955850705,0.005149212768366758,0.004978086194079659,-0.007680499723299981,-0.0027644959784704783,0.0036567582191322605
2019-02-12,0.0031075327784026658,0.03024605147179091,0.011235673373887629,-0.008303143201396725,0.0034321945819302943,0.0033347867738680956,-0.0015539820427800113
2019-02-13,0.0020310371019515642,-0.026051694750616805,0.00329843085309024,-0.012464867037746564,-0.0010516173106230368,0.005343342551538095,-0.020401411979375426
2019-02-14,0.0012408805234009775,0.00996016696220073,0.003202618297096588,-0.022517426693829286,0.010206297508469195,0.0012552351443345978,-0.007480066942280028
2019-02-15,-0.0010919354098016419,-0.005042742803666452,-0.012525154124554337,-0.0003011588482869186,-0.004787774743891684,0.001512186743723637,0.0039955792100933515
2019-02-18,0.006652697967891135,0.0004653300209327844,-0.005608200048180703,-0.02740559384567415,0.014757846301946133,0.0046806813148940725,-0.016820925399545484
2019-02-19,0.00692264152147409,0.01918750160722701,-0.008857144234637269,-0.013495236800111958,0.0016433619793561685,-0.0025345787538076626,-0.001701881101372184
2019-02-20,0.002997856685269577,-0.014961164825198634,0.0022691032330624454,0.01446355563606855,0.0013855843413835035,-0.000756680654221282,-0.009473588420059876
2019-02-21,0.003473377873904578,-0.012417748475711043,0.0022084557027129853,-0.0030573965284371746,0.006682366190684271,-0.001730985608011697,-0.009007435251699482
2019-02-22,-0.00481747500581232,0.003002694500673545,-0.0053532863955360116,-0.010766068737153243,-0.004672237675671175,0.0016718588230145897,-0.011174984999556698
2019-02-25,-0.003906676536973486,0.008859151382534758,-0.0018936848196738577,0.01890421482884489,-0.0029608762885344466,-0.0006926313286488987,0.006477765962637117
2019-02-26,0.005699162409638537,0.018040292215630173,0.015169457207160923,-0.00534026079139587,-0.0020156881653567863,0.005078188164964473,0.01881066216267067
2019-02-27,0.004801289463686387,0.0022978866590284003,0.008995322174645756,0.011896152240235876,0.0020257513279198,0.0015859228250233572,0.0018189911266845767
2019-02-28,-0.0030023959843068822,-0.00950805805948729,-0.008843158289349711,-0.02658163192735281,0.0005089353760564503,-0.0002999183787647779,0.005509251865387557
2019-03-01,0.005192884890857862,0.018031026256871335,0.01760323595098167,-0.006457859179231507,-0.004416041534175759,0.0056993949258081445,0.019782975873521597
2019-03-04,0.006373989238716901,0.008604887641897417,-0.01651306480472602,0.0002530555915730505,0.003539575073039649,0.005239738023200788,0.010398474817999602
2019-03-05,0.003788544983941114,-0.0052802810413293925,-0.009380724667131402,0.003302620960471121,-0.005150609529290217,0.005051333015726213,-0.02333413460988654
2019-03-06,0.002417553535650252,0.004861431392578906,-0.0006644130345035193,-0.014444489098158427,-0.010441028202600367,-0.0017234983761024957,-0.0033940070507868713
2019-03-07,0.004596960532080345,-0.0072368651186030045,0.005196275139041773,-0.02241249653912711,0.004647719597924578,-0.0071804462248722485,0.022964708609286823
2019-03-08,-0.0004142718705327378,-0.033358539723134344,-0.010751032742118711,-0.02205611869021881,-0.005728319272258765,-0.0028917797518761214,-0.013477737983634868
2019-03-11,-0.0031156585134078673,-0.015166426328916587,0.0054366678502421285,0.01922678797849295,-0.0032827047844854705,-0.0013397261399144369,-0.010651133431896604
2019-03-12,0.00043408368110304184,0.0029061814394946775,-0.0016475432024852844,0.006583113291215509,0.0017595493847552483,-0.003949062317086711,0.015380941379628511
2019-03-13,-0.0006805876348924936,0.019555616542367666,0.00607046541704304,0.03682698214297674,0.006881853118927396,0.00134262313335442,-0.003223228233713844
2019-03-14,-0.002656278668657713,0.005111227592646242,0.001138027742540582,-0.0058098270093018154,0.005331991725611576,0.0007898408519970367,0.010290560120937008
2019-03-15,-0.0037518924601630116,0.010152128138668125,0.004836668987927918,0.024437387765927906,0.005165227465481793,-0.00030571421683278253,0.0026621786356440303
2019-03-18,0.00728214625821635,-0.00018792743636738643,0.009736270911606166,-0.007344516072362417,-0.00842647774904544,-0.003761358446466733,0.007332575140379512
2019-03-19,0.0029545355625529676,0.006167037997350389,0.01291246902813623,0.009176399218464635,-0.0028829959245461547,0.003114348351208242,0.005088552380236152
2019-03-20,-0.002152239214261977,0.004620079821363983,0.0006240406784236432,-0.006570239085767404,-0.00048815200963681755,0.0057584185506690125,0.01574044730257616
2019-03-21,0.0009025789088802313,0.0010680895274596557,-0.013591225080134788,0.023627854851478648,0.004114901793001639,0.002005826723951673,-0.02868733154293507
2019-03-22,0.00031369111415551854,-0.0013846245875336726,0.0066906705463983225,-0.005355177757262052,-0.0004169004779038234,0.0029407613363790237,-0.008517884661318921
2019-03-25,-0.0021461779091596113,0.0013103994767344705,0.012608624818645966,0.01756560392771817,0.006334842289267282,0.0006993115146568816,0.02025957591113838
2019-03-26,-0.006814751462751535,0.020908206843863533,0.021188501287678425,0.02076097012281857,0.006110993270750922,0.0010166752169140864,0.0073330808995667
2019-03-27,-0.00229348913732511,-0.0016310534176935388,0.004569974772007626,0.009114462548116813,0.011156956671286702,0.0008470596425723823,-0.017410757106009818
2019-03-28,0.006727263038744314,-0.011475941088281929,-0.0044914480454794166,-0.002534083201772691,0.0025450592255817756,-0.005312567432736758,-0.011976801342783337
2019-03-29,-0.005773148354841984,0.004760751045559208,0.010280553352542323,-0.01171042116987158,0.0068289005861042725,0.004646313708225281,-0.005959817203958333
2019-04-01,-0.007780340925670533,-0.016228266441703113,-0.010090295360391018,0.023292090732935297,-0.004696196914766661,-0.006567011639090999,0.0044466992787322
2019-04-02,-0.005031406875282915,0.0038206337472349197,-0.010763182279867977,-0.01131323673779434,0.0015575312331850577,0.006468355062312009,0.02272374817546611
2019-04-03,-0.004009475021416681,-0.008900030933573803,0.0028242825505980403,0.019865974800949395,-0.014292637383063753,-0.001550777746171716,-1.7632542631093064e-05
2019-04-04,-0.007546108846348652,-0.019277702823342922,-0.010075975735047673,-0.00045905429620266426,0.002822931824138783,-0.0002854527276873136,0.008089989615906318
2019-04-05,0.0002568976774427257,-0.008265542151988235,-0.0025701965424174125,0.008887982546185095,0.004985300919426304,-0.0008618667407223257,-0.012447762993993586
2019-04-08,0.0014926368336693823,0.00632506224876991,0.013303492747992897,-0.006457222144499582,-0.0016628279328994282,0.004172012155610471,-0.0023339571177670567
2019-04-09,-0.0016487423517599178,0.014119983685894531,-0.012396343232034224,0.03321680896519363,-0.005298847404047003,0.0019790360242951865,0.0018572398737283435
2019-04-10,0.0012354525315118044,-0.0025793107344937454,0.00856466293124906,-0.004069796856937016,-0.0022520676189449564,0.007511684723695487,-0.0005043790732851122
2019-04-11,-0.0025527906902594773,-0.01884736155100971,0.015451743441838205,-0.006644301406576846,0.012047878075435902,0.0023245531025690006,-0.0008379124904384747
2019-04-12,0.000829377372356327,0.026646285092196343,-0.018276569850265652,0.004287555291286021,-0.0011395813799139267,-0.0006253839203846177,0.003367295489022945
2019-04-15,-0.0009150199261561752,0.0018027708562843197,-0.000287884046332698,-0.019061385363500757,0.0032790463304308765,0.0036172706932339127,-0.008049938426920686
2019-04-16,0.0076216076615607765,0.01925774219201897,0.012896936057187095,0.0159127589765622,0.0030082423563544017,0.006309897830596906,0.019720033612053035
2019-04-17,0.003382106151532172,-0.005261538062273252,0.00018762641803370697,0.006443988106226899,0.004854756734433689,8.022607202508e-06,-0.008677245961487015
2019-04-18,0.006486847752067729,-0.009820691596390185,-0.008133862607023722,-0.027747673361456657,-0.004317672280845758,0.0052626846299042235,0.007576561090350472
2019-04-19,-0.00014618306342841384,0.005805110083621078,0.0005260046891206255,-0.016628621112417048,0.014245820656403726,0.006993325639264675,-0.0006279566001402917
2019-04-22,-0.003273570388176392,-0.004159271812372212,-0.008261337310544464,0.001111523071533636,0.0004866418236359703,-0.0020592653338210288,-0.016753666206020222
2019-04-23,0.008678262593559215,0.0067057678063429105,0.008080088859788104,-0.007812915122849184,-0.006133595961002243,0.0011117671577748464,-0.0027853835074144206
2019-04-24,0.0029881463920442093,0.01207707699021743,0.009831893855538381,0.018862363892397097,0.011733831062828763,0.0029898177871917637,0.013395767786768148
2019-04-25,0.0021254484685904406,-0.02160352409144127,-0.0031241503763236138,-0.019241166494253198,0.0010506413645343076,-0.003137358054229797,0.0023622654322515
2019-04-26,0.004074124655390445,0.016095285363838644,0.0189963024066522,-0.020123133517477042,-0.002575869907829776,0.01378765060923136,0.012088730099699721
2019-04-29,0.0010477946897833013,0.0008341057014889875,-7.937977225294905e-05,-0.029965679277829404,-0.0026330862745853954,0.0005544460505782496,-0.009050182727978964
2019-04-30,-0.002190551276386113,0.029354154589033406,5.5212478282459616e-05,0.011945227065128723,0.0026555306782261893,0.0032035787051451865,-0.0004410481060406403
2019-05-01,0.0051379405793959745,0.007557086233717815,-0.010074821565668366,-0.0050435118759128705,-0.00014330823640824433,-0.00030844393839285787,0.0037468190551349532
2019-05-02,0.0026889086907693504,0.00732219640581646,0.005040540426523207,0.002936702442988553,-0.011144710348983492,0.003158781548704016,0.008936452869425243
2019-05-03,-0.0037890574161816883,0.0016063298979228792,0.005336052079825102,0.022468310296650557,0.0020146124812771243,0.0008029151257800276,0.01430747976355698
2019-05-06,-0.0010761639125207304,0.00438633354138875,-0.005916893515160194,0.017816193223306916,-0.01036794087323319,0.0019189501398017602,0.003142168059442013
2019-05-07,0.004011561390227951,-0.007472871655944176,0.0014235483766479602,-0.0020272045909926887,0.0029729997043634548,-0.003555648354880792,0.005903798802614971
2019-05-08,-0.007233599585929975,-0.01119603551014359,-0.018848582269020663,0.010813111036216622,-0.0013714475385296545,-0.0005493228888054453,0.015173681964948485
2019-05-09,-0.001113770625911903,0.006713575785655071,0.0010593829017457564,0.0013996097474997023,0.008046203549327217,0.008790479936822145,-0.007354574509881027
2019-05-10,0.003484888787558142,0.005336769266280395,0.005007802665212629,0.004579443163158623,-0.0007155291022268109,-0.013073935289616914,0.023441411662734682
2019-05-13,-0.002628939034833373,-0.004066405973390669,-0.00341300499483176,-0.01176284345373584,0.0012066579638951315,-0.0001921165390107143,-0.008984285904060422
2019-05-14,0.0007472099328777121,-7.333100808772262e-05,0.009376381477001764,-0.018504994964883094,-0.0027260993368672173,0.0038290347399592395,-0.006838407599483915
2019-05-15,-0.0034636203426909704,-0.008579470630408073,-0.00300616711102852,-0.0014253217958651431,-0.002300487905925986,-0.004730683254542366,0.010446309833535361
2019-05-16,0.005454895626751835,-0.020228590647731373,-0.015602777127399832,0.005151423088602296,0.007170359621428384,-0.008918533087061696,0.0032264944709880818
2019-05-17,0.006701540019261708,-0.007233688954875143,0.01692919052090321,-0.0035361667938064957,0.0040168024382022495,-0.001176856299390403,0.011201413178049126
2019-05-20,0.003487818901097039,0.02201436971823801,0.01769725578237601,0.0069520155405259285,0.021254890561705243,0.008438471048513209,0.005545507408845422
2019-05-21,-0.003838630055024941,-0.019897543266532154,-0.017533586551877704,-0.019913350706598217,0.005806727787088263,0.0009140586431068552,-0.014586150858508383
2019-05-22,-0.0003934777419468125,-0.003252527872732603,0.007406227215280532,-0.01178485606042678,0.003095816262947483,0.002006625079857906,-0.010101795861046254
2019-05-23,0.006502043966885744,-0.000598324932672382,-0.007630499421136084,0.008030476383740524,0.00037309147052930224,0.0016478595996384014,-0.017019486653303436
2019-05-24,0.0033996751617551657,0.027286549725592503,-0.008258637514867469,0.007490317587820167,-0.0030833590627598797,0.011076051243180571,0.013808223425342062
2019-05-27,0.0012784328984561583,-0.014009919141732967,-0.010726004727527275,0.0059917969832699045,-0.009645546069009253,-0.006732057864237158,0.00037728554376548624
2019-05-28,0.0006836683458800615,0.0047989319476434795,-0.003518193709366368,0.01450130359176875,-0.0053966446989471934,0.0018679164569704297,0.004107843747786022
2019-05-29,0.002552603850615968,0.015154670029841538,-0.001938085084439682,-0.008680176467758509,-0.007950264295776697,-0.0071001063578548,0.00338207514576285
2019-05-30,-0.00028009286751236545,-0.01302908819502586,-0.010000755868224166,0.019323715400429622,0.0025649606869697027,-0.006207547365589118,-0.0061369344478053025
2019-05-31,0.0017740158416513292,-0.006651560878043077,-0.008026019548744306,-0.009015347345432865,0.006086886706477535,0.004781098164250913,-0.01455242215516199
2019-06-03,0.0019922101354169323,0.000802918823849212,-0.009100572810217896,-0.007275380611503632,-0.007191371156400514,0.0041520732729162825,0.015753642585051023
2019-06-04,-0.0014922974584518618,-0.008389860051184552,0.008984652996528017,0.02071639282326566,-0.00735705571121833,-0.0015293211704163095,0.0038642973438715684
2019-06-05,-0.002933114729308042,0.003241985350030962,-0.007419547120756094,-0.007309396166809396,-0.0008657155814297732,-0.005928050695336855,-0.02122267989083695
2019-06-06,0.0038231009449399534,-0.007080483511624168,0.021449484175147512,0.032603718956935514,-0.0025526059177093364,0.009099432797925978,0.012236658186040646
2019-06-07,-0.0024312632781822384,-0.031743119856138854,0.0025480869623356692,-0.003314274789466078,0.0005432742234859132,-0.00201727291247839,-0.016135614785800972
2019-06-10,-0.001558111995509659,0.007665066659130865,-0.003102994206623766,-0.00340297566170592,-0.008424440069516084,0.00010565550687205495,-0.009426207638787543
2019-06-11,0.0038241162803520057,-0.00700620508982105,-0.0023675152588960163,0.029909536433673754,-0.0031853942827242804,-0.0027185858009000016,0.007413487584552714
2019-06-12,-0.00699106952464027,0.011676437068103939,0.008778147513333,0.017112798296084326,-0.019744990483284843,-0.002247363027140643,-0.002173149691656888
2019-06-13,0.004646441187151004,0.014561220113413981,0.006946957120481164,-0.016299861940402484,0.011840904511189729,0.0016423603236774046,0.019395472821997158
2019-06-14,0.001211551584783746,0.006540585691532785,-0.0033604336600736797,0.02213458013525033,0.00295165586498721,0.005395150850126282,0.0012296683127327917
2019-06-17,-3.815522500552024e-05,0.007026095992906662,0.014937277660705744,0.021270952647469324,0.0016036241410952324,-0.006541704431224558,0.016747165526635004
2019-06-18,-0.0056048371735978346,-0.0021243439544147975,-0.00314769394202746,-0.01942743795698571,0.0020708067045125734,0.008375415131662909,-0.0064134393341310795
2019-06-19,0.00321352822313334,0.029377041694913758,0.012742373841022378,-0.002472079274042493,0.005141244631902867,0.004462121683908468,0.020445193453389108
2019-06-20,0.005006216538157888,-0.030627272004746565,-0.010043808490045464,-0.01198052213989527,-0.007279182920456547,-0.015489814815274247,-0.01039529063917643
2019-06-21,0.0001355575249168301,-0.006188601057072771,-0.010355256163909908,-0.0026381398162732216,0.0010494684681866128,-0.00229118384531736,0.013448494505109999
2019-06-24,0.00038085838494697575,-0.0101859591255035,-0.01196049103817588,-0.00790803310638453,0.005405921364716219,-0.0034658150092466583,0.0026866682960903325
2019-06-25,0.0005282288220167795,0.023868390307811214,0.006637692218757422,-0.004300464093329275,0.006869121463489556,0.004967957024715231,-0.002351119553451988
2019-06-26,-0.004505997367243609,0.004314462843561276,-0.00033212053829665447,-0.019642202017717703,0.002219200678340221,-0.001847188345314616,-0.01559249006166173
2019-06-27,-0.0012584697750006224,0.014637044512476305,0.01306817141579978,0.021960458771156047,0.0025142422789760544,0.003039742141968564,0.006577844980479803
2019-06-28,-0.004270217117971619,-0.012682174428338246,-0.008677129435956632,0.02012528877285665,0.0032423727713348804,-0.005764277393402822,0.000907915857147941
2019-07-01,-0.0014604336035923312,-0.002514840153690538,-0.005958431879113965,0.021238945290669636,-0.001845895912144882,-0.00031254155727503255,0.0035251118119936278
2019-07-02,-0.003961093546951193,-0.0005120737323344103,0.009111595096957104,0.027726189435795138,-0.007709877266028125,-0.0069188737670778456,0.009588661801523093
2019-07-03,0.004586764167763168,0.0063128689651208054,0.008896043663533937,-0.019880389782948274,-0.0003593166702091561,-0.006652623629328595,0.0013984474353994246
2019-07-04,-0.008506904816073826,0.011965431488556803,0.013813253670090718,0.013295086203803165,-0.00854991063744184,0.0010924146907635964,0.03142379635010593
2019-07-05,0.002052947945432164,0.014965252160672174,-0.002414038943490271,-0.011803161462565034,0.0014486592200640487,-0.006175922056719244,0.02879182140810276
2019-07-08,0.0007086019315448258,0.010584969077962582,-0.003096634452405327,-0.02248626186228793,0.010096826856450745,-0.0025943303773163138,0.002865301530947626
2019-07-09,0.0019223447838292976,0.0017249259633896575,-0.006830817322241719,-0.004220982889824892,-0.005285535552648354,0.0029548811161634585,0.005293466357306361
2019-07-10,6.439000007841544e-05,-0.006731580834430259,0.01999173074390354,-0.016304337041300604,-0.006804509369121884,0.0006081969988751133,0.0008162849990709631
2019-07-11,0.0045403435387767754,0.00969132101368168,0.002869016345400007,0.008252804057123786,0.004099717758006776,0.009146543702235154,0.0005579147259767635
2019-07-12,-0.0025743170441688322,0.0011791290908424183,-0.026334973310973023,-0.004569639342621344,0.004299296678468529,0.0013531784587918953,-0.0018813025385384576
2019-07-15,0.0027469647377587406,0.014307923978884121,0.01646731532708934,0.012638805800255557,0.00041346147429458815,-0.007490237418343441,0.01938355771683125
2019-07-16,0.00221081649443697,0.002788549970903879,-0.005674887066173792,0.013399707161463334,-0.001929969172091654,-0.0004930919130956533,-0.0002786038901303463
2019-07-17,0.001949412495799683,-0.012767911874191934,0.004807868637025508,-0.013206535692908498,-0.0033456739682504143,0.003610050321978686,-0.013808824096174826
2019-07-18,0.00368378064705462,0.002842830201148509,-0.014601188794351997,0.016621713636184213,0.0006931832887304243,0.0009054824232889891,0.008766489754536236
2019-07-19,0.006146901718475218,0.005133619652787769,0.008658964586979177,0.005793948278460975,-0.00016486815424210813,-0.0049732101024366196,0.0054394316429105605
2019-07-22,0.0056657685592741746,0.009452880882027606,-0.007542648918549449,0.014333445086480013,-0.0014801624192965633,-0.007924037481275112,0.013982838040258483
2019-07-23,-0.003631534313611787,0.01947530369502692,0.012229280620135455,0.005870406065140413,0.004320125746488306,0.010606106348052457,0.014590259665582956
2019-07-24,0.0011028030766340143,0.034756366501584625,0.005335703018666541,0.01708781375411295,-0.0031561714510426712,-0.005228833289255048,0.006883324773987177
2019-07-25,0.0003036328175743788,0.004025595545853449,-0.013334937942863487,0.008195458801015045,-0.005807052535534688,0.0014147280343015795,0.010326696179457561
2019-07-26,-0.0014320413040664172,-0.012096890401591355,0.013395275553531177,0.01567066190284543,0.000341534154282276,0.005360896930206398,0.0015188191449035065
2019-07-29,-0.002332036597106612,-0.012951340210886475,-0.003179234544540648,0.010491582770670832,0.0062357074949551455,-0.0006270273588475923,0.011733068324533845
2019-07-30,-0.0007070804043718327,-0.009608747925171518,-0.014034351496652237,-0.012209601186251669,-0.008467163806185498,0.00657310193755543,0.0004615756730197011
2019-07-31,-0.00023246059184099376,0.020308130879951158,-0.01058809048820357,2.3012913306089057e-05,0.012229803563886874,0.0005764748720348688,0.02691220363941277
2019-08-01,0.003292429177811303,0.016957898812639,0.016047688824051328,0.005831224226933829,-2.5702133322069834e-05,0.001278247705485513,-0.006042617876020259
2019-08-02,-0.00011385235745392825,-0.00012100723137216344,0.016553933044972075,0.013706620717657087,0.014496963256745226,-0.006943174240169385,-0.010342690061668377
2019-08-05,-0.001271385752471121,0.017117688492631816,0.00041757187889194684,-0.01803134854965721,0.0006383713646317716,-0.0032977951246006454,-0.012102102619220774
2019-08-06,0.00814533625592428,-0.0005236921069232803,0.004342114442603131,-0.004724019986853604,0.00043841326615034495,-0.0020356671962094212,-0.004642503524763899
2019-08-07,0.0014989461295334828,0.017488047562620148,0.011722455570842168,-0.013000852542502482,0.008878220747040214,0.0042861161471414696,-0.005977941401509471
2019-08-08,0.0008783906609564208,0.007167524543592007,0.0015723932348644743,0.009249647569884884,-0.004545520009974785,0.007694511962462559,-0.021435735550652476
2019-08-09,0.0024614121164415713,0.00544149760985389,0.0077421381584576975,-0.008982380545346771,0.008731887021241154,0.0013080985764247256,-0.014265163931136474
2019-08-12,-0.004229255238212296,-0.0004411220453701274,-0.017031136298530366,0.02673699004789565,0.0029125734206587625,0.005294653122101335,0.017097612808406805
2019-08-13,-0.0012576302580303079,-0.01089736045723865,-0.027797539784492203,-0.01388355586111568,0.007909980980832409,-0.004109551205315126,-0.009870803302806172
2019-08-14,-0.002068287928448814,0.0035008080577412747,0.01235845570383376,-0.018535780152704934,-0.005791047539303378,0.00662447287492177,0.010709687690672468
2019-08-15,-0.0008875254876457856,0.01983635096200792,-0.01146819127262232,0.016677561631704464,-0.0007631828665962076,0.0020846708731091764,-0.025185771432738886
2019-08-16,-0.0008928166983643039,0.008322266298939398,3.8324612762449635e-05,0.022166614726117296,0.006593849681105963,-0.0035743920116688512,0.01243037453343217
2019-08-19,-0.003820663037176788,-0.0010959352022927786,0.005112300816919256,-0.009243290099510993,0.004967771830316764,-0.0013835327008834028,-0.005172509940299192
2019-08-20,0.002976612767282354,-0.008596213357140845,-0.008611207300061449,0.011167471331030783,-0.0005965925808141805,-0.0063534719152688905,0.008960913760854715
2019-08-21,-0.0014764100114812411,-0.017327562744524332,-0.026896921294385347,0.005501956146169693,-0.008641832591277081,-0.007497244759355713,0.004760901560339923
2019-08-22,0.0033731764576146305,-0.00783795619975477,0.00923971228932462,0.031085310853416804,0.007151320294073834,0.004626246415254742,0.001988452271609014
2019-08-23,-0.0016248783685845916,-0.00141173565215955,0.003682680607202793,-0.01747186161472315,-0.0034625738329136647,-0.005070675684317795,0.005742398640539238
2019-08-26,0.00048221672775455534,-0.007544393724029242,0.007425715432283478,-0.015714890587369943,-0.0028939015243535696,0.003522637714614265,0.00984579515627517
2019-08-27,-0.003032914757397365,0.0013707057742658629,-0.008428526443229861,-0.0025435736876864086,9.827623845751738e-05,0.0017344402629132435,0.0029524241703100867
2019-08-28,0.0012426527766848925,-0.012253869228995688,0.0029249635319744355,0.006594178926841662,0.0034258236681815614,-0.0028901856644486723,0.00963822628704198
2019-08-29,-0.005118955912517345,-0.007432344037209417,-0.0051321740318828355,-0.01882881227004003,-0.002248563823988718,0.0003967624542156437,-0.021533823307479404
2019-08-30,-0.0014287584686804705,-0.021403879950530863,0.01726522877029187,0.004491596045212868,0.00042445370852343435,0.0007525038454815531,0.0076397925549252605
2019-09-02,0.004062631626254631,-0.016739701189469876,0.012393768532770987,0.01711168868800478,-0.0005931864412473712,-0.0005984928997793881,-0.03543432414149489
2019-09-03,-0.004825980198671585,0.003966573700700632,0.010672056635914995,0.017948067934448697,-0.0007168374910587593,0.007216830870216491,0.01501717797784173
2019-09-04,-0.0014253105978021636,0.025230192657005823,-0.008421777829280434,-0.018501164011201894,-0.000548480582545181,-0.0017807455505911376,-0.0009644778451489329
2019-09-05,0.003342372761722579,0.0010834170726646641,0.0011719842991140756,-2.438324196260284e-05,-0.012572194901876804,-0.006046272842467458,0.00013497757770314839
2019-09-06,-0.0032217257419845033,-0.004217248788534312,0.012300529267101276,0.0033127787300819243,-0.0074068619588589174,-0.0033120943372322706,0.02571687530592913
2019-09-09,0.006279995041980771,0.009878111664395128,-0.012148913719820301,0.0006910813959381405,0.002948869779421688,0.0007328113697672057,-0.009724803246884154
2019-09-10,-0.001300528708359943,-0.008192463128207489,-0.012493389934056439,0.01783851072783998,0.0026522069843592385,-0.002415296965193268,0.0022431312342513715
2019-09-11,0.0017088084328156583,0.028547985272003307,0.012259180009421292,0.021080375807570502,0.0025201250016939907,-0.00010473723539124326,0.023398506182596916
2019-09-12,0.002759096623653468,-0.00861779622473203,0.004457617065232162,0.011249260818963693,-0.012344137305326065,-0.004376159833889541,0.007904811577495867
2019-09-13,-0.007547869271043734,-0.024367818295950628,-0.007715444799951308,0.005807844604266266,-0.00036132777890205423,0.003971949194113129,-0.0025566272948799058
2019-09-16,-0.0013406160719954766,-0.016131597050671565,-0.0059152112743721,0.007634381687979116,0.0023933476033664294,-1.7567725500727816e-05,0.003226809163887111
2019-09-17,0.005255550191067925,0.003240526214998789,0.015514647019493571,-0.009465562313510862,0.002443606033336536,5.7621859757937745e-05,0.010377194796117763
2019-09-18,-0.003907950467401562,-0.005593568166126133,-0.02006596284818064,0.006082619385695991,0.004525261327146927,0.002148892730821151,0.004787624966410237
2019-09-19,0.0035076120764083486,0.009862249418560922,0.008283968092036546,0.012949915767957327,-0.00242104324151818,-5.4842615190663156e-05,0.004597946434454309
2019-09-20,-0.0011928247511057315,-0.019137336142042532,-0.014529508932522854,-0.0025186505445949523,0.0028992787562445083,-0.0012012697103122633,0.026098653302591177
2019-09-23,-0.0035290612176334933,0.0036733318364479237,0.011951040139948013,0.02267137238054332,0.003555730664453585,0.004200242343689619,0.00423207708689358
2019-09-24,0.006801547765271532,0.018266881569072718,-0.004104811169563293,0.004210113596610509,-0.007116204593548381,0.00657900843662225,0.0026145850717478438
2019-09-25,0.005545108235902259,0.001180340175183612,-0.0162137522107212,0.0345808475106775,-0.0011991472722960505,-0.005088515078429842,0.01244550796388336
2019-09-26,0.008293454573153435,0.0013127571693796814,0.0019198999486780503,0.00011380106676519392,-0.004828080068195168,-0.001942708073320794,0.020425384468346627
2019-09-27,-0.0003788274041759506,-0.01012494535607164,-0.005609511236332427,0.014015100172387763,-0.013155698892160575,-0.0008120083911621141,0.029848781591834087
2019-09-30,0.00827427589739929,0.010506514961026317,0.01679008029743254,0.022093945917819244,0.0016208851026176183,0.005101140401695628,0.022340462040566635
2019-10-01,-0.00490506476949988,0.0046167577636890625,0.0024913338636275715,0.006459303744382049,-0.00025967432846024153,0.0006864883020909751,0.007116249983235967
2019-10-02,0.004624475154122025,0.007716984146682647,0.0006488091242524917,-0.013518325081309701,-0.0006623101784482542,0.0022469590371311508,-0.008992559879476067
2019-10-03,0.003933520178303622,0.006854849563083974,0.013282721067278234,-0.007150553997691965,-0.0021873728516053647,0.0058586502127008725,0.0026142972434404646
2019-10-04,-0.0006600710470677167,0.007974544029453039,0.00718100253274201,-0.015298974771674986,0.009963641499494056,0.00020716773107926388,0.019834526800517345
2019-10-07,-0.005184211123586274,0.001415315570840401,-0.003310535305115297,-0.02765630283375346,0.004415883049887052,-0.006754839498098811,-0.0017164568769722428
2019-10-08,0.004567115714286653,-0.004250782819477774,-0.007785886433252784,0.007571753173958099,-0.0019042341179547856,-0.0019288129948795466,0.012757762555818808
2019-10-09,-0.0045191295315797,-0.007503984575926133,0.006249643028996185,-0.015998491387666302,0.010583206061036183,-1.1258981643679205e-05,0.00883731809869196
2019-10-10,0.003639751617512853,-0.00018640161333362523,-0.0034832093814002635,-0.0031410915926388438,0.00468310525138611,-0.0031623175820794753,-0.015333894814251405
2019-10-11,0.006086829439519525,-0.005996938186080901,0.004849506671408414,-0.006195611008731352,0.00042701334612490474,0.006362799866762428,-0.00502354290539721
2019-10-14,-0.001277308973191143,-0.003792255262501703,-0.005718161845180779,-0.011277177549073774,-0.0030742741164073197,0.006127191816189707,0.005370730092021987
2019-10-15,-0.001230790510388808,0.011075243282486665,-0.014710168983794167,0.021254982797191343,0.00600634880623461,0.008065098450456628,0.008479846296197833
2019-10-16,0.0018989436408839465,0.016155415281659216,-0.0037135419146060726,-0.0044038512731175835,0.0010767756002738988,0.006229653770718477,-0.010510168174930303
2019-10-17,-0.0036982588160310655,0.0011246381818752268,0.005995471182345189,-0.006609489235733508,0.004402699337677356,0.005857668908759634,0.01356438046896252
2019-10-18,0.001563175490265673,-0.00038894817090817256,0.017526382552571905,0.003946570034687343,0.007040828470854085,0.008934770760282243,0.008630882278187436
2019-10-21,-0.0038383773952489876,-0.01644481857080458,-0.005910948147145955,0.009050265573464089,0.00015809886276346456,0.007048666724129816,0.000954143118693846
2019-10-22,-0.0011597689600113502,-0.013985631693091017,0.009718412303938457,0.0006180816792146537,-0.008910004103019448,-0.0005298937659836628,-0.008739713189156987
2019-10-23,-0.001552555361859828,-0.0006426820482440538,-0.00940338749477625,-0.008539530586769368,-0.004751490986497407,-0.003286065584290102,-0.0108013577519551
2019-10-24,-0.0017810642929601188,-0.011433887882283757,0.003971992901625886,0.0033232532662805375,0.006218619779287479,0.007215465466355175,0.004147055590021397
2019-10-25,0.002148353718362258,0.009392790994385572,0.006552801693455769,0.0029792557410833285,0.0013360212852320107,-0.00290265842786913,0.012643204479169435
2019-10-28,0.00022482036938216733,0.016941106205446258,0.01114287422827659,-0.0038000929901727547,0.009662282212809854,-0.007766021867834066,0.027329311013378432
2019-10-29,-0.005003797841538491,0.003264934277763149,0.0031705354362897924,0.021752995277301203,-0.0030409348708380357,-0.009089268216996642,0.003938001498620111
2019-10-30,-0.0005266519495231311,-0.024906590712172223,-0.0021766119151045735,-0.021860511756368113,0.003076816723889866,-0.0011480418825054635,0.01676478647824365
2019-10-31,-0.0006747178295901349,0.004445143857216947,-0.0015678503312184435,-0.02428065226335711,0.0002580049435627269,0.0038243962857360874,0.005084430813433517
2019-11-01,-0.0008230746171524657,-0.018011180141135865,0.0043487213530865,0.0044484846162666045,0.003862171145565148,-0.0014166987706484043,-0.021137444981956306
2019-11-04,0.0024850474042986443,0.000652293395230539,0.014780689965318441,0.0026766901656702416,0.0013825074302437578,0.002720145927775027,-0.005571543919013169
2019-11-05,-0.002230550948678191,-0.0025226933128759256,-0.009766137297697992,-0.00508994127185656,0.010378042380068807,0.0041316717299967,-0.0018749031723351804
2019-11-06,0.006556728439755128,-0.007193752488415321,0.026026020433442258,-0.006149224419246968,0.014655655198411416,0.010437458976737354,-0.025100039001011227
2019-11-07,0.006218386911190392,-0.0009276077313655748,-0.003382950080387054,0.0035560471501463365,-0.005272367940093684,0.0019991853254076575,-0.012835082127565293
2019-11-08,0.0010583193305348068,0.015961799862875263,0.006126493911133077,-0.0015458779418704,0.005114887498654983,-0.0038737066292035137,-0.005921377356861879
2019-11-11,-0.0013710856203954127,0.008360894136608761,0.004697114331197876,0.01189484382154093,0.0001809038183965862,-0.0027811292039161026,0.02135311592275371
2019-11-12,-0.002441182540275192,0.0035155531301838227,-0.001255192707273888,0.01055968554674275,-0.0040656889170446395,0.0035045693585225063,0.01727278113395864
2019-11-13,0.004315304721504653,0.003454480201249934,-0.002225019987208778,0.04146083975944671,-0.0069236387060557375,0.002299719029005842,0.005489374913279961
2019-11-14,9.984944956830852e-05,0.0018842499616031705,-0.004506356430826268,0.005876880206847461,0.0015007474868012224,0.010217865830153052,0.008343822777728
2019-11-15,0.002413537537030205,0.00755715369620645,0.019897943566739264,-0.010190100766372452,0.0020884014536056246,-0.005266831192587608,0.011629658913043692
2019-11-18,0.003742705604332516,-0.010485327024497677,0.014405569503518503,-0.011960657629327619,-0.0002194673675491594,0.0015530841462484417,0.01714907891877522
2019-11-19,-0.003082801999779558,0.001710673683774426,0.007033567555105411,0.012637250387085538,0.0033026750599248166,0.003032138203653804,-0.0046301228990231775
2019-11-20,0.007101140244535669,0.0015192913171719136,0.0003480265659932647,0.01719489163168615,-0.00316098856679059,0.0013787862670001274,-0.00906075454816069
2019-11-21,0.010426974752178556,0.031725034698724223,0.006025436374836003,0.009793078010568234,0.003863139362659542,0.0012495236853934837,0.003691906267279403
2019-11-22,0.00018759375159301493,-0.018314640917116577,0.0009063186859488825,-0.004185879120627529,0.001055901403526875,-0.0006604526371000679,-0.007135010024772295
2019-11-25,0.003849651177461459,0.0077000661203778424,0.016034502139614062,0.01082065893985642,0.0008760508215522758,0.003685780334782556,-0.020224727005205927
2019-11-26,0.008764745850880664,0.0068419230280478945,0.025272261191123926,-0.011158366250672678,-0.001973844195845011,0.004060892399077332,0.006012603645825404
2019-11-27,0.0017029833258008506,0.0026135248126931544,-0.005060050950067836,-0.024716572237573554,0.003042957763795287,-0.0038688754872457033,-0.017414362260874453
2019-11-28,-0.0011725319517629947,0.004224305183853445,0.019819241604411987,0.021460832354967888,0.009145706221075418,0.0035971892919905712,0.0071951964650757315
2019-11-29,0.010373192581754363,-0.01138426408493016,-0.0016479186962172101,-0.01386081197173604,0.0066321901019027445,-0.0024571919684732014,0.0018729514634276102
2019-12-02,0.0026686065726891856,0.0104931131907651,0.010063453118260917,0.02682921898952971,0.00048440368829820424,0.0025688854129518133,-0.005066483144934932
2019-12-03,-0.0035091921009890543,0.01900172142234138,-0.006781994279343744,0.014156439787811802,0.0027838082083070934,0.0045386042202011185,-0.017292316007332578
2019-12-04,0.003914839110254729,0.0007156620942633522,-0.004268581093056859,-0.007028152435779794,0.0067963591107639346,0.0037256205945181264,-0.006441985257425047
2019-12-05,-0.004206444095098172,-0.014927853400322275,0.004644862032360439,-0.01924584191307586,-0.0008025113464394684,0.010227465768807122,0.0010391904893644933
2019-12-06,0.0033190060940805704,-0.011452329568132462,-0.011935434698712185,0.005304975456843038,-0.002977234757972005,0.0035573790521518747,-0.003836771499637505
2019-12-09,0.01457549559666588,0.0005977187677778103,0.008889851332239908,-0.01851402868390554,0.010511363178202728,0.005132965198679889,-0.017615601226813295
2019-12-10,-0.0005191422925106433,0.01687108503126543,0.015172133890220343,-0.01310415425455204,0.0009915146333559796,0.009374097534667123,0.0013132597846933845
2019-12-11,0.001483693600972931,0.01368034630530013,-0.009849729287876417,-0.01351085460684297,-0.00011554929211085845,0.005762512173834633,0.010169240246498831
2019-12-12,0.003629075715811969,0.0008109719367493021,0.013581881191528608,0.0004963974581948126,0.005759010165653585,0.005377843205974459,0.01926171326046598
2019-12-13,0.0005247022076145329,-0.0032370544051300233,0.013751941404403114,0.02518708228877963,-0.0026559538899250668,-0.0040417421043411434,0.020388324217619366
2019-12-16,-0.005816928765943556,-0.021872474286601745,-0.005666342928722775,-0.0007407739416839124,-0.00870179425833351,-0.0011813886048837458,0.002610319485804772
2019-12-17,-0.0015715575810564101,0.023060805501892895,0.006464449908830843,0.024567376915621678,-0.007611375837468638,-0.005546933264550767,0.015696735271003903
2019-12-18,0.007769453943365981,-0.008843384057070396,0.00323530884823568,-0.02464563045311693,-0.001986914227069002,0.001982466382143754,-0.01036548774081566
2019-12-19,-0.0048721119317019935,-0.01830466591691915,-0.021808158804695596,0.0013720127862728677,-0.0001338138213979824,0.0001188162946419877,-0.01594022085565435
2019-12-20,0.004373817736668212,0.009996096302067515,0.0028418805425902273,-0.0022889430740556885,-0.001933314636412588,0.0017697496376091778,0.019087613930054283
2019-12-23,0.004901440685651526,-0.001191605687211141,0.007006156493133394,-0.018485888343669443,0.0065087414195519975,-0.0013947078344133995,0.005664630169710223
2019-12-24,0.012226325875241998,-0.0016184493639739565,0.032719001817838926,0.008036392226321992,-0.00025103949171752433,-0.0005537173932556833,0.029959337514313986
2019-12-25,0.0023219609011613245,-0.006029594820053787,-0.0016350276106764559,0.003758001394543152,-0.0002609427817443068,0.0012206204040626958,0.01815104469096015
2019-12-26,-0.004161896757861981,0.005417706152438973,-0.0012252126099496262,-0.004539137889388236,0.006274499945913344,-0.005181281713591681,-0.024829300688238357
2019-12-27,0.0012481348657069002,-0.001435239022700866,-0.01275254836700347,-0.030591789171403906,0.0119123311297475,0.0029564126184052704,-0.00797260065102825
2019-12-30,0.009131007076356246,0.015877420162802476,0.02230406062735557,-0.015100921684685112,-0.0019359458926710203,0.005403885301747653,0.006736149871100028
2019-12-31,0.005348663763390537,-0.017298681124003183,0.007018380167417241,0.010495792652170354,0.005259766413617707,-0.001321655371652277,0.0026302169963869928
2020-01-01,-0.0027526380635599103,-0.005071760153862566,-0.011414543094509318,-0.013907054516776055,-0.0022006316533392982,-0.00247354510173537,-0.010159419578308716
2020-01-02,-0.004848404453650652,0.020727637884615464,-0.003977096186498407,0.011114188999943504,-0.010181709926844364,0.004662791709818706,0.0075022408199124846
2020-01-03,-0.001425503720123626,-0.006161588483334672,0.00764534031738436,-0.0443933932409354,-0.00242177532881441,0.0008634793285142526,-0.002429592406229405
2020-01-06,0.010371279171064271,0.0003042584899008799,0.013379200806153766,0.025373405677323033,0.005420633360914509,-0.0013066509297630332,-0.014768169040744905
2020-01-07,0.0033316904485957933,0.02065872148595097,0.00894128642613356,0.023469827053225267,0.01663854983090647,0.005218151970501823,-0.012581863614425145
2020-01-08,0.0005542437002763907,0.0161484669256079,-0.0002450308050399252,0.026210810504227248,-0.00034678703082327133,0.0013239880544055646,-0.0005043945500796977
2020-01-09,0.0009881473554854373,0.0026076911541770454,-0.014904299114239438,-0.010457955105118799,-0.007340578593819092,-0.0020831276960888946,-0.010057366080348573
2020-01-10,0.004397297352687242,0.013763131853490733,0.008679722742377311,-0.017396131592731606,0.002729450740094009,-0.002983520940521667,0.0004534303798303945
2020-01-13,0.0029396927616690276,0.012735915302574114,0.007235552036109621,0.02210027981457417,0.0024676401613326045,-0.00013482343191881325,0.013277322853247387
2020-01-14,0.003975915731640243,-0.004787245390720154,0.004748678766139983,-0.006679773624558217,-0.010492945662314753,0.0018050299955235205,-0.01448171608974691
2020-01-15,0.001662900940131248,-0.017824436148441453,-0.00819204826213676,-0.013188978115651163,0.006159990943736171,-0.0021445854860898572,-0.018594374078490173
2020-01-16,0.0018073848822807836,-0.0021184069873360543,0.00836610041245229,-0.0151637923013448,0.002938275638080066,0.010749011167842168,-0.0068714797705746586
2020-01-17,0.0010969239729289866,-0.019570861646832614,-0.009873213484537253,0.00025249389374281837,-0.0037069342578332724,0.0010873899828988925,-9.646675280357347e-05
2020-01-20,-0.004922134218853247,0.009473388822092874,-0.012499004145171985,-0.010110838849845774,0.0009176993245357901,0.005864618939564087,-0.013303253319491016
2020-01-21,0.000940739659730992,0.001916895008812881,0.007216434830503694,0.019944242472397428,-0.0022922885767088803,0.003820434621172263,0.017005109103423427
2020-01-22,0.007485859014941185,0.008966053484877107,0.005216466078932473,-0.008660244584115444,-0.005738844887292983,0.0002766736040344745,0.002161104716982505
2020-01-23,-8.797057838326905e-05,0.006694382413999013,-0.013297815795503388,-0.00460832640094867,0.011320032529123135,0.004384302602913189,0.0014967849938733269
2020-01-24,0.0019127343836120175,-0.0038323440961945793,-0.01672933626929321,0.0012352007640888977,-0.015401672878536454,-0.002863599460627216,-0.00011372333141927461
2020-01-27,-0.001438767331499764,0.024756863035117684,0.020362352968111657,0.026663768214961556,-0.0033804623848793566,0.008429520329061673,0.015072172974681393
2020-01-28,-0.0034179304137393935,-0.00150739689851123,0.008375561618306784,-0.00560429690896164,0.0013480329962024464,0.001654437596812221,-0.011072473026928976
2020-01-29,-0.0007303747671869279,-0.012852496660065466,0.007137466734695196,-0.014513400325011768,0.0021845566366349932,-0.004885373414590948,-0.012924459544117388
2020-01-30,-0.004377539610174758,-0.005762967791427758,-2.8076874088926653e-05,0.007050693009896237,-0.011458438277940483,-0.002012669752391755,-0.004452734111464444
2020-01-31,0.002486720648301758,-0.0024137825869066302,1.3785808009418696e-05,-0.013469157408044587,0.01102574675022962,-0.0036276305687250464,-0.007584404092445139
2020-02-03,0.0007803951580704377,-0.0029885234924653522,-0.007301162046792113,-0.030897130739997003,-0.0029921699775062966,-0.0032163871403939896,0.017259245483194015
2020-02-04,0.009408812023047086,0.003273835425846251,-0.010088454357280474,0.004254412689224228,-0.004949040337894626,-0.0019232097685426214,-0.009696103374288403
2020-02-05,-0.0016520288971268123,-0.005309392515253968,-0.013733673315837398,-0.014266732119728563,0.00507605693389602,-0.000303855681482577,-0.0032396934769095896
2020-02-06,-0.008579020424463216,0.007026695897429095,-0.008495849130539208,0.02178929334401356,-0.00145302400060102,-0.0036406850774562804,-0.014148158718031715
2020-02-07,0.009049411015244292,0.013244626529221608,0.013108320927621738,0.02876192583585191,0.003327761185350527,0.006664769160369259,-0.005036185122829621
2020-02-10,0.0033003233510500826,-0.006347979477031382,-0.004295228928485503,-0.002687303262972316,-0.007330711340970299,0.000877014231453712,-0.0052543705569548385
2020-02-11,-0.007600267375619812,-0.009207407050237908,-0.006603893039178497,0.014234729422822749,-0.0011244434599154821,0.0038471109335403626,0.005439426182617124
2020-02-12,-0.0018658512054397025,-0.001889516095884886,-0.0039679052101528394,0.0073380327699365784,-0.0005549330263315764,-0.0029651272116064512,0.00119544467755765
2020-02-13,0.0021947284269683456,-0.011310301076343336,0.0028513434249019596,-0.027331707405418407,0.007707277374797549,0.0033056544116875195,0.012546413062736315
2020-02-14,-0.0041163997165353915,0.01123767265938492,0.009309691637731163,0.004026651659304638,-0.001285773110389114,-0.00367146903154405,-0.008542381420238611
2020-02-17,-0.0026549466683064384,-0.016451037424481653,0.01324562660731985,-0.021873817757539177,0.0016912036188176953,0.002312389855905527,0.0027330664431382025
2020-02-18,0.0021311600076948517,0.01182983468331192,-0.002132707472744558,0.001978968432214262,-0.0006866411415620845,0.00561976284624423,0.02333903565850466
2020-02-19,-0.004425749964794184,-0.026446535876299894,0.0015186709238960354,0.014280328849893638,0.00851064058020861,0.0016531740918011152,0.011783760980145252
2020-02-20,0.0069902636822319775,0.020166570656940615,0.013366536790907662,-0.016729250664240344,0.004403212507409329,0.004152386447821176,-0.00055935898016056
2020-02-21,-2.4243077189750595e-06,0.018575374714301877,-0.005354842846827243,0.015323486212699413,0.0020693089144746516,-0.0030135218859646162,-0.008507933603416453
2020-02-24,-0.006655281560325847,0.002748643416115666,-0.002445719752821364,-0.008494298088407756,-0.011256693096858937,0.0007874677581331021,0.00243570315337702
2020-02-25,-0.002704782808557178,-0.012672242405065032,-0.004552363820567136,0.005752658444572,-0.003639371661252101,-0.005815863969449814,0.0007302134202187083
2020-02-26,0.004332202938333388,0.0024097238069343534,0.0023909600450964974,-0.0060090158480171066,-0.0037066976102340557,-0.0028678370998010444,-0.017619905204050004
2020-02-27,0.00487491811084849,0.007662865820222374,0.0032767791886621754,0.004575088405313136,0.0033985246736343683,-0.001735612701158876,-0.0028727451931454206
2020-02-28,-0.0017468406371296704,0.028992556861431155,0.012627829440379913,0.01290928511261877,0.010173199715816957,0.0067598505150659235,-0.011260534365843292
2020-03-02,-0.0007414159099614925,-0.0005448111654626765,0.005739111594196618,-0.0012809148475581974,-1.8382364567812274e-05,-0.001419861909392705,0.014169008116917894
2020-03-03,-0.005623379812639564,-0.0076182429829597265,-0.020688568585315155,-0.018678057378560913,-7.97018295020985e-05,0.00014284748205094412,-0.0075622119251953284
2020-03-04,0.004645954634343484,0.018137852701275527,0.0028535402693735377,0.0059914358454781665,-0.0006196621387883315,0.0036120965791171513,-0.011895998168459397
2020-03-05,0.007333361685417139,0.016807547920472222,-0.007488498197259907,-0.014431551716944213,0.0049054427186966424,0.0005055803955675078,0.0036081991781759548
2020-03-06,-0.0010875898805117435,0.017243816717953674,0.0018587196193008298,0.04207956418928313,0.0027599684542832176,-0.00543987115796088,0.030844232451005326
2020-03-09,0.004744729552947541,0.006287777468211576,0.008826808888710326,-0.017830724274757025,-0.00757447795380123,0.0011779283923410593,0.017453262845839927
2020-03-10,0.0019328403194272363,0.020790289458313373,0.016098830233228657,0.00719473135259477,0.009666263430449691,0.00816524428346981,0.0007117606878513773
2020-03-11,-0.0005051049143696199,0.0010815430658812914,-0.0234320266799229,-0.0007295428982262257,0.002488997047102962,-0.00028877320051119075,-0.0007222541687252175
2020-03-12,0.00017609395414814078,-0.023971398283484786,0.014006864380244224,-0.007227397936343151,-0.003504330108075335,0.005096457107516343,0.008783992172404163
2020-03-13,0.0014422668372209766,0.009419501761571475,-0.009569888984983772,-0.0024927887024199266,0.007868673523133515,-0.001885684569622664,-0.013352162883243743
2020-03-16,0.0006644167938946355,0.0011523152429655506,0.006947278891812926,-0.019873617326363356,-0.012878395803761341,0.003970009607606904,-0.010422017641741357
2020-03-17,-0.0020899690695923546,-0.027200402464172192,0.006646536282216714,0.002828617491201694,0.000235912475701684,0.00026540278853031004,-0.025915084698426606
2020-03-18,-0.003590676268187235,-0.007332690747781307,-0.009049764719163002,-0.005746911979125131,0.0001385031012231105,0.0031299420179416184,-0.01997823729439609
2020-03-19,0.0003146583423639292,0.008226019215787684,-0.0078038864289875515,-0.003392514628378596,0.003014745333037531,0.000443127271955476,0.006544376010682087
2020-03-20,0.000728793771923374,-0.0037295549586279955,-0.011405499893409618,-4.495676872233155e-05,-0.00031102144540892955,-0.004345136262268793,0.005151917476176304
2020-03-23,0.005421709874379144,-0.005749245439302801,-0.0057319131317533556,-0.017503798262983608,-0.00875498857908884,0.007819199527831411,-0.01042739984721244
2020-03-24,-0.0030838274403174014,-0.015113538924963097,-0.006193769281311643,-0.013482436263995779,0.00720138029357158,-0.005033898217019693,-0.02078422346386195
2020-03-25,0.002557143226439898,-0.0004787150387783795,-0.0011459737480750507,0.006843508706515035,0.0008781447492551913,-4.2810760625436366e-05,-0.01693939613532893
2020-03-26,-0.006322401449844107,-0.011512610222989916,-0.013684781398876734,0.0022868352390001487,-0.013152852294189013,-0.0041203774887803,-2.969620801053395e-05
2020-03-27,0.000191378386183302,0.004462027298277708,-0.0023958598591575383,-0.010144477372737626,0.008018071705304832,-0.0002352641549972419,0.014332120685435207
2020-03-30,-0.0009505130618616617,-0.0009782543615616563,-0.0015187277253066757,0.0035900006266012512,-0.0027573063894274757,4.35873318660827e-05,0.01823243903709556
2020-03-31,0.004545420269525131,0.014213457269693024,-0.009869398029461676,-0.020465573638584346,0.003259972344414436,0.004404470376182831,-0.010137278184752782
2020-04-01,-0.0024403481748219856,0.01508123493227344,0.00782435201479727,0.022712678491255616,-0.0021964264535150914,-0.0018765167622607007,0.018036902444451774
2020-04-02,-0.0007009067250917163,-0.00792025765738938,-0.009783361270321953,-0.011433955364621422,0.00437923950123466,-0.005936211203039113,0.004706449891640849
2020-04-03,-0.002482883887705246,-0.0039698435128061845,-0.0024170842261239727,-0.0033465367777196836,-0.0021444335972897023,-0.002094312177774823,-0.005749207496876073
2020-04-06,0.00562911068500545,0.0024727759840822926,0.0011273618196143461,-0.012493783238939146,-0.0005004256661813469,-0.0013298732953781654,0.007546482623296521
2020-04-07,-0.0026644057658575682,-0.02820646756043998,-0.0031055754616926526,-0.00914137734327252,-0.005307074395536121,0.002064765699912947,-0.03549901920480441
2020-04-08,0.006654995962899587,0.01515017738842626,-0.0020819680553420777,-0.008322147940866333,0.00532325734397901,0.003849143822330991,-0.010104591515356042
2020-04-09,-0.0061171272251348855,0.02196716238547366,0.010022953684146291,0.012754138910238293,0.0019779638312753377,0.0031228700032304604,0.015371091153955874
2020-04-10,-0.007995492789494591,-0.00811827661329559,-0.007690447375580445,-0.0013191357856874317,0.0023797380668163963,-0.00798055960638046,-0.013502476360828245
2020-04-13,-0.002376988667942148,0.00040404993350610745,0.007683256843910396,0.02861747839662515,-0.0025801443039825712,0.0025162770252191336,0.01178323123902763
2020-04-14,0.0025166833751343294,0.00048692659955537284,-0.002785183634735463,-0.018550633545829476,-0.005295823952931166,0.0018232315463720507,-0.0021934650065136307
2020-04-15,-0.001312034705194851,0.006939536177562609,-0.0013812029395125231,-0.012350762835755815,-0.000593992104891198,0.0037325539893784784,-0.012018263078676688
2020-04-16,0.0011871098861063055,-0.00048088707453575316,-0.006865326067837419,-0.006967002772753766,-0.00900121396830431,-1.041563087808873e-05,-0.015695602509818943
2020-04-17,0.004639762274335428,0.0006391983316787942,-0.0037651028835948568,0.014559575736644546,-0.0061044574272500676,-0.003278268040257016,-0.019812159359590947
2020-04-20,0.005588041586134335,0.02437722652732433,-0.01167575490888724,-0.013823305000928016,0.0027674337411616188,-0.0003512565349138966,-0.0015777623766362809
2020-04-21,-0.00012039323681320565,0.004423616236649534,-0.008720590291918243,0.0018656923396714767,-0.006804303971348518,-0.00215622695837641,-0.018404827923179223
2020-04-22,-0.001268197822650767,-0.007723278907342382,0.008253925577029383,0.0002581099414855478,0.0008377875744549814,7.4049655707517e-05,-0.02365171249264979
2020-04-23,-0.007637810002475921,-0.007575359013401006,-0.0003258171848830955,-0.0007982323223686681,-0.0064308881461832175,-0.002135180074594519,-0.0003569168456903648
2020-04-24,0.003466022733054889,0.009780281906747781,-0.00297388970157943,-0.0015365960714322255,0.00277282916804216,0.002542575417822341,0.01735841231032166
2020-04-27,0.00023740912278869366,0.013615599803934708,-0.009556617877616337,-0.009596776888935777,-0.011544186494946047,0.00044139560956993167,0.009684423405457504
2020-04-28,-0.00987157238124969,-0.0025658047293839535,0.0026824589791072137,0.014348719267109969,-0.008837601891007223,0.001327191142710232,0.0057999912124583
2020-04-29,0.0027141578636247555,-0.0006293434593390869,0.0048093295422021775,0.016674372084998577,-0.0010831743367230463,0.0011226008813768713,0.015062923528658222
2020-04-30,-0.0001829223246134904,-0.013791780403843627,0.0053257001699005095,0.020908593297731065,0.006090688904295377,0.002305091057918615,-0.028880845432204937
2020-05-01,-0.0021933388558819144,-0.00828033408415457,-0.0009178238383017873,0.025610829774696,-0.008288396693506398,0.006938154402528807,-0.00424889242129889
2020-05-04,-0.0027176148401452196,0.008447290993358674,0.009350021479487634,0.01558479934935431,-0.004110767293566026,0.001933872162608888,-0.006521465474399754
2020-05-05,-0.0028389934214785605,-0.002760600184468819,-0.009005820933259592,0.015289100750574046,-0.005247850422733226,-0.0022769892435291583,-0.008576079143299909
2020-05-06,0.004500452215789039,-0.006235396490210178,0.012241829249919527,0.01566788856448933,-0.0019531727805571697,0.00041590003981424627,-0.004310443240088394
2020-05-07,0.0025328948025421906,-0.0015249572109064834,-0.003174521016064491,-0.0018035067872501256,-0.00889252765000734,-0.0006143624868186669,0.007883768347379584
2020-05-08,0.0009022192467217336,0.0113391761726617,-0.001914098258092555,-0.005840897001795111,-0.0052676463910674145,-0.0011040776244058935,0.0249941506767719
2020-05-11,0.0014521769050324929,-0.00665096394513164,-0.009854395547035384,-0.02931756607577027,-0.004230713100299948,0.0030577387697551415,-0.009859647785434076
2020-05-12,-0.0034826989696984233,-0.01198775721381477,0.004185407780130357,-0.0006218059319061837,-0.004398991337543748,-0.001876619722743346,0.026875823926212874
2020-05-13,0.005228507542087182,0.019419433689336005,-0.013101470389043739,-0.004628043753054913,-0.002324804773112997,0.002846285012419576,0.010449292980583868
2020-05-14,0.0016557089320014442,-0.009963626038577774,-0.006765009894528584,0.005080359908369695,0.0031185451402772875,0.00011852138686289636,-0.0023934316138860706
2020-05-15,0.0005504907696049192,0.003082845626901578,0.007790344836460322,0.011944336171057942,0.0006460201270890422,0.0001922742865322865,0.0013751242257256412
2020-05-18,-0.002771332330916867,-0.011013264703544641,0.00348890310246198,-0.010807812678379937,0.00456057801851477,9.625978377376406e-06,0.00771299885098354
2020-05-19,0.0028978431761918313,0.010947242688774561,-0.0022770579213870342,0.006311581335231204,0.00511497962861035,-0.005122784463999468,0.020843285854126755
2020-05-20,0.009413840508825114,0.015117555596583924,0.012870100203299512,0.00977793866788202,0.0012475135006902727,0.0015803298424104228,0.012765956782221137
2020-05-21,-0.0035428809446616176,-0.014536382353111743,-0.0063724926326232546,0.007828391362098548,-0.007231714296029231,-0.002605149916177581,-0.0007548726481804253
2020-05-22,-0.0036974896028835473,-0.030967343795171635,-0.014376390297539877,-0.003401138586019773,-0.000627805557344351,-0.00019573838847987464,0.00038900719313894285
2020-05-25,-0.002155587432073806,-0.01130069320402317,0.0020028373881636283,-0.003800068790076608,0.004705672811316281,0.0014427951261623238,0.012329439408262107
2020-05-26,-0.0015121510364970935,0.011627516649329974,0.020973089966338943,0.00904446356321343,0.004889051023859366,-0.0020451798417481432,0.0169390784532042
2020-05-27,0.004866246791302268,-0.004034011420654813,0.007151710690982046,0.0024484936108785937,0.003331364388100632,0.0040014490655553925,0.003263452052191974
2020-05-28,-0.000205953042036483,0.009436248169848388,0.012114990056472524,-0.0036989553089770612,0.0019357417127634747,-0.005473288960540927,0.011979191375183823
2020-05-29,0.005242485594002895,-0.0010510068077616342,0.003160859690883937,-0.0058986352216443445,-0.0008137335807043358,0.001735960341556883,-0.010824473609823243
2020-06-01,-0.0005911106867308395,-0.011355303776862032,0.0046049496926581475,0.002903306462313521,-0.002941910710401106,-0.0002665343600170031,-0.002300112683507215
2020-06-02,0.004925594980957827,-0.0033732697687265637,0.007722077248419791,-0.012614388799504854,0.006622495710152479,0.005570759449499959,0.007927703873704905
2020-06-03,0.006234085952237197,0.005917458928126979,0.015068503143714792,0.026381372566024464,-0.0050956155944609635,-0.0017323974030318226,-0.01206646586622888
2020-06-04,0.0045945897631799165,-0.016187530928659214,-0.017450407485647988,-0.027074127531878767,-0.010403425217815154,0.0002667694513559417,-0.019092499083863443
2020-06-05,-0.006411152776518531,-0.003739294728675265,-0.002071676946876792,-0.02653361896796145,-0.0040024351384276916,-0.0004084743481836215,-0.003222418423663159
2020-06-08,-0.0009679370267448534,0.013198272284066134,0.022417868078297036,0.003691225252513113,-0.005095598911963026,0.0003894614480301086,0.010421052479766591
2020-06-09,0.00013688515493985937,0.006949483096441026,0.022739646168115735,-0.01983910879898562,0.0005427827130714965,0.00810923574962598,-0.004068525337735953
2020-06-10,0.0035079838909510925,0.008706239283438975,0.0144722331420974,0.03286039676427706,0.002760591846508619,-0.006014830810399138,-0.0017216438135879435
2020-06-11,0.009094238791992592,-0.013043495151244035,0.0066752291445787825,-0.04528193569799311,-0.004451942504891055,0.005235958211719265,-0.0063488423646403955
2020-06-12,-0.00115577200706858,-0.01053930606612029,-0.020835758308885486,0.004362704001969867,-0.004241842790298979,-0.007651349739029519,-0.0013449678403794246
2020-06-15,0.002674999327229352,-0.0015345970666407792,0.0021000890656935373,-0.0007525150373908765,-0.003426458295625873,0.0004470070586908224,0.008360542007713832
2020-06-16,0.0044885876263280385,0.011043753089937271,-0.0036959033814747528,0.008598054997789916,0.0035466114662568906,-0.001971553202119737,-0.005282889422202551
2020-06-17,0.003068780906740668,0.0173594084518027,-0.014613549453711322,0.023647699447038536,0.00619217062669606,0.000827316329056576,-0.004112498672446129
2020-06-18,0.001911738677287062,-0.007097041258187052,-0.0016322570418928462,-0.025791566857155127,-0.008979286559750175,0.009152070772890143,-0.003642566518648886
2020-06-19,0.0011647586301182513,-0.00019798204993233821,-0.007498273167767968,-0.0072617102667793315,0.0006097737997754996,-0.0006376974565770606,-0.010680976308380876
2020-06-22,0.002267961166496729,0.0028978804826681687,0.005163584004668914,0.011447229750635314,-0.0004306088707460542,-0.0003028145013392006,0.018580297838336018
2020-06-23,-0.0034260726358081523,-0.02412843322956719,0.0019633756189637148,-0.012108138713814118,-0.007433550517212286,0.0022771170731848687,-0.003736218373226651
2020-06-24,-0.004704272025053411,0.020482251195569477,-0.014838643371711781,0.0019211721550750436,-0.011360422773732184,0.00015468554056664692,-0.00269520979739458
2020-06-25,0.0036271095022366684,0.0010684138509953682,0.014795686298372331,-0.0050127742032162635,-0.007076439865091965,0.0018803888855668115,-0.00019786541149874743
2020-06-26,-0.006927062266222805,-0.015995939303049822,-0.010965558450989123,0.022353710712170894,0.000209367370084516,-0.0036562433497159615,0.005265864006589895
2020-06-29,-0.007807865012648848,-0.0105731963129063,0.000493039297762059,0.005110211580513108,-0.005000526665385794,-0.0015481459929712828,0.006765313572210757
2020-06-30,0.0003125732423679802,0.009998313091070818,0.004570354196348271,0.010844119696339525,0.01066031028577288,0.00428831506687067,0.019255846109081605
2020-07-01,-0.002337665863797174,-0.020302217713361617,-0.004086520063637713,-0.007156473252527379,0.006943126269812503,-0.00482466249508054,-0.004471286153013921
2020-07-02,0.0019707225289057086,0.0017169604140924544,-0.000594543943388142,0.004631763139766523,0.00655320511437103,0.006509055275948309,-0.003344873762954439
2020-07-03,-0.0029133932124342427,0.016537558452078747,-0.00945823832514286,0.030516328073146734,0.0063941727447025705,0.005291318824923629,0.008161542140884926
2020-07-06,-0.008099986566635502,-0.016330846029866807,-0.0011505248954310754,-0.00931104922275702,-0.0035587860293380446,0.0011284228607929471,-0.0021483117897499915
2020-07-07,-0.004526097655031105,0.00811343466751453,0.004710896136697887,0.0015071279619877365,0.004497067906036352,0.0008919745971487013,0.01787808418236153
2020-07-08,0.0009548334323256531,0.015779564987329863,-0.01608215945905594,0.005881687199477282,-0.0025152173830054496,-0.003546671991869893,0.014475679806251881
2020-07-09,0.003906360841080813,-0.02240496265369979,0.00610966733404601,0.003965710614974092,-0.004657432227684561,-0.0037381121221158665,-0.019388354251937946
2020-07-10,-0.0010001318080899808,-0.0029133097403537833,0.007427299508306682,0.0059630223783031025,-0.005994690782851954,0.0006886225104519579,-8.960452747335799e-05
2020-07-13,-0.0033893165399671936,-0.020740972623613324,0.0030225232763311767,0.00549208367658782,0.001487899461437195,-0.003736886158916606,0.001544904689184531
2020-07-14,-0.005151473780293968,-0.014380700055617148,-0.0026546718327440312,0.003566532043031586,-0.011362718345434819,-0.005873221290625375,-0.0006587675412587525
2020-07-15,0.004184086913106611,-0.008121515460298864,0.002117178682617831,0.00028257696218320777,-0.0010542143700025136,0.001240880454304761,-0.01772544357178402
2020-07-16,-0.0022731569915749737,0.015637172063428885,0.015966369480356585,0.021334255245941076,0.007522879135262798,-0.0058504388416041634,-0.0029070267244369467
2020-07-17,-0.0008944101674759923,0.027899767313586874,-7.043479161394575e-05,0.01762464456491718,0.0032511660858804727,0.0022380513908838414,0.004154469616496959
2020-07-20,-0.0044501463212914295,-0.03440730126456434,0.007631693113935849,-0.012007795246651047,-0.01239573838833801,2.9963948001957274e-05,0.004304306914517843
2020-07-21,0.003421578844564361,0.014419317382975009,-0.0060676209123076245,-0.014130079578550746,8.910297801905092e-07,0.004316890865465502,-0.02602018445332326
2020-07-22,0.0008628269469417246,0.011089684948154563,0.010476897362494575,0.015216000925285684,0.007308958841252586,-0.00940512643512111,0.02442574811533074
2020-07-23,0.0016716239443489652,0.016229346094445943,-0.008947477796526314,-0.027082612381904507,0.012465535809951755,-0.0015117207162224906,-0.006705783582016589
2020-07-24,0.002459825155022659,0.009919125919138301,0.0127089565333978,0.00706204571941602,-0.004222420298443632,0.0036496963412136927,0.011783157966302527
2020-07-27,-0.006910162252645567,0.013364560634394078,-0.02492233304549479,0.01677031474777199,-0.006434165253837719,0.0006909774889330651,0.007528045277750272
2020-07-28,0.00020150934034592736,0.005084978430427867,2.8629357828337395e-05,0.011990918293587668,0.012621205458417316,-0.004408058904782011,-0.03627281781076423
2020-07-29,-0.0013127022637038758,-0.006690809346480369,-0.004598779759708857,-0.016038602108219113,0.00500394749897294,-0.005016753423792722,0.0034219631118018526
2020-07-30,0.0029038704522359256,0.004703861053111985,0.0064909809230051805,0.015545596101122643,0.000987595918839543,-0.0008297549813363697,0.007613484407551737
2020-07-31,0.002751472455014208,0.011436042365458766,-0.01438768931283687,-0.005593391923133237,-0.005714592321204516,0.0021335382369569284,0.006818038989198479
2020-08-03,-0.0007476541547814834,-0.009346149477199037,0.0048496006604718585,-0.002327921289047562,0.008207895550937554,0.0073012240737594086,0.006892189954819595
2020-08-04,0.0012806325324054453,0.021877835183714927,0.005412867366312506,-0.002520232177433988,-0.0015116578501793785,-0.001302042497764155,0.004912854030677915
2020-08-05,0.0022023530532252317,-0.01615620369723987,-0.005180898055844062,-0.0024179121732066165,0.002833181247284107,-0.0004443842620601553,-0.0021010376494381157
2020-08-06,-0.004604105109468083,-0.013246987340462943,-0.003280202194937108,0.007177449796332153,-0.0006604009180057892,-0.004486649778828673,-0.0019234111978261097
2020-08-07,0.006397372269456989,0.00897850918893989,0.0017264070189965842,-0.017415793563961647,-0.0014295703698482085,0.0016180622859924684,0.0018712300154290686
2020-08-10,0.002612260849938254,0.005421163956429898,-0.0019305199923725087,-0.008817571351692479,0.013053952106426844,-0.0006138395333282955,-0.01811781486874941
2020-08-11,-0.006204890396146218,-0.0073399989152146015,0.006650560633762567,-0.00520764923656349,0.008136551220273172,0.0002260256132049996,0.012815011487921794
2020-08-12,-0.0026808940016096153,-0.01036972896236587,-0.0008512678762893256,0.0067822493760073205,-0.0023484390435565368,0.00022297523081037077,0.006629245638261832
2020-08-13,-0.005332040475386721,-0.006801864942090569,-0.007304756050202605,-0.007297904122956156,0.0010704659669368273,-0.0026277303045509786,-0.023362612467409245
2020-08-14,-0.0005960775638158295,-0.013254097691471782,0.003487819555207446,0.011051867650455688,-0.01366041089617828,-0.00439222720343943,0.007854345541685449
2020-08-17,-0.005285518151717927,0.00654970684071033,0.009531828170536823,0.0041372351367190635,-0.00405970460160411,-0.008835321803336044,0.018119398994441007
2020-08-18,0.00836017294637854,0.024708586733553754,0.003758243615450832,-0.01597264791949481,0.008993092789125173,0.002590682095587268,0.003992806340609753
2020-08-19,0.0015610105975781589,0.0014483665063922588,0.011005967485927342,0.01856026788164484,-0.0025465383423072877,-0.0033743465770179845,-0.023953495806409136
2020-08-20,-0.0010346497674094165,-0.01379455732997686,0.002529953329398736,-0.006745989466029724,-0.0016846552262890677,0.0028345204730961925,0.0023132893560656206
2020-08-21,-0.00011676169837009857,0.01959811249741789,0.009585397127599832,-0.0001850567272644896,0.00011698772686472383,0.004451424977016511,0.006081413209390593
2020-08-24,-0.004134652855810391,0.008397004030762302,0.012145973952815156,0.025310711026809617,0.008823088423215863,0.008441353493377103,0.021597028154079264
2020-08-25,0.001712651385304506,-0.0020596484246817996,-0.01734228548087756,-0.005367743315973625,0.002152441503998894,-0.00019252301052034715,-0.026486574361380823
2020-08-26,-0.0007964889777495555,0.006940455573711326,-0.009304146802681114,0.0022004338338327037,0.0021691330167926317,0.004259646607946096,0.017487326267406393
2020-08-27,-0.0011613089732610685,0.0013000563457201853,0.0021284289031030766,0.011526224638955883,0.0028164974149957334,0.00549974149277892,-0.02736987177300797
2020-08-28,0.0020220895381472836,0.006335195330426522,-0.0007002206442671632,-0.03520238733556782,0.002214164853294784,-0.0010089770307822724,0.017586158170321553
2020-08-31,0.0018511701704462863,-0.008962298190659107,-0.020233764777556888,0.0014838126174882126,0.0021619212452473977,-0.0018071643972830923,0.001126194957991018
2020-09-01,-0.0010430864672280624,0.011834809991974867,0.010934562353260421,-0.01985203659026845,-0.005397607711644399,0.009162189035951672,0.012373793179611826
2020-09-02,-0.0046995397998521515,-0.021103639707637713,-0.0015320488932208994,-0.019563932999975088,-0.0029249779736139105,-0.0009831027294906402,-0.0031836106039505323
2020-09-03,0.0048561672088364895,0.02359574547952967,-0.00028865708293724295,-0.015721059253877265,0.005471706585900009,0.008587309300349916,-0.0070997429902384165
2020-09-04,0.003751446197526393,-0.008601333871784658,0.0007544820564810129,-0.02172774295509977,0.001329431580563067,0.00043351588433073406,0.003020708230672208
2020-09-07,0.0074622686604934735,-0.0016134465585711118,-0.017086579370534098,-0.011852900944458863,0.0020798944024945617,0.0011423901434282496,-0.009220716119968886
2020-09-08,0.006300878359593108,0.004093960112689408,0.0017299714934844496,-0.01448091413041663,-0.007902197677301347,0.002183374289822598,0.0021339920509058125
2020-09-09,-0.003887335381323688,-0.0026332331953662683,-0.002706302503389494,-0.008601793823708076,-0.004954996387118895,0.001082154474775641,-0.001868880158321356
2020-09-10,-0.0020139817531193848,-0.011486866293743086,-0.002921858124690959,0.01253697474418764,-0.0005437735388320105,-0.001969062578462672,0.0032340919864853558
2020-09-11,0.005807557113456436,0.008074273706868643,0.005579599201996721,0.009494923895959887,0.00063255492585058,0.0017195812176782105,-0.005185670334491444
2020-09-14,-0.005852232667228356,0.0010764985577407628,0.0018645926783066556,-0.00040666866472221933,0.005573926846559959,-0.0026744980281102567,-0.01803588860928594
2020-09-15,-0.0024384720973552433,-0.01973687373208424,0.0006307155379068389,-0.014028750467832557,0.0049359535790319715,0.0035633352922126516,-0.01575521940336159
2020-09-16,-0.0028824375543412633,0.004686130908170335,0.009431834822629334,-0.026368214059756603,0.0037650637977503813,-0.006901893413676232,-0.002476688279530173
2020-09-17,0.0047246409022736625,0.03747720236425607,0.0035308064433108646,-0.01377587444021099,0.0013762382305498968,0.0030134398374756207,-0.004240210300470551
2020-09-18,-0.0035493062641971055,-0.006678927066725682,0.002039913815532141,-0.0009126335911785261,-0.005691724893886418,-0.003247024034471146,-0.0015049159361344615
2020-09-21,-0.003847718083147318,-0.010138697744013646,0.003998115325386958,-0.0019060465562703074,-0.010811278694850813,0.002930662852914471,0.006945761181887705
2020-09-22,-0.0053825491441238235,-0.006774574688145778,-0.010210353024523092,0.010336927232442594,-0.004553182314344085,-0.001986460883767393,-0.0008604772190381374
2020-09-23,-0.005770556620554283,0.014059719426702184,0.006184616732722161,-0.003476275173826488,0.0020651567731908927,0.004468093332037446,0.004454242763360476
2020-09-24,0.006377036206069288,0.03747022277934051,0.004961663199459682,-0.0035849164180396685,-0.0015342857679357387,-0.006032987049025611,0.02193810919752331
2020-09-25,-0.0010639796589188486,0.00954914120183953,0.011500428099461996,-0.011501150899344214,-0.003228892920706221,0.00787008929586216,0.001032152134624069
2020-09-28,-0.0022911584020561325,-0.013788697558498245,-0.0033748809054060564,0.02118468669858393,0.0015732596504025515,-0.0006327074508964213,0.017025819758087327
2020-09-29,0.005933118107044326,0.006276492549985562,0.030087175829462118,0.001170762795004466,0.010197207936304704,0.0014526191824427092,0.01279354895533729
2020-09-30,-0.000643551839094048,0.0048266875238733575,0.024001467951607364,0.021848253960216123,0.004042762450803426,-0.0019308523380901226,0.008861777322623783
2020-10-01,-0.0036820226063096497,0.0085088988006172,0.008430308324138703,0.0030619827527546386,0.010386506650576532,0.006956840785600972,0.0016818796177555846
2020-10-02,0.0026120515554958657,-0.006163679076331804,-0.0022286279923583586,-0.019992664812503336,-0.0018309972873141415,9.578379361079901e-05,-0.02183324530187478
2020-10-05,0.0026572631101479116,0.012965033984684743,0.0024557331720183122,-0.04021944046494253,0.0021428192770585903,-0.0030069028883046235,-0.006642609982333093
2020-10-06,0.006157763351689497,-0.02646968851873545,-0.008613890621469547,0.0019882178279042265,-0.005578357624051518,-0.004207763810297563,0.017969616228886546
2020-10-07,0.0018635543034771227,0.011565880439771548,0.0069713985912054485,0.005407153824684039,0.008847713448603457,0.008809138759589916,-0.021037463422211206
2020-10-08,0.0002087301337855496,-0.000776091232777185,-0.003966632264689916,0.014010463228823145,0.0006344981306121726,0.006958121290575885,0.009989298802753252
2020-10-09,0.005808826809909109,-0.011970711829470529,-0.007050962077854566,-0.018653973582562128,0.008218287510207197,-0.002868047156473225,-0.017694711302764562
2020-10-12,-0.004135435686523038,0.030444134024810308,0.0008240378505485271,0.0168853171258455,-0.005735854813239382,0.003916459106645404,-0.012810068671000192
2020-10-13,-0.003566023218316967,-0.010639392733718332,8.379367316150118e-05,-0.012331429667266029,0.008382872126912544,0.002190236257080438,-0.011522815786279974
2020-10-14,0.004340480778467981,-0.003070316245774441,-0.004448452195814625,0.009722668983345699,-0.014446779186369186,0.0018673096811173506,-0.007807836309957513
2020-10-15,-0.002508438147186825,0.021745511601725255,-0.0034038719322507945,0.019812351469352302,0.0016511509037920146,0.0016238403083902095,0.001083984060029878
2020-10-16,-0.0008608657933094586,0.01738353023503136,0.010987151562437195,-0.0011608655219846266,-0.0038863443700341343,-0.001122322849572269,0.01780270738814581
2020-10-19,0.0050647818322897935,0.008505620995621964,-0.013014554658786674,0.007357114979891973,0.007619883964611267,0.0011897797911021133,0.01821482420138652
2020-10-20,-0.004933899135742962,0.005546978990735819,-0.010748946989042812,0.01782987965803891,0.001642606104576573,0.0058990609443538644,0.004838442332228386
2020-10-21,-0.0012660291223089795,-0.006753381957400409,-0.0033416246832943604,-0.009326446917161026,0.007528412781666459,0.005214754970966815,-0.022196823322741473
2020-10-22,0.0005034410518316268,0.0006104622093125187,-0.007170441218722448,0.004926758473198819,0.00793073982800799,0.0036059473166313765,0.01135039145255835
2020-10-23,-0.0025238803709766995,-0.0010601012147436666,-0.00818580399022869,0.0030195455531068782,0.0008380351347502561,0.0031238411184766994,0.013104881446924453
2020-10-26,0.0031059172679841407,-0.009165104117219854,-0.012980344428963618,0.0013540759867474647,0.007582492641474301,-0.00029172895484492936,-0.023944784845841855
2020-10-27,0.0086890498862408,0.009358960580936193,0.0057858538078262986,-0.01990320820451856,0.003604285382836284,0.005021246634205689,0.0022267914402745548
2020-10-28,-0.0023695570111855534,-0.0021008290493887754,-0.006781763203240116,0.025168176577903427,0.0030922767204045916,-0.003073716410308885,-0.012543830140140343
2020-10-29,0.0014612638016081472,-0.0055468367376732735,-0.0039692214201111735,-0.02050695193132548,-0.005159262968045465,0.0007816371921456575,-0.005288040777581213
2020-10-30,0.010336088750463839,0.011344075431715612,-0.006428274237956741,-0.029085668424683648,0.0056506240390823016,0.0008715053514871351,0.009521065544065021
2020-11-02,0.0014774588771322337,-0.02321373754272712,-0.011776652427560102,-0.018761540108794293,0.0013524509715480025,-0.004671361963635236,-0.004488695262334102
2020-11-03,-0.004994615986696323,-0.0025316768854987135,0.0019809013299358583,0.025551448331697552,-0.000386932263357579,-0.004231167120484196,0.021568526418294477
2020-11-04,-0.00038271443455306864,0.008648060058718866,-0.0049350314331828345,0.002182058278699263,-0.004442567943173895,0.0011332160334383372,0.010583531121578126
2020-11-05,-0.0016292032870794922,-0.00762792447246452,0.00239490370151673,-0.012797041167386336,-0.008543815881896798,0.0010421149227677897,-0.0004889628904488139
2020-11-06,-0.00016543917650219039,0.00575015672696072,0.007305619406766007,0.0004964535533688484,-0.005394687792701467,-0.002065577855813309,0.011125471501449737
2020-11-09,0.0008956123588105562,-0.0064769513966150445,-0.007843232532479238,0.005914524550635209,-0.0023392020925966338,0.002149904107825072,0.007357424034527508
2020-11-10,-0.0011013629116315069,0.010753733062073667,0.0022121469138660977,0.007965664358565527,-0.012154671273429115,-0.004109293091033312,-0.003004392368208784
2020-11-11,-0.0011246228727920843,0.0008331107512607961,0.0012913114398822479,0.0060631509736871715,-0.004097942221325417,0.002359744907094441,0.022360492686096124
2020-11-12,-0.0012633039663506988,-0.008459899256149256,-0.008003743830972052,-0.0010354741872015205,-0.0042270637166850625,-0.0076022353632818965,-0.015349818019063174
2020-11-13,0.004230773310226595,0.017093844825238694,0.018966030411475408,0.009499099729819464,-0.002736270100418095,8.223367270882563e-07,-0.010318577374904927
2020-11-16,-0.005969587081787885,0.00032470032688049894,0.003417961190889123,0.035232873317806904,-0.0026059565154324137,-0.006647703559940418,0.006331621968023204
2020-11-17,-0.0009798403271880764,-0.006286514018638679,0.002412395583792443,-0.018451577242247923,0.0014608208248065681,0.003039795097201345,0.014220918037884318
2020-11-18,0.0013915072758358068,0.012984503055829348,-0.00244048567815516,-0.003022967932324817,0.009004081129642499,-0.004000204792846335,-0.0037406210060360132
2020-11-19,0.004663799332460658,-0.0004234824185257482,-0.0012791693466643573,-0.006705650243903206,0.001719031539836336,0.0049311533175282335,0.00685293229702857
2020-11-20,0.00019582910921113857,0.013030979861331508,0.004876312340842785,0.0174813291853946,-0.005343271648000482,0.006767154938525446,0.005877241860685831
2020-11-23,-0.010843271743084417,0.014792082373974781,-0.001832788866606032,0.0031529084828785464,-0.004213176506015997,0.0010349616765731324,-0.003288732008486111
2020-11-24,-0.002157633062002445,-0.007547905258780792,-0.004343066541200286,-0.008782959836644419,0.004366720089197492,0.0009702844468009993,0.0018647159629290126
2020-11-25,0.0025924164865848936,4.4588062541477647e-05,-0.0091056344457401,0.024848633004015415,0.003963284875036595,0.00559940070511332,0.008218433235345974
2020-11-26,-0.0016914913700954836,-0.028635632733567024,-0.01566658309118378,0.0019164491258215842,-0.0039591794781559326,-0.003876100788617613,-0.03305137388566388
2020-11-27,9.749077893232689e-05,-0.01280810613349358,-0.008415431687726026,0.009078363930933425,-0.0077688159810947646,-0.005126199304209165,0.0026570962539290634
2020-11-30,0.003839459270962343,-0.003407551337675428,0.015521447004098732,-0.019028067391826744,-0.005729618518405147,-0.004586383480308455,-0.015741156886877005
2020-12-01,0.001696200067495956,-0.011194938004194993,-0.014229397982562106,-0.000708050112012634,0.003322754753160376,0.003388863647703729,0.0030246576111640686
2020-12-02,-0.0033224253404457505,0.001423027568873679,0.00419942813323659,-0.004149682489255434,0.0012903897577101503,-0.004501122348444272,-0.003924066763771418
2020-12-03,0.0018371538696863898,0.018355058439334937,0.014138666101557089,0.0162327495239459,0.0024909651444521,0.0011238991245512127,-0.011326812826685878
2020-12-04,-0.002992036579373376,-0.011229167355052463,0.0036954108549284684,0.015053283015918647,0.0028139070959325033,0.003864374014763496,-0.0003240084843188009
2020-12-07,-0.0035817330169836286,-0.002561684517480693,-0.0082939276251993,0.009800871656340117,-0.00374599673758811,-0.0015783377504048385,0.008995409849254033
2020-12-08,-0.0026143864220304087,0.009902881150736478,-0.012728182172499073,0.005211020387841507,-0.0013455345971193113,0.0026389005752460006,-0.0159364435934698
2020-12-09,-0.005773183626023981,0.005943288964801186,-0.004810904443072863,0.0019774043877338714,-0.004565004178524074,0.00282478724030419,0.00562781907539932
2020-12-10,0.0013126593605245743,-0.013643460462123459,0.004118621233921422,-0.017881410631704373,-0.0031571857950069334,-0.00500404177322275,-0.0021152036265251503
2020-12-11,0.0046079063461642,0.004405608964915057,-0.002091856976011402,-0.0005887484943329848,0.001600663615407575,0.0009896636090303956,0.00022355432339562364
2020-12-14,-0.003809990415689217,-0.0008079876312174565,-0.01827824435008272,0.006620647216110821,-0.00862047794542101,0.002699873447587376,-0.028995651255761437
2020-12-15,0.007047720700385934,-0.016634147172077465,-0.0110145357522144,-0.0053753587382594364,0.0030304270055586217,-0.0012155077420574058,0.0025436759952646728
2020-12-16,-0.0028362269679368403,-0.006375833169056401,-0.0043213560745771,-0.009005346925365474,-0.011774656152643972,-0.001099328364948552,0.0003106303331051927
2020-12-17,0.004662744532104839,-0.013516026442452264,-0.005958800731427178,0.011870170671481908,0.000573960124572941,0.001496281585865971,0.00034160555424788053
2020-12-18,0.002181492313124866,0.02222953516806369,0.004282533809812812,-0.01150021242513832,0.006603391124331153,6.512482397258527e-06,0.0006003011424158102
2020-12-21,0.0018307286342781673,-0.00927841855859354,-0.005156055436956312,0.0032539334451228384,-0.003938900315017885,0.0030838989310155492,-0.014298643020983838
2020-12-22,-0.0036081098746816504,0.02063276026790098,-0.01367614229402945,0.0025245194226133543,0.010540559077770472,0.0004296424462990645,0.015060023807459891
2020-12-23,0.0029599076135431203,0.0008890062241672486,3.878448946765883e-05,-0.034407888013609306,0.0005081797599640859,0.0023892524477416503,-0.0007101287928978877
2020-12-24,0.010213465851801886,0.007571884984133511,0.010588034873593308,0.016209151644362617,0.005358088888057281,0.0013708019525744384,-0.0016482942184691052
2020-12-25,-0.0010526223121193026,0.0044390488443998176,-0.0012726814317469766,0.010896411024648625,-0.006158246390472661,4.661272019031569e-05,0.02056504064649304
2020-12-28,-0.0005484967971685856,0.021261487113084235,0.003994157858243457,0.004636975588477071,0.0023034603841889864,-3.96662511034344e-05,-0.01832437032286398
2020-12-29,0.00387071043506114,0.02739917850470721,0.00920732241519109,0.013822373336980713,0.0015950245252555897,0.006193308269853111,0.003024601133372615
2020-12-30,0.0014188837330335947,-0.01828910449603451,-0.006456482005822613,-0.0002958953043020443,0.0038953626354249213,0.0030314669994715962,-0.024563317223794123
2020-12-31,-0.005561137573210654,0.004070345740628808,-0.008433880013745886,0.015908019794934475,-0.011258427538294138,-0.00210953093927871,0.00452216470392986
2021-01-01,0.0022718743938423083,-0.011569088535789961,-0.019538086868209542,-0.005620269182767313,0.0014687135425051295,0.003033714135169749,-0.01210564716128746
2021-01-04,0.0034527362600671515,0.006959557797764646,0.015102713516967691,0.002143466171874708,-0.007756589782864323,0.000694554990867829,0.005690684199684057
2021-01-05,0.002422783447011886,-0.01745136016098036,-0.003908033365685586,0.007669235890375208,-0.0019451571481010133,-0.002072896778205004,0.01895910915426886
2021-01-06,-0.003930030122357645,0.012504438253549226,0.010345963910274382,0.0037522157504582166,0.0009151291832887143,0.0006190147130299579,0.007366258724226715
2021-01-07,-0.0020281728615065076,-0.006349823140455347,-0.004575998828733921,-0.006191004040087866,-0.0024112879627088855,-0.009099293866659454,0.0031511823790066297
2021-01-08,-0.00175987771395268,-0.023297728254853215,-0.006279963009041788,-0.011022530980005978,0.005769970537526691,-0.0026855116234339106,0.0023057966702048458
2021-01-11,0.005881265298665901,-0.005162502205711736,0.0011486728743680945,0.02267599321836658,0.000986452693650638,0.001322202183493474,-0.00660550786118685
2021-01-12,0.0030982119098509216,0.0005663582649711986,-0.01662955769276095,-0.01115847809683673,-0.0069885536494179515,-2.691295508006029e-05,-0.013608435733174745
2021-01-13,0.002262519839366402,0.0011917123849165213,-0.011108567918256037,-0.011361700254062333,0.003837530685387471,0.004821993783973082,-0.01595632456337865
2021-01-14,-0.00403977569774894,0.020971561051419806,0.0011240682810398988,0.008212024815729581,-0.0035871834203213522,0.0010738089085833538,0.025566338512503433
2021-01-15,0.0013674642549886234,0.012892832466742363,0.0023890254426000433,-0.01356441259968228,-0.0018539025660019779,-0.003096044450810039,0.005475947658835963
2021-01-18,0.00524557047318602,0.003913264925961361,-0.0006235350893402129,-0.014653152003508706,0.003927282565698127,-0.0033629232089613464,-0.014562561886092996
2021-01-19,0.003950664322585596,-0.0018748257921584637,-0.0015736893628358886,-0.005652143057778103,0.0049765980044054825,0.0014312388430451552,-0.012156438871914333
2021-01-20,-0.0024783777064329073,-0.003787602919691676,0.002000230938286192,0.0006170711789654053,-0.0010263072640800048,-3.4394564862590414e-05,0.0005481307251125323
2021-01-21,-0.002771541365026794,0.011529629590756789,-0.004120737832271211,0.004930442802946141,-0.01195561054718845,-0.0015084578133368757,-0.00709876608574071
2021-01-22,-0.0035660993165501586,0.02677515452153427,0.0044510548391338695,0.02749463191831466,0.005433145236784827,0.0044252738242859255,0.003037525070166511
2021-01-25,0.006775628127639893,0.012736813384141496,0.004256657842733083,0.0037232735007250305,0.0013864748852831634,0.0016401517495628027,-0.00033946952773436756
2021-01-26,0.0018761392941089008,0.02113021999206224,-0.008647838509675326,0.01879080956433742,-0.0018808951843663267,0.004960175939765064,-0.0028177965837284354
2021-01-27,0.0020010198655739065,-0.0013416115221540777,-0.016199673804681666,0.021698933134905327,-0.0074606135210997,-0.0012974564634233507,-0.0128354683099863
2021-01-28,-0.004998023318444345,-0.005038050286572758,-0.00773762032353678,-0.018086313791250377,-0.0008299787458011063,-0.006095497404708396,0.0020985224131895895
2021-01-29,-0.0001593088675726695,-0.029857312676290552,-0.008167432795040602,-0.0005255177522101727,-0.008655868765775085,-2.287848431825555e-05,0.00046118563516824056
2021-02-01,-0.0037208984293067783,-0.002177613001526304,0.006894477024054493,-0.010223182928529997,-0.0006404291716695274,0.004755735193609364,-0.00941382798774273
2021-02-02,0.002186638882678078,-0.012177296775294591,-0.0019307933351958417,0.0027892752868262293,-0.014548979721242025,-0.0032527982750748734,0.0063147383210217746
2021-02-03,0.0012533792598405427,-0.005991102847301285,-0.010812445439501106,0.005259806628172086,-0.0030465182040352303,0.001235539487185532,0.0014503209784167516
2021-02-04,-0.0014396787349937787,0.011719776348443605,-0.004763306565522641,0.020512198229642398,0.0070209266270256625,0.004099854911473317,-0.0023424231168603133
2021-02-05,0.010538348415911511,0.006186246786589758,0.006729356376700486,-0.0035976810663646626,-0.0037037509612052313,0.006524724611807929,-0.009074892666030732
2021-02-08,0.004028455599269117,0.015212507597397673,0.009138760026471258,-0.007850552076446748,0.0009354930213345809,-0.008439399699380365,0.003929899738539105
2021-02-09,0.0035608507846616026,-0.001572942730878507,-0.0045364267016284035,-0.008071046618136127,0.007654728704326717,0.0006469591449991219,0.01671901391327453
2021-02-10,-0.001932941153696556,0.0013499722903200129,-0.004474336896281503,0.03252125621221497,-0.0009282348703764209,0.0069674619551539155,-0.005157514488170624
2021-02-11,0.00646033579813011,0.003949653902669313,0.010994771489216437,-0.019247788435017156,0.005230685649382248,-0.0018191020691096164,0.00221433221723577
2021-02-12,-0.005723579191998619,-0.004049316799043503,0.008690722088576111,0.013091282462451836,-0.008010179901740383,-0.008263264013311887,0.013862149692590179
2021-02-15,0.006674814946387708,-0.008790335325913392,0.02203829050776841,-0.0004426459101529623,-0.008989899092925033,-0.005065681801085233,0.013233985874565575
2021-02-16,0.0008682737829381177,0.017618642610310535,-0.009288688873894262,0.0026334772922834027,0.0006493495033246589,-0.0001076984286142854,-0.0034608612415448535
2021-02-17,-0.001100802035889033,0.0012191826193686986,0.0029971949884730854,0.00552484568402616,0.007057230512370345,-0.004130057395753647,-0.019357969397604407
2021-02-18,0.004417872929594772,-0.009563673349435003,-0.003061093072710706,-0.014684152497758885,-0.003025796426486555,-0.0053620519392426355,-0.00835299475704598
2021-02-19,0.002947332565744346,0.0009221488182398586,0.006264304931823364,-0.007716380128935872,0.006781019291968629,-0.0005811896559717261,-0.02526751968149297
2021-02-22,0.0016164991294964162,0.009474355837483699,-0.0036673382107546867,0.018692729454554777,-0.005091326161174441,0.002215190576105625,0.021694053953502723
2021-02-23,0.0004969243966227865,-0.0028209334500882395,-0.0009228104667422003,0.024207786304369715,0.0011294181703751936,0.007615606042108883,0.0009662856426598324
2021-02-24,-0.0022651948120604552,-0.008299694896924547,-0.000779278263247168,-0.03219610675076415,-0.0019451940622807176,-0.0013323255658713364,0.0013038498014986066
2021-02-25,0.008117297154295627,0.003945617685559977,-0.015513266554709079,-0.02179577938856724,0.0029503595295542655,0.0014342003360119375,0.011367316951916638
2021-02-26,0.004190321194432973,0.012563244180705986,0.0008611545994222794,0.01734574105563382,-0.004339934413618291,0.004020040508406003,-0.0017527284814591445
2021-03-01,-0.005441991723731398,0.004231920843831995,0.012642332744074029,0.0007139201553578809,0.009715861951132415,-0.005363065695365169,-0.008922267734485508
2021-03-02,-0.00023690600108120825,-0.004862936673787671,-0.00688773132897423,-0.0003931487434651016,-0.0037852219050664255,-0.0020093343194139087,0.002679815020616365
2021-03-03,-0.002320155874083439,-0.002659387228702225,-0.0071158549847478375,-0.019586324352831003,0.004470653121909358,0.006893283655261046,0.00695468695803922
2021-03-04,0.0016768684738898102,-0.007214158423186132,-0.0027922293641457993,0.013337739063674504,-0.014162483276287451,-0.002770458938897862,0.010905672696931294
2021-03-05,-0.004203135757220559,0.002774280673912895,0.002883982672971924,-0.018884475580055637,0.0014200796008095333,-0.0017013403343094074,0.006561652651135246
2021-03-08,0.0030291631159105456,0.005738721936930309,0.0025807271509654295,0.004496461461905307,-0.005821353632347729,0.00017613075388883998,-0.0070938572053639
2021-03-09,0.004476167908162469,0.00976286338284313,0.009447968255959558,0.02820829077580729,-0.0010471657275628677,-0.0016144393214668205,0.0002574552518441814
2021-03-10,-0.00605896565927662,-0.021160167798718484,0.002070154208647667,-0.021850691727867272,-0.007113427095212563,-0.0013144869878005095,-0.004801577789741394
2021-03-11,0.0038926205018214423,0.0021114965158046443,-0.0060704655419639335,0.011802787784665245,0.004033636127681568,-0.00527179841101965,0.002308762786899773
2021-03-12,-0.002510316096786496,-0.010283727914054396,0.016646969107954993,0.005321105032301034,-0.0010532270185811172,0.000424105254743534,0.012883984537688053
2021-03-15,-0.002456426673856022,-0.0077610139738143935,0.005049974129148958,-0.022439206977632183,0.0065468679685555435,-0.0052659762321846,-0.003017475366542472
2021-03-16,-0.006045351478049044,-0.015609510256418503,0.009309876338022136,0.018835228600688633,0.004748035347525931,-0.006429835478909213,-0.00861839277214103
2021-03-17,0.0017094945237249996,0.008898464965681885,-0.006054879393961508,-0.00964017259384668,-0.005545581480428128,0.006699383818537267,-0.007094006946181031
2021-03-18,0.0004751696056042435,0.0008487053573430274,0.011342540866553836,-0.01216833937302943,0.008585331702213797,-0.0032763426531119346,0.01423286935976759
2021-03-19,-0.006511219781630299,-0.004528002641024359,0.013575412297390876,0.01694234647858402,0.0016375081477133003,-0.004391403251751985,-0.002269054912832026
2021-03-22,0.00572760008904614,0.00782385259748957,0.01170229257318842,0.0021902900711651876,0.0007415065265585464,0.00446894292883422,0.0032632281138138567
2021-03-23,-0.00032984212884886816,-0.017282041923610904,0.007622161386221822,0.005408797195607224,-0.004196408392663393,0.0039070382986632155,0.0015743965852520866
2021-03-24,0.0014035986488606517,0.010760863053079675,0.008439891615846774,0.007912213324608959,0.00030883547969288235,0.008533764155812244,-0.007780532393248981
2021-03-25,0.0033338966806097377,0.00014782008732929893,0.005818095595706535,0.018638378431989646,-0.0015787943330759174,0.0023931768936238324,0.0037249057458338592
2021-03-26,-0.002215213993369422,0.013572045642742319,0.007981832357675663,-0.0008425708423764203,0.007852165234689592,-0.0018167809381046582,0.0031464684111183554
2021-03-29,-0.0013669007035140104,0.007941143031671136,-0.004026997010456235,0.013190092299081437,0.002985331157487746,-0.0015135113459950626,0.0224991336107161
2021-03-30,-0.0026309479143124272,-0.018258295269947756,0.0058069263721647855,-0.03407076818599413,0.00934763925993982,0.0014024619659267431,-0.02144076928836139
2021-03-31,-0.0034438698656972418,-0.02129444613999124,0.0005731734461758803,-0.02269092215124163,0.0023103806242335736,-0.0013672593126837058,-0.008793905527154849
2021-04-01,0.002387390234261011,0.008114306079468489,0.013149710742500414,-0.006451981920930692,0.002278302973032561,-0.0007866610441948902,0.004547198905046178
2021-04-02,-0.0027631684696863908,-0.006632501188965638,-0.0054715534140075016,0.0035341017842211698,-0.0012691913974350146,0.0011243381998953961,-0.002290113460331981
2021-04-05,-0.001969017914134881,0.001025874093247702,-0.009263554465027813,0.007972894324156089,-0.0028330479891553115,-6.327973309462173e-05,0.0026577345775297846
2021-04-06,0.0067562019568294315,0.00720997234449765,0.003962119291748195,-0.012266676588406205,0.00721116527290867,0.0009754800134765262,-0.020112765768797992
2021-04-07,-0.00043035532764429076,0.0017207226060691686,-0.007719009038938176,-0.0030774101136853966,-0.0006569469633023689,-0.00036793082789031873,0.01323133870340027
2021-04-08,-0.004896247839186495,0.021568717670679083,0.0006835783368616677,0.01630630262884422,0.0009196973694365463,-0.006443083952405605,-0.003930557310539202
2021-04-09,-0.0017471100719894128,0.010646033826970411,-0.012724590023157071,-0.013179508011543108,0.0012140163699630598,0.0020809780097394482,0.0033620470461430537
2021-04-12,-0.0035860327549395647,-0.020930151935255343,0.0020973200506659126,0.02065988171996335,-0.004597478795462332,-0.006218683637020143,-0.0025522862010803724
2021-04-13,0.0019262552193133932,-0.002256755257887453,0.014434309197910632,0.016246712869534812,0.0017427218323849394,-0.006971571068355153,-0.0032251971909112464
2021-04-14,-0.0018420961556510395,-0.010044466079765169,0.00043564625858829486,0.00246137752500163,-0.010549214087034443,0.001991423393211034,0.001115028579453995
2021-04-15,0.0017805701245451274,0.009280548713958567,-0.005671162853367842,0.019006824237241975,-0.0011521095414105487,0.005582807389445588,-0.010909425192192741
2021-04-16,0.0061030044057780565,-0.008336244931990698,0.02632576985268332,-0.013667035729822544,0.009419437101553232,0.0011977744069944572,0.006944416316879064
2021-04-19,0.00018789922493478195,-0.013219560718022622,-0.028533679765991363,0.029365119573618145,-0.0040150463073500165,-0.014223130362700028,0.0027494312603384067
2021-04-20,0.0031083552459390444,-0.007442635806729409,-0.006481360544289642,-0.005129581078076856,0.006817559792433651,0.0007274569934876975,0.011312745677988196
2021-04-21,0.004874890830338527,-0.0008781686427188072,-0.013643119304364744,-0.009766503355238394,0.00324741495408781,0.0005744418064391214,0.0015205936210259286
2021-04-22,0.0038036906973317186,0.007652382806272424,-0.0003691644453054386,0.007309074983588577,0.01380384103765036,-0.0043682395023004646,0.0043931550274449675
2021-04-23,0.0076780360402282114,-0.010838018515801942,0.011396439990985701,0.013736077020460395,-0.007749007408891773,0.0028088107303533144,-0.003580443688926055
2021-04-26,0.00010821605838931214,-0.004164141976995189,0.01270777786295156,0.000413282261689196,-0.0017633121660760762,-0.0012274896997163472,-0.001191230376496897
2021-04-27,-0.003968155573895061,-0.00774466823137863,-0.0007247133288815467,0.0068675433500073055,0.0056592760865848595,0.0004926221009518248,-0.006483035533190319
2021-04-28,-0.0036941726132400077,0.0014739958536492282,-0.001937303007938135,0.0006706447871235215,0.0010731330459029364,0.0018220331743020938,0.0034655616991639635
2021-04-29,-0.00033207454445176543,-0.010014715299552118,-0.006945993483679387,0.009711639652686108,-0.004038787720016641,-0.006345049009919108,0.013921015110449898
2021-04-30,-0.0034195257486360235,-0.0014780959910542118,0.00379646862958847,0.0026521305957603724,-0.01459421250742415,0.0005336758305038114,0.020063332190038363
2021-05-03,0.0034961387436369153,-0.023983814461664008,0.019642812692114757,-0.022673400084189176,-0.004479071097565908,0.003852947014533707,0.0026287577416735305
2021-05-04,0.0006713414251464808,-0.006810967884931957,0.012781792469476184,0.0007075200735147686,-0.008254923786335943,0.004784874287429253,0.0040684054929973805
2021-05-05,0.00481004076671394,0.008599858379808546,0.026204504120640827,0.0003855346425464916,0.0036487567840629686,0.00517805928964858,-0.0008448287313751353
2021-05-06,0.003560560868276848,-0.03372406387239206,-0.002960456122893327,-0.011073169750196725,-0.002085562067551847,-0.004239925499321552,0.004451900475346719
2021-05-07,-0.0016677856006381904,0.0012681051077373996,-0.000512685651485999,0.00886977739758233,0.007833390148209643,0.0009663717071623691,0.008796675851655594
2021-05-10,0.0009294824982326686,-0.00594263565629098,-0.0014728429462950144,-0.0064646235840133464,0.0033996602659941387,0.0007090081048574704,-0.01185455241638776
2021-05-11,-0.0005378518309767772,-0.018703368229263523,-0.003760305767325165,-0.004281438651402416,0.009218422353609387,0.0049967205065288315,-0.01924044298730519
2021-05-12,0.001157080199440919,0.0027651333692171863,-0.0013233655153859635,-0.0030136580207352024,-0.0014783816172939622,0.007497882805447378,-0.007133523968067329
2021-05-13,0.0017137528361047087,-0.029591328016087805,0.005672936524346229,0.01285812332824802,-0.00783648290923765,-0.003454862066894408,0.004465669318486278
2021-05-14,0.00042784302090808794,0.005368148504916334,-0.0018350350243556686,0.02930665163368284,-0.0048645591693773724,0.009502465425523781,0.014114505674908033
2021-05-17,0.0036784715509621296,-0.011046670439389021,0.009173449768942004,0.007242988060424672,-0.0119261602893148,-0.00585530853904754,0.00788960559361763
2021-05-18,-0.000183200552907156,-0.006567558646953472,0.010060298061893586,-0.012503980773364747,-0.00150141688231953,-0.0018531604081232552,0.0072092199337597295
2021-05-19,-0.00652785429247795,-0.009199511900147308,-0.019758208314085937,-0.0076177278641483435,0.0015746595445206449,0.0013865285613184019,-0.012665603667811031
2021-05-20,0.0024832944781777123,-0.0014368462150506247,0.014253096198174142,-0.0003270112290011109,-0.015611559568332305,0.0035378972979179676,-0.0011370698466486688
2021-05-21,-0.0007468032360917819,0.003291917326333856,-0.013593653142788029,-0.0009923423352068456,0.0023354453421871573,0.0011082583820922534,-0.009563487552020125
2021-05-24,0.004317740253215149,-0.010249056421295288,-0.0055800827737891795,-0.00797607942095211,0.0017614228572557023,-0.0010813844998652279,0.009508280688875373
2021-05-25,0.0015311485454765107,0.0012291375378746252,0.0034404547739181474,0.011562425360220199,0.001587468704625689,-0.006716827338055951,0.015389449564870768
2021-05-26,0.0008287023282421555,0.008140670735343908,-0.0025665288126324793,-0.02781146757513194,-0.011197274190609181,-0.003038017504917618,0.008623649043864328
2021-05-27,0.005541580043468696,0.005718854610557193,-0.007628105355211226,-0.016053004758096744,0.009416805773430592,-0.003523394332638008,0.02002445264062304
2021-05-28,0.007854173553730947,0.0285037056190597,0.009648755207503126,-0.0018598943075460958,0.006172640128964941,0.006388371571747175,-0.006873031223825275
2021-05-31,-0.004054826716323609,-0.005550849499846921,-0.009238432375727966,0.018301824114543196,-0.00600023115501273,-0.0014279200854881095,0.01265837712818158
2021-06-01,0.005469385239387239,0.004578105713798308,0.006305739574425188,-0.016523073682722822,0.008524220935392351,0.006973306920780505,-0.026080021128002426
2021-06-02,0.007401805318930811,-0.005339497430223543,0.007919656615567698,-0.0022453832403436184,0.0012892699964139856,0.00031109268229284734,-0.013489405729235425
2021-06-03,0.002445318590431812,-0.0026508142779848864,-0.01206862402669848,-0.020880267430203756,-0.007086757651715166,-0.002157188497513007,0.0032330884185230112
2021-06-04,-0.002694481091357263,0.010342861344751769,-0.0008773409457718639,-0.0005779198952748182,0.0005313019302282108,0.005681757503053486,-0.01479358870168466
2021-06-07,0.006775488590231368,0.014423018348375267,0.0036104711659736186,0.01867177712563044,-0.0003696371822459138,0.0020081843347774663,-0.004480177914397261
2021-06-08,0.004015912736461845,-0.006601398281101855,0.00013410986468426813,0.007434076946697255,0.006022114880177934,-0.0028155358937509106,0.006696189598901591
2021-06-09,-0.0037779525992990516,-0.02722960222541968,-0.011478840904684522,0.007480144901844233,-0.003581520330844723,-0.004382576542479028,-0.0017768131420330473
2021-06-10,0.00023959897206249627,0.007468671076352784,-0.014863032855375394,-0.0032881175571425614,0.0003853903161048746,-0.00541279827301828,-0.015536651407321569
2021-06-11,-0.0013088382347776722,-0.0005053389854848859,-0.0003179881074743693,-0.007549219142771883,-0.0031698420970480237,-0.0015095574104810113,0.004989979861499985
2021-06-14,0.005128499584911548,-0.024053004145112328,0.005210437875765,-0.007736196619422891,0.003134688390020807,0.004818558858210148,-0.015430567294498406
2021-06-15,0.0039272305153790175,-0.013128518676778748,0.001150028686580844,-0.007874119411945275,0.000598854093732492,-0.003548174765217777,0.0028895941051025583
2021-06-16,0.006495168890618959,-0.008625032117279207,0.003085106775209632,0.0090429364317343,-0.001386086713887341,0.00537392181138958,-0.008379846164676505
2021-06-17,-0.0003151802664766983,-0.01194234660308078,-0.0001143150609297728,-0.0016724803383781203,0.0030738387082101934,-0.0026175879682569436,-0.009094071892958102
2021-06-18,0.001999974252742367,0.017459082357832015,0.008761351487788659,0.033583065004091875,0.003914149087958703,0.002671204223370942,0.01216243042134862
2021-06-21,0.006102701625222033,0.0174115235923041,-0.006706202890859401,0.011256670583637914,0.002668190894101487,0.00011785847236620868,-0.020303719696282543
2021-06-22,-0.005810662893022411,-0.007296406463359245,-0.016786761391682885,-0.007423528318428823,0.001987372069791514,-0.0033923004498099536,-0.0012380667636090598
2021-06-23,-0.00392982120749485,0.0014187383785709301,0.004111311716452911,-0.01853217586943991,-0.003408744031431696,-0.004465387205401626,0.009542099463460657
2021-06-24,0.0010060282922715264,-0.0004945816234299162,-0.0007255659226064551,0.004164362256908435,0.002012199341921894,-0.0017389790732334931,-0.007372192558801785
2021-06-25,0.0001140184824137398,-0.0025572508215186474,0.020216460825707248,-0.0016937620857705804,0.0034186584652708216,0.0030844979010108075,0.017800137647631574
2021-06-28,-0.002894748506776092,0.014233771676353467,-0.0005840054445683067,0.04319709826715291,0.0006523288933593518,-0.005536029703189953,0.004905280408389885
2021-06-29,0.005695094132653881,0.0031727009101595,0.0018750803716435427,0.008947864697510646,-0.0010704996686229653,-0.0002758901436599306,-0.01089384910824412
2021-06-30,0.007265304734091555,-0.011593482328585973,0.0030277343771092815,0.0016632611004877293,0.0005304947154898679,-0.004388033763094197,-0.01359883640678454
2021-07-01,0.0024400742048777476,-0.008512145456299535,-0.020182696652472867,-0.0019156340221333622,-0.006637722955445676,0.0011090784672744916,-0.007391631550856305
2021-07-02,-0.000649252436704441,-2.9894600925202674e-05,-0.011117319744979249,-0.01508692032838439,-0.0015841151693766406,-0.0045091447042186865,0.007346179753101385
2021-07-05,-0.0008795197641836134,-0.01794973983451625,-0.0074600741695232545,-0.003267180247428464,-0.0041884809959151165,0.000350032564199569,0.0031708536547966036
2021-07-06,0.009956831125019,0.017774562526727742,-0.010603958638296898,-0.010342795682899418,0.0009211479932019595,0.0037985849335088633,-0.014988282371077867
2021-07-07,-0.0017750152974350302,-0.015920248363172917,-0.007955308708754539,-0.012800747941974154,-0.002982595973116853,-0.0054167266885649275,0.009514321649482535
2021-07-08,0.002238861353997603,-0.016539277539389385,-0.0005554825232966464,-0.02900388068610584,0.008538118965553433,0.0072069440486079795,-0.009815012538198725
2021-07-09,-0.0030605913274666095,-0.009615805257968556,-0.006233361611096641,-0.0032799442814302046,0.006680277647442308,0.0033360053025382904,0.006672658157809469
2021-07-12,0.001032315214916445,-0.013579683003085992,-0.008430225815835793,-0.004364418229992883,-0.008015084285902805,8.940508571751122e-05,0.0065804087145659535
2021-07-13,0.0025313883846400475,0.0067753062885825225,-0.01647454771535747,0.016647465817893344,-0.010228815256773837,-0.0018532595113160285,0.007907123109067788
2021-07-14,0.0017843945864013631,-0.014715079537030738,-0.011526220355336693,-0.0022531054574104715,0.0015790695588688418,-0.004972071210518522,0.00048700784514433697
2021-07-15,-0.005711112859665158,0.004480418406136986,-0.009781468252997118,0.0031212385866880425,-0.0017979549589122138,0.003607087143091685,0.0029265851064134442
2021-07-16,-0.0020464149073235443,0.0029879131235936713,0.020915871654911895,0.01827175939490758,0.0005367233190034331,-0.0026070458757794846,2.194183182538502e-05
2021-07-19,0.00306998018643916,-0.009485388243785439,0.00025401921721259364,0.01871279946027804,-4.5016743893932934e-05,-0.004677333535996405,0.024983625041061913
2021-07-20,0.00739981522235294,0.008918474503922908,0.016145443429133943,-0.0027870750101032194,0.007489305681868745,0.000845555797084131,-0.01523068303329672
2021-07-21,0.010717722842344717,-0.012222054890910133,0.005340796676682933,-0.0029195607121269428,0.004467559219458492,0.0008494039771125586,-0.006689348255746509
2021-07-22,0.0009036486637052704,0.005742413746298356,0.0011586464675121054,-0.0001552292082252323,-0.006855629697800528,0.007861567671275655,0.006016732860091429
2021-07-23,0.0011856296565470564,-0.007232797000850386,-0.009979777348134475,0.008843646566607029,-0.002306996121123759,0.0014473428827762578,-0.01842168177666058
2021-07-26,0.006537438711561864,0.013278485563274307,0.003038074482664297,0.006848932189359562,0.006220709919318276,-0.003572102674778302,0.020080272160257814
2021-07-27,0.0022830500330849033,-0.007683769352827442,-0.010582346271914194,0.00994687604585271,-0.00013248949245488455,0.0010576968137036777,-0.0035059704440952425
2021-07-28,-0.0036609872909807357,0.0040294290161111525,-0.0024345204310157564,0.0020132724724857905,0.013391945513282719,0.003932680079933606,0.007959649752571943
2021-07-29,0.011232126516236188,0.009259601900728982,0.006100136352417242,-0.013735899964181862,0.0009730617866882988,-0.00559850273798724,0.009106071457435552
2021-07-30,-0.004717699825729323,0.008229822994611263,-0.0008079733652405121,0.0061740823492520015,-0.0005638374153389476,0.005138330964321828,0.015427028054145683
2021-08-02,0.00023443401623950426,-0.010918001819116927,0.008203646819645492,-0.015464614244412485,-0.008108903005746206,0.0020204243476684004,0.014111542218951523
2021-08-03,-0.00127034573473219,0.003870142711686121,-0.0038105648114991476,0.011809094877299973,0.0057094113373074,-0.00102812032874855,-0.01165209404385215
2021-08-04,-0.005478140623300231,0.00815994008758301,-0.011782860010486588,0.00776454454837686,0.0031033829691486103,-0.002564006242094743,-0.0004167588369960587
2021-08-05,0.004346186278050671,-0.007990330071349517,-0.00811103727493717,-0.009674400847478618,0.007486998658755771,0.006719816304456679,-0.009712745902825642
2021-08-06,-0.002498495413685642,0.011143093103113738,-0.015709011083063263,0.003763992274789434,-0.0011432602916895567,0.004402657041230243,0.014602600754096386
2021-08-09,-0.0034201260133776613,9.282585461039614e-05,-0.006440844944249698,-0.004082554004623138,0.002943690973721484,-0.001466790786398122,0.00182273595505096
2021-08-10,0.004179100627002422,0.019499322339313455,0.006569601724658172,0.004867782969862386,-0.004023650515704693,0.0073506023011022026,0.00761532208194829
2021-08-11,0.0008949022007581646,0.0010542485889779413,0.0041992858098558,0.012680835216617389,0.00528287107585973,0.0065973134050685564,0.0009044029171625218
2021-08-12,0.007366826804542593,0.01550663202485838,0.0037558924271588155,-0.026148422526155016,0.0043714850812084155,0.008641154722482341,-0.013017570635914428
2021-08-13,0.000679851620631691,0.0019086286032369624,0.009921861241722977,-0.0036526532565654846,-0.003649087848919998,0.002855065239419398,-0.006666671866265778
2021-08-16,-0.006992044352349493,0.018330709421383012,0.009057204631806148,0.03909946645108944,0.004279774609724562,0.002425417896804751,0.011685819830828748
2021-08-17,-0.0003941154515989987,0.005540904010768595,-0.004691640098575664,-0.016373444038993667,-0.001006902138497574,0.005499986837005093,-0.01628735022823916
2021-08-18,-0.004516081809634773,0.004625708934520266,-0.004780990091188048,0.009937435579547575,0.0046949298244835964,0.0014524332968068974,-0.006820418096366326
2021-08-19,0.005481751270761968,0.010913993048936586,0.0034944070443161447,-0.0004931708312402652,0.004179787866843117,0.00030261595111738136,-0.018900535846187696
2021-08-20,0.003350640362003871,0.009345418636646776,-0.020189962378663526,0.003030205189322125,0.009683371223324789,-0.004034827491105653,-0.004924064833606543
2021-08-23,-0.00037793153131160715,0.019171953611232216,0.013206252766510232,-0.006431755040218414,0.004782141599205206,0.010873976573918195,-0.006102481096984494
2021-08-24,0.00030538472594059335,0.005872295616194347,-0.00498451549184665,0.027172674412266326,-0.003857017855385376,-0.006216381042940111,-0.0017408375694958676
2021-08-25,0.0029620885074830025,-0.008494294535425672,0.0032624882957059255,0.006111577740943733,-0.00700565932596119,-0.0025476919925029196,0.005054197633876927
2021-08-26,0.003159657420152338,-0.0053279233803134865,0.0021965368307090166,-0.006763361434243863,0.00500041485758543,0.002801500095833839,-0.008007220545871205
2021-08-27,0.0022637813853234262,-0.0042339686392800354,0.005018825610718824,0.006367686325415262,0.014046800347947926,-0.0002462002023648609,-0.0046350508455842085
2021-08-30,-0.002238934491950861,-0.013618678398460267,-0.006427173691832147,0.0073801162437345915,0.0023238121580632593,0.0001226338918303749,-0.006221751756716785
2021-08-31,-0.001623506110900925,-0.01196556668981927,-0.007031232478819141,-0.023211434097512338,0.007569891836963145,0.007364466030244172,-0.030109001061435162
2021-09-01,0.0015070581671922665,0.0035559549149265447,0.0031823827941278916,-0.008594195237263529,0.007237082537164945,0.0028357997353618118,0.009689577337696762
2021-09-02,-0.002600057136536558,-0.017937926061582975,0.001723113438097585,-0.01658834657416831,0.005652892264948826,-0.00809253236275577,-0.006424635040618686
2021-09-03,-0.0021136950896233314,-0.005252051122405054,0.0015568879330590197,0.006708437244740143,0.003019577083102353,0.0026974198770533084,-0.002923930054677469
2021-09-06,0.008784843805589169,0.020052424490587344,0.00224359264322929,-0.002674831816786228,0.0011844581609347369,0.00339339914993088,-0.011664865227096907
2021-09-07,-0.0028081597128986465,-0.027335309850006966,-0.007537145653987311,0.010915825805066573,-0.004099831741969012,-0.002534098958638505,0.0005137734199863865
2021-09-08,-0.003658962259128843,-0.001704020121127587,0.007606624300617543,0.00836359771165568,0.00540420936999672,0.00505374556418131,0.007683907927231614
2021-09-09,-0.0025034770137941035,-0.005566960154464068,0.017769387392589705,0.00947131718789259,0.0014614198643456055,-0.002937617991669005,0.003604725675862478
2021-09-10,0.0032155032992669816,0.001265601453667448,-0.003647451887032627,-0.0069327162846891145,0.007676020189664496,0.003521869891563403,0.0014477464632182992
2021-09-13,0.0021135340668127786,-0.013442162477101,0.002155370998035586,0.013197406741474208,-0.0024082556677204985,0.0031065449050911914,0.004035567715189737
2021-09-14,0.0036607017161211894,0.0018941290108365314,0.01034785996040027,-0.021991681761248105,0.002943135927581524,0.004621370584923848,0.0013610555556178361
2021-09-15,0.004732508319290446,-9.174128095000884e-05,-0.00357553912876209,-0.02904065121106214,0.0004098153804943782,0.0032561166877972795,0.003892296094943793
2021-09-16,-0.005246759816416526,0.01122580970677287,-0.00978474653315179,0.0010649863702098597,-0.003963656860470026,0.000999206002714618,0.003418956205602892
2021-09-17,0.0030618826960730574,0.022895674565627872,0.007644613587986347,-0.004328896257890571,0.005666551773028661,0.009669365096192031,0.007234553380049503
2021-09-20,0.004132786257391601,-0.017404325546575387,0.0035058128758742057,-0.009171491999642541,-0.003604821505553089,-6.039160158889876e-05,-0.0018372112225429115
2021-09-21,-0.0021475754128544677,0.0009120768108537867,-0.002044133827519185,0.011846802064917793,0.0004995138480847782,0.0010108722314251203,0.011916479769656
2021-09-22,0.0025698303762942605,0.0007267307500141023,-0.01928229072466412,0.0020307159572302107,-0.006344800806340463,-0.001316548921459978,0.0017444966022508613
2021-09-23,0.005682132758001609,0.024057199142545848,-0.004304770448854514,-0.019941168038912705,0.005138589474598167,0.0032444372016418497,-0.0156021518555682
2021-09-24,0.0002835877847424666,0.0068594821040235615,-0.01096276147699106,-0.016843328091417562,-0.003111350464746556,-0.0005887103428968628,0.006932116171606902
2021-09-27,-0.0009559267753030721,-0.00013137144041452478,0.021949552767487793,-0.009060092291803244,-0.0015309624542307473,0.003920808903999345,0.01461420932899806
2021-09-28,0.002009208679586798,0.0220086592506054,0.006416858629802883,-0.025906170269085586,0.004304833216889464,0.00036526712954025977,0.0177728542646385
2021-09-29,0.00420850831464207,-0.017324150283103537,0.012983239518102372,0.011801775794157403,-0.001790111468075223,-0.0003190840457896664,0.015448248462103863
2021-09-30,-0.007536072306960254,0.0015355971447712862,0.008685162627443135,0.005377702257311664,0.0033827483246286066,0.0004034162072490636,-0.00501063585281364
2021-10-01,-0.0028861301825164267,0.006790248094582217,-0.006176895781494378,-0.02210262531672123,0.0015110736557050158,-0.0013639796208424276,-0.013759369021098831
2021-10-04,0.0006369906291130603,0.00903229808619163,0.0016446132359054142,-0.01471533205301704,0.004524506214238203,0.005334636558336339,0.023512428899701607
2021-10-05,0.0061173941440849505,-0.009532499094978641,0.00962752907151696,0.0008489877734959446,-0.0055165850682579965,0.0015048404354295196,0.021119324096532967
2021-10-06,0.005133471791155962,-0.010071259864296444,0.0009713163180228455,0.0028927016970812817,-0.009843112766751577,-0.006957855821543484,0.003316196427195116
2021-10-07,0.0010207022956709236,-0.0217143695309441,0.0020332590217009483,0.012448385351713902,-0.002850658435740086,-0.0008681958655922367,0.004676272158803096
2021-10-08,0.0021061225930335994,-0.019206682647670725,-0.010015660224374119,-0.013570814215720258,-0.005945029812523045,0.004744571821064684,0.0005840050678109648
2021-10-11,-0.004088915494732295,-0.004740429722247279,0.009489568750130278,-0.006328170271985018,0.005277212922302098,0.0058728162678905555,0.013037710463474466
2021-10-12,0.0010716188333836003,0.014967183541231131,-0.0028852702089116155,0.0402560889883771,0.0005283462080157939,0.003948572930083309,-0.0018609524894313406
2021-10-13,0.0023476643756778787,0.007146722901134261,-0.0073048350417817785,-0.016546814902375147,3.4830797579959234e-05,0.005028564238174166,-0.024371431863243597
2021-10-14,-0.0011014014143789432,0.014687512719373427,-0.010582898372740504,0.02050135607437215,-0.007386443805725098,-0.004444551344080465,0.0032378896747785883
2021-10-15,0.007843859691725507,-0.004420981292753124,-0.014652364325168261,-0.03067096852804841,0.006730416989737145,-0.003973098603020904,0.0057598949921816205
2021-10-18,0.0006291641567863226,-0.0004572503963253293,0.003327364694324365,-0.012080695579601857,0.001897999597874933,-0.0037761795963817423,0.01611482898747404
2021-10-19,-0.0037591937608129878,0.0031578582442794525,-0.010767998934535247,-0.008032303353535388,-0.0027965816983631445,0.010953598581806683,-0.003826032837921615
2021-10-20,-0.0029361294572672384,-0.006953062163676356,-0.01620498984920873,-0.0060726476229296346,0.008991597243032955,0.0008009894598977309,0.00451354575076086
2021-10-21,-0.0032897859334981416,-0.004250393126854154,0.0007215959395094013,-0.010015247932481354,0.0022812930425241996,0.0025127163185080337,0.005002724924433111
2021-10-22,-0.00025433499789139885,0.012470881197788481,-0.0009950639593168165,-0.00301182236633053,0.009398761303888812,-0.003035845568747281,-0.018638090104807586
2021-10-25,-0.003121276112639376,0.002832265517393764,0.012129937452242662,-0.004971696632845244,0.011654732082186339,0.001516086523294382,-0.0006338312672701616
2021-10-26,-0.0030497631874883933,0.021421456373360098,0.00011835555430910431,-0.014602070977197946,0.016142725599503305,0.003653765807778006,0.00830544066522784
2021-10-27,0.007076261902832809,0.010116928661684566,0.013220994606826419,0.0019264212341399698,0.007109093970468291,0.0020572023856735163,-0.0003160629121177003
2021-10-28,0.0008288685225929049,-0.004692419460522916,0.004961959086745093,0.007568001705702743,0.00475434320693494,0.002779059111937994,0.021333931894633406
2021-10-29,0.004560532116397454,-0.0007641579419900784,0.00610285807093975,0.020596482730679686,-0.0052336865783065845,0.007637906148397911,-0.009488564687204395
2021-11-01,0.003951112826375928,0.0014987998311132842,0.0012096609245640612,-0.0219114138305955,0.007279337474561939,-0.0032657023787453746,-0.018836721604079436
2021-11-02,0.004988826569891382,0.023119763884452412,-0.002143201765552429,0.01677726298760626,0.006075644878209942,0.0009264372395388327,0.01633219124314431
2021-11-03,-0.00030449076638031336,0.005645628765874971,-0.011517980319477364,-0.02023594630507652,0.007345890304317947,0.002933593877469014,-0.0063709407853791925
2021-11-04,0.007981404651885649,0.025744313477176723,0.009963421552444594,-0.019697476569431327,0.004195019909879666,2.04453440169815e-05,0.0027790615388951488
2021-11-05,-0.003395200370006431,-0.016077637539290937,-0.02477612657413526,-0.0045493849545873485,-0.016496281598934823,-0.004099999776787637,0.006362852247807151
2021-11-08,-0.002538391774998223,-0.014370430787850628,-0.0027971886553446543,-0.014909019718018437,0.00042095244008726117,-0.004312784291973698,-0.0025992985996659843
2021-11-09,-0.0010356872176120959,-0.0009602505280763071,0.015843924234127026,0.0073036875875866925,0.003808747313424346,-0.0016074349786082613,0.006034702053080879
2021-11-10,-0.0007492171958693693,-0.000342798350344575,0.00633726511113267,-0.005874250208234772,-0.0014587332472503042,-0.0014083197403002934,-0.003748055461375474
2021-11-11,0.0010429430877314575,-0.004206545395243827,0.014824033292224075,0.04368574957597061,-0.0041887203374467346,0.000372003234385375,0.016881067142774375
2021-11-12,-0.0007129995699539982,-0.012476038991797403,0.015707291558639938,0.012338809102088295,0.001744526289928882,0.005653532281225294,0.008579626029346482
2021-11-15,0.00015825925697060135,-0.011873262874980944,-0.005817192658565347,0.014860653813763738,0.0021499495626147733,-0.0016536396621093976,0.017976351163644676
2021-11-16,-0.0002788871108262561,0.011233149724105244,0.0035445743905516323,0.03325038099889324,0.003912120667617335,0.0001668160757564174,0.0014790358621366692
2021-11-17,0.00028850980359531664,-0.00883395557953453,-0.014005497100109638,-0.0004719582548038887,-0.0045779797582334225,-0.003202102999121387,-0.003187786615631312
2021-11-18,0.0005588944063810328,-1.848735487786592e-05,0.017477315311528716,0.01413626982956189,0.013187227765891256,-0.00028732814255451637,0.010250262961545959
2021-11-19,-0.0011836549551686912,-0.007547541782672967,0.020082721734922464,-0.007930726020586764,-0.011415336266663871,-0.002440133024580328,-0.016835597021483774
2021-11-22,-0.0034553098958250233,-0.012099793576918701,-0.0018384642537111078,-0.032644848264444096,0.007241222699477167,-0.0065665485103658565,-0.00365625012125348
2021-11-23,-0.0009466232958793919,0.009008675464365746,0.004374102150870054,0.021814342146270285,-0.0021618642828381794,-0.0019225999340586122,0.009698468155179264
2021-11-24,0.004466820383114613,0.011441372914079102,0.0061123519414114195,0.004770639065912162,0.0016457303880398591,0.0028351310026293705,0.023938502823318313
2021-11-25,-0.0006202965583900464,-0.0049610283916372315,-0.004807308805404386,0.00427443269876662,-0.013135978499531631,-0.0017709284666675312,0.012294998835365953
2021-11-26,-0.001754929753323524,0.001067895513366163,0.020477981317113793,0.011276366697914729,-0.011870518658822608,-0.005417262808257379,0.006992809686175453
2021-11-29,-0.002865313680657448,-0.000420319254978498,-0.0036099653514782538,0.01881803928161927,-0.007802530683349433,-0.002122955042016749,0.006118009515936032
2021-11-30,0.0017145420381817398,0.0021557724641161507,-0.022585250531158656,-0.004658266610738786,-0.001902382260561103,0.00261990536099983,0.0030226292876560745
2021-12-01,0.001313381054524943,0.003948972213028545,0.014371721022863625,0.021318976799049736,0.002345849166486838,0.008880104824878924,-0.006372812695025784
2021-12-02,-0.004391787250388608,-0.002462375609112357,-0.005106369927788836,-0.03741620150033088,-0.002980727778834396,0.0016654393194042243,-0.0023194415118020693
2021-12-03,-0.002755855352529379,-0.0010954661771400808,0.00044629995623357674,0.012590498701534737,-0.004592769651970086,0.002592168522183825,-0.010752181847379985
2021-12-06,-0.001663513969000367,0.019051182429194687,-0.008250516772588803,-0.007428896347924761,-0.006340142007191457,-0.0029622523402024225,0.005729737371779485
2021-12-07,0.003176178003136659,0.0008506449190157566,-0.0017969655994124786,-0.021376683986407546,-0.0026144512943121244,-0.005095730493180691,0.008431812888329957
2021-12-08,0.003574302870488088,0.0007710473177528591,0.005834224780033559,0.013083990878244101,0.0011628451377286735,0.005812777694635549,-0.012997134767329438
2021-12-09,-0.0010446852705715073,-0.006377008398804891,0.0055682874991108584,-0.02158111196400526,0.00949258792466158,0.003423017253952948,0.016205604184885952
2021-12-10,0.00018771463932175142,-0.006802146559951349,0.006020673879830359,0.015977219795880338,-0.004689206541472223,-0.008260635979135806,-0.016204606930633594
2021-12-13,0.0013955429706943902,0.018543663361535463,-0.010023051436733252,-0.003728789046875197,-0.0010167762156554217,0.007970206756243579,0.02395271182982421
2021-12-14,0.002047816058780708,0.011218101655507656,0.010674770129105187,-0.016262069742753345,0.006938262241178273,-0.001723308176130301,-0.0003557491448346241
2021-12-15,0.0049089624270233275,0.0028117324309728654,0.012971083521587113,0.020987189815060606,-0.009079410255942135,-0.008208583763624102,0.020559213916583514
2021-12-16,0.005159644509933443,0.0050086258502852555,0.006329166340086863,0.013388664424616972,0.006181804125499517,-9.512312774205228e-05,0.010765901232903054
2021-12-17,-0.0010358969232564666,0.0020658982709729945,0.002105073631438417,-0.011814125655901887,-0.003386916261050604,0.008985842298532306,-0.01180646803939396
2021-12-20,0.0018298416911057558,0.007344799457044339,0.0011211913045447962,0.011099832944508578,0.0023891208118041246,-0.0028800766033310154,0.008059274348490209
2021-12-21,-0.0018288324997970478,0.01947124328094802,0.0059841528690994725,-0.004490912895472095,0.003913567430167514,-0.0021206778015414153,0.007651769709571398
2021-12-22,-0.0005527939798840044,-0.010416450285061664,-0.009283412785607006,0.03382394274418546,-0.0024871068481965965,-0.0036073405616181098,-0.0067217696569652945
2021-12-23,0.0022346703011774213,-0.0069271719602701145,-0.010496536405913906,-0.005675320595908028,-0.000769664351905447,-0.0019431754962627324,-0.013509333367897378
2021-12-24,-0.0012138912903513505,-0.006475635689551135,-0.006805525525395147,0.002087659543058584,0.011806436436060419,0.005186494690982982,0.01610763473050935
2021-12-27,-0.0019207723322664377,0.01864705703387677,0.003885977806067101,0.02106926672454275,0.0030892998302774963,-0.0008395349073427499,0.013468497276822696
2021-12-28,0.0022897282760963515,-0.020305311469453764,-0.0024195598784954612,0.007600448187268921,0.00017675500219114008,0.0009799842773504227,-0.013029745687358686
2021-12-29,0.0013748456282463002,-0.0008818539246880486,-0.0013842581059362782,-0.011834739910852259,0.006084333572349719,0.002196376645083297,-0.0006263911676620657
2021-12-30,0.008553164284734535,0.00911266650756628,0.01580492478201596,0.004880895287000461,0.0010235480582136641,-0.002114569547712769,0.005391154698132222
2021-12-31,-0.010303991445393231,-0.0017616522156409936,-0.00020218908005842758,0.0022014197638845065,-0.002091639667920868,-0.005848535782692648,0.02150311233987495
2022-01-03,-0.0009990080400684664,-0.012340188580224266,0.003929509049331548,0.0007882408649447557,-0.002595987214674204,-0.002220254283013087,0.00045709786301919507
2022-01-04,0.0057332807048148075,0.0077932710863108075,0.0026369568456623793,0.01209844628360917,0.001311648693245188,0.002355411930810175,0.0013031748556010744
2022-01-05,0.002709129044299089,-0.004407830322345531,-0.010506392399244524,0.009125110046476936,0.007690557889770166,-0.004339872195627543,-0.0013291916603983599
2022-01-06,-0.0014454863680857103,0.009472650371267769,0.003233614732733826,0.05514217585168874,-0.0035825318607531657,0.004619947054762296,0.02353412658945696
2022-01-07,0.0024843965061580706,0.0012004377156959408,0.0021278531685543405,-0.0005242655858267678,0.007379975003339741,-0.002394739850382415,-0.002790540262616292
2022-01-10,-0.0007787473582129968,-0.02118791290475277,0.006120065575807035,0.014198684375555744,-0.0052396192422856005,0.0027364181249722223,-0.019048162009673863
2022-01-11,0.00044581831224056213,-0.0016548424519872366,0.0010832578571886695,0.0009610191773344319,-0.00027568438233505977,-0.0013707299880560376,-0.0007802687659453102
2022-01-12,0.005802901996644522,-0.004612268231852211,0.02375626208697647,-0.00845143867958521,0.004433745636144256,0.004340900709932789,-0.004036559478592819
2022-01-13,0.005879470129317299,0.0087567678349567,0.0011181035917843473,0.019894233188291022,-0.0051491839836664485,-0.0019981790086823223,0.009063119925282203
2022-01-14,0.003555875719972802,0.005070297573332121,0.0007214560929906517,-0.004770797887030478,0.007879531178723288,0.0022263693941177187,-0.01276100174757671
2022-01-17,-0.0035696210765417445,0.016332244721820596,-0.006388692294445298,0.008528200070539659,0.007643624467864641,0.0024432550877409014,-0.007624434434826045
2022-01-18,-0.003912789076891213,0.020406556399168562,-0.009218057466557013,-0.003956172457772381,0.0025850610699304703,-0.00041048618610000357,0.00923566736332399
2022-01-19,-0.00572110684882101,-0.005088209730735985,0.004269996433957892,0.014392984029651687,-0.004678283106031751,-0.005012838785480853,0.008222391034811259
2022-01-20,-0.005099866988253617,0.012924465378688871,0.0013304802254376585,-0.004465663999929434,-0.005478176530627196,-0.002353379343233577,-0.011555940203695202
2022-01-21,0.002129122465548639,-0.008584562708723152,0.0037245652432589538,0.006792522191401789,0.005461432438672437,0.0012275612527444892,0.010713475506872036
2022-01-24,0.005694459065312413,0.005608516972542725,0.005634476457164305,-0.008983502149822862,-0.0034527599871346844,0.00612810784307338,0.005854980222741708
2022-01-25,0.0028973248103459012,-0.005722030351362919,0.016286796411108046,-0.0019708923102644826,-0.003027354654726824,-0.0013809242234229305,0.020784955861481845
2022-01-26,-0.004294204392112803,-0.010861374973364781,0.02587714379582724,0.021613658278485784,-0.004396703061406317,-0.004489277278679032,-0.010363931275288093
2022-01-27,0.0005384577988111066,0.00886221096319731,0.01607238880258508,-0.023596386069680494,-0.004373622023569418,0.0013122566575710527,0.03613539882950999
2022-01-28,0.003693621083353994,0.006067604400847134,-0.010097583467828975,-0.035739772119216584,0.0022736262898050597,0.0010166913116652337,-0.007437136179280144
2022-01-31,-0.001371739426011242,-0.00951342794098312,-0.011018959865598964,0.0183340147051374,-0.007597891129953835,-0.0029852232440008455,0.00032856164720369954
2022-02-01,0.00297513016861557,-0.00878501644510761,0.009648319293426558,-0.009659628463497475,0.0003238651061719804,0.007126438980939595,-0.014022236337791613
2022-02-02,0.0030336278610575257,0.013266565886603191,0.005514633700254052,0.0008809259098217474,0.014218721984006602,0.0019593624023226653,0.0013713217683093567
2022-02-03,-0.0011961113020882144,0.0012367246665155628,0.009240716450527998,-0.0006225854082922256,-0.011355408128281225,0.0018512709998084152,-0.007572088044601614
2022-02-04,0.0031175150412777247,0.0013696564912873371,0.010455836583259659,-0.013248766125263116,-0.0008914583382827234,2.7102742087524987e-06,-0.01567616957537886
2022-02-07,0.004595694727592413,-0.01723385262305102,0.010427302121261466,0.0034873943621132647,-0.0008077683047040126,0.0015094033265205954,0.0016853283359875048
2022-02-08,-0.0014517166516531568,0.0028665520788908098,0.007051203718366525,-0.011060925721108913,0.0032710454471239175,-0.009120989999439303,-0.01751232154941507
2022-02-09,0.0024081136627978395,-0.0038910802463548648,-0.0079577849367963,-0.00439049933146395,-0.002467505672571352,-0.004033278034264702,-0.01961185822263699
2022-02-10,-0.007722654484864206,0.005272535596509493,-0.006040996846191586,0.01962831069938601,-0.004550655883739723,-0.00012459047007142135,0.0033026860268242607
2022-02-11,0.00032778747101962853,0.0012338146353261736,-0.004082347079761944,-0.019498446015469777,0.005363414494066253,0.007027102886673034,0.0142622335092317
2022-02-14,-0.0020630865601349957,-0.009644394382149373,-0.007108691810423829,-0.004649320460770213,-0.001431381156109282,-0.004588122823861992,-0.01715617394173057
2022-02-15,0.0003497698503074464,-0.04174571450706001,-0.005364550164662624,-0.023953681088145093,0.0026631920242044123,0.003077663088303729,0.0018747952530489976
2022-02-16,-0.0012357918557417999,-0.014041220056097177,-0.009868501207149749,0.0005288283777812971,-0.011315312186191265,0.003633464020123505,-0.005833913296581337
2022-02-17,0.0021507009419328743,-0.020184951863806738,-0.010523900732813993,-0.03684901868024144,0.005989376892892439,-0.00019985806128844646,-0.002210958891322971
2022-02-18,0.00040365552199009324,0.005722243352683029,-0.002508478900120442,-0.002349532872412646,-5.811755828794533e-06,0.0018995009518944484,0.004994344116715589
2022-02-21,0.011395782678935514,0.025061496802501273,-0.010950385546954527,-0.005944570443793645,0.0005621883705222313,0.006748468338047006,-0.007559724008139303
2022-02-22,0.002007161313388562,-0.02684173576223695,-0.017054345547268247,0.022391318869616914,-0.003539606279657171,-0.006357369498267506,-0.0011767503186478113
2022-02-23,-0.00406224897702641,-0.005207511061220025,-0.016084163309257177,-0.014263514334455251,-0.0037838512959081044,0.0032746123715255812,0.002121512613487672
2022-02-24,0.002704104125306352,0.0008935430999258482,0.009090441244067923,-0.01226916138217256,-0.002285872981690894,0.002644445161040044,-0.0026473008956679443
2022-02-25,9.461643347584374e-05,-0.0019222622909596794,0.012154387652761306,0.023229659480799175,-0.003729811031178736,-0.007030757109393126,-0.001285961446932103
2022-02-28,-0.003437851798256145,0.008303536244206182,0.008850264936668881,-0.00973896839632001,-0.0029443332232215614,-0.004974758181996573,0.008052617163142919
2022-03-01,-2.9666271124103552e-05,0.009331478969141386,0.005923350575619162,0.013262697793798404,-0.008308860109282574,-0.002497680726039165,0.017364460775841705
2022-03-02,-0.0020043112060415397,-0.020229261296682035,0.005113481540043521,-0.010100285238474423,0.0055789368636379065,-7.404947132474195e-05,-0.006056731841005503
2022-03-03,0.0056027806043529825,-0.012951279094822818,0.014523697933748045,-0.011772498731130959,0.002799523143496556,0.0019754210254356004,-0.007367886618612779
2022-03-04,-0.0028984602867015022,-0.005709456663266615,-0.011465235360832902,0.028752632478129612,-0.005761216698161984,0.002331692592942187,0.011935069951769814
2022-03-07,0.001601723492442099,-0.0009064567312020339,0.002368949806000202,0.00884009268532981,0.0006794724610576986,-0.005907514861298989,-0.018267577800153884
2022-03-08,0.0061859717575704146,-0.028492699933130028,0.0008839555049851512,-0.012187846454135275,0.0007425804022373181,-0.00443626844207029,-0.0013777725679240676
2022-03-09,0.0009740683119016955,0.0331781262287188,0.005243716977027056,0.028719912250973898,-0.007117434954730627,0.004477170390424825,0.010791154335652631
2022-03-10,0.001228958107840622,0.0038998525271962455,0.017596505544216965,0.008730578034410616,-0.0029359848305733566,-0.0015449868163101373,0.015132558763138482
2022-03-11,0.0019398274260650043,-0.017302484983096948,0.0038422211743683048,-0.01994374317784341,0.0031103515363409043,-0.002548579349046272,-0.006317092083025877
2022-03-14,-0.0020292406412529243,0.017090091498094942,0.005180639689048473,0.025889251453717076,0.016947520269674127,0.0013017243443961288,0.01932645141904096
2022-03-15,-0.0026478314055533455,0.013679155073449469,-0.007246425980116021,0.0027430083234410495,0.003097259834828265,0.0028644373341745214,-0.013855249552196539
2022-03-16,-0.00311809853318829,0.005493754079186144,-0.003766513381191204,-0.019676062324563662,0.00034603325534541743,5.63597402903492e-05,0.0022217881650918544
2022-03-17,0.0024669718992953726,0.006277229497180576,-0.005785581383204417,-0.007927866037733147,0.006252171619589562,-0.0011555507098848586,-0.006724685225969443
2022-03-18,-0.005667095124358838,-0.0032479477783346486,0.0014410969474404004,-0.027667957513008854,-0.005586886765436915,-0.005390754966982179,0.012328034356996288
2022-03-21,-0.0072994289981404325,-0.004575754245853984,0.004416783896213729,0.007295549171312777,-0.003736223870727492,0.0004247352582357046,0.015533336418766093
2022-03-22,-8.044778735978635e-05,-0.026956982315396606,0.00855180635088327,0.002943184277468631,-0.0012966950744062284,-0.008332335887098908,-0.002847578160720488
2022-03-23,-0.00315191986367514,-0.01620607955727434,-0.0038692469561604575,-0.010633944612049497,-0.0038865285262357522,0.001943004211953046,0.0003089493602726373
2022-03-24,-0.001632065486391397,-0.008476002220114168,-0.005654593495725643,-0.005924288073640437,0.0025852014801695912,-0.004310479769177487,0.015356630224058086
2022-03-25,0.0026890952741490206,-0.03163084035384957,-0.0014670254428877404,0.007954138475956612,0.0001748570852787895,-0.002805191190586229,-0.0056805965510371955
2022-03-28,0.00106328202167994,0.00925155237026159,-0.01226139396322714,-0.011083408333035945,0.00999748074809763,0.0010541385983380016,0.013222883613757282
2022-03-29,0.01229240947099166,-0.0006635668997286955,-0.007542378284162288,-0.013165366657254141,0.008311708418280325,0.00646946063925843,0.015817096012521268
2022-03-30,0.00020277746266663196,0.005524168455697609,-0.006052866315319809,-0.039359589874799816,0.001790550924625243,-0.0030713437193733146,0.005727338316187029
2022-03-31,-0.007175596799536409,-0.012358118052043418,-0.0008016194928954458,0.007291454347557741,-0.002391946846870212,0.005788707897617331,0.01720952419063412
2022-04-01,-0.0023873185263439795,0.017662632135123625,0.018672798187908502,0.007446540921649846,0.0024326003901255517,0.0013000559280368907,-0.0004718124771446953
2022-04-04,-0.0018326775391932205,0.014470556961037032,0.005520224361502824,-0.0033299853810272078,-0.003865189981100605,-0.002198336884083166,0.0037094501169299527
2022-04-05,0.00400269096383479,-0.008760506196523436,0.0094494476477418,0.0012605423181068253,0.00169571029003732,0.0046065581965115,0.0070321881132571155
2022-04-06,-0.00526808912673246,-0.01558911914140467,-0.005404517614932046,0.004189351755193941,0.005624477256146943,-0.0007726324098116952,0.01691903532141278
2022-04-07,-0.0024767108889737835,-0.00784997252537641,-0.004399689249352716,-0.013852844252622046,0.006328472778903304,-0.010485427993122123,-0.00563667742435008
2022-04-08,0.004942843473362563,-0.0018386538418201674,0.01218640591358631,0.03379641808710264,0.000562175773661452,0.004621432232340224,0.02831310152681613
2022-04-11,0.0017583678549678633,0.000203527963746765,0.009487479374410487,0.020169156325780008,-9.33146461536854e-06,-0.0017106700418760127,0.02303499042870646
2022-04-12,-0.0009324612135639173,0.013725576578107189,0.003810232282740099,0.03303795734844727,-0.005270471449369537,-0.0037767693773858393,0.017647015847419442
2022-04-13,-0.004371371355528469,-0.0006008966705555548,0.013733027837634613,-0.021501790995212017,0.003991981118267093,0.005926123755620117,0.0003205436322074871
2022-04-14,-0.0035583829101055293,-0.004734405533189942,-0.009848799223427249,0.00034160930767376417,-0.0030820453173506057,-0.0030344738975819903,0.005952533539510423
2022-04-15,0.006466482227399979,0.00678174384658075,0.016062569920109713,0.026446617156919074,-0.0018333910468156366,0.001921101403970164,-0.0011011343183655235
2022-04-18,-0.0057786738917234536,0.001602944694682889,-0.011978045319877857,0.00882303868254194,-0.010973597032305046,-0.0011583347757898447,-0.01443574671768093
2022-04-19,0.0028454674887841234,-0.0034042016460487526,-0.004197654051759207,0.014656078449864279,-0.0025706230350550554,-0.0001348034920321716,-0.0027586464437362383
2022-04-20,0.0021795760197679034,0.01333704926532698,0.010397292915687176,-0.002861968967002489,0.009369238477753186,-0.0015168265402494227,-0.00617589553966878
2022-04-21,-0.0003612045407550968,0.012239448080141399,-0.01021204936811,0.014543790214502228,-0.0009150154059874159,-0.0020655954174045137,0.014769903450469224
2022-04-22,-0.0030606933481214654,0.025723000680055768,0.00011207193493472838,0.009749144562509074,0.009929220251298219,0.0018822461512508644,0.017034292413164072
2022-04-25,-0.0076626582843186,-0.00871675044733399,0.0004884458074014135,0.020104401641716778,0.0019839164758439884,0.0012322376134082371,0.013978581382763209
2022-04-26,0.002050084551368089,-0.024522210583692857,0.012185750597346492,-0.015654590287001488,0.002382333451325659,0.0011999176364566062,-0.002990751373968436
2022-04-27,-0.004274176563027101,-0.024941983416619486,-0.01388489796050939,0.0075174717161195625,-0.012004147166621156,-0.0062739883219639974,0.004904474918933953
2022-04-28,-0.0039597115422591615,-0.008242211076163507,-0.0013393950949451428,0.005221648961184052,-0.0073904225884319314,-0.0006765670034793935,0.006835294822368588
2022-04-29,-0.004942818011109895,0.0003071942101283597,-0.008556971461196963,0.003305588603798915,0.0028080384778742186,-0.0013325878685776097,0.01090430073250817
2022-05-02,0.003313265822120762,0.012244172154379214,0.006408392402518078,0.019635160081912146,0.0032602390736472856,-0.005576059540522329,-0.004264445123745066
2022-05-03,-0.0006950309071130258,-0.0013650964637252209,0.0031773321301450928,-0.011129820710587433,0.012414662823766536,0.0008278443396617415,-0.002533508863292482
2022-05-04,-0.0025330048128882365,-0.013061644330774285,-0.0034381408036908727,-0.0010242749854996137,-0.0018101070035470962,0.005486052248483337,-0.004414130498341021
2022-05-05,6.28182813493689e-06,0.009318186593646267,-0.0004043514298143049,0.010133633173425385,-0.007131885139593073,-0.0051061666320421336,0.00671305671908691
2022-05-06,-0.0005764732375026971,-0.010215372120948306,0.00015370296392894,0.0015906211686109604,-0.0047729160024932845,-0.0026440210670488113,0.003120771592618542
2022-05-09,-0.0037343265687392146,-0.009204324580696201,0.0032732780140542644,0.0007513633781004543,-0.00351997020977406,-0.0041063964652861135,-0.00895376915650345
2022-05-10,-0.00017702357282281593,0.023597560823871436,0.008310905239772584,-0.013888944034608941,0.007194102045075194,-0.0005804798281066975,0.0035401374849869244
2022-05-11,-0.002005449778681118,0.022738496773149,-0.009041741833655526,0.008404160782304038,-0.0036928968050387147,0.002827023367115437,0.006384560203748399
2022-05-12,0.005368226266491672,0.010578107435867094,-0.0036403956446184444,0.04339128413837539,0.002460990799472003,-0.0024003403295939363,0.004166775327572643
2022-05-13,0.002873342392485185,0.007968551186572427,0.006922976482290603,0.016583619955436647,0.005905932391208133,-0.002347242036128344,0.02625825248102592
2022-05-16,0.008225575881260121,0.012846824364655418,0.0047155606079341255,-0.0002035747880942624,0.0007501016531509842,0.0009259502861686341,-0.02503375737828379
2022-05-17,0.006471072939914927,0.01652405470098569,-0.012271734564016786,0.010430278834376526,0.0006781495661752133,-0.00025304764861332695,0.0043724710094142335
2022-05-18,-0.0066211705421542946,-0.0034704701015188084,-0.0014995730832552216,0.004043003753153211,-0.009255482676180331,0.0003982862371865965,0.015639257576192944
2022-05-19,0.0019793309479817596,-0.0021859453579794754,0.027024491252702388,-0.009464233631594304,0.007448156522922163,0.0032105254808153295,0.02426536447018337
2022-05-20,0.0018970040980239805,0.0076283958102662365,0.006662608208498653,-0.014402870005684298,-0.0028206585300775593,0.0001526248621332413,0.012834969037443949
2022-05-23,0.001282389868469816,-0.0022331788791059735,0.013883893414367052,-0.02862582805278244,-0.004765425229157654,-0.008183281180349191,0.018155784027224134
2022-05-24,-3.690578736710256e-05,0.011090208184196986,0.0003800386999279433,0.018207416294405355,-0.0006767418417580573,0.0016053468790965316,0.0055767124630686634
2022-05-25,0.001700833380886395,0.02039599293216819,-0.012894078902196595,-0.001057225312401662,0.0019540037533952075,0.0008244511326967974,-0.004944710497289377
2022-05-26,-0.001788871821583952,0.016989970223503882,0.0008277851914350247,0.04245877943938694,0.002108383010631411,-0.0015358013631180827,0.012172645831191278
2022-05-27,0.0007857328434096055,0.015917875948036005,-0.00920245323144635,-0.027427395010226684,0.004056265724619429,0.004680757166797994,9.58282906271134e-05
2022-05-30,0.0030399091218029674,0.00724435902190278,-0.012475168155378207,0.0010745128826596872,0.007670255805721255,0.0011699793677172597,-0.019152388219306
2022-05-31,-0.0009854326455868494,0.005804552873461594,0.018168692875635016,-0.02428359897107301,0.005180773051979029,-0.0013708724706688472,0.008858480076532189
2022-06-01,0.0027013323837934244,-0.0019080208808178157,0.0071222682582636355,0.01745561247515362,-0.0007938713045975638,-0.005059828487579646,0.01933363842176719
2022-06-02,0.0036647897948334615,0.007980186015831392,-0.004453078482296496,0.013703784618598005,0.012043260625850795,0.0004023121724925831,-0.0016624753633875842
2022-06-03,-0.003910775929647851,-0.010654154042782518,-0.012709056284583518,-0.000853413878328292,-0.004068161886078609,-4.45701202346143e-05,-0.01220036741036108
2022-06-06,-0.00032022829351684585,-0.01181458063549236,0.0007076457881142117,-0.02732008250277365,0.0016094865447091177,-0.0004996838452923227,-0.0010992728498079396
2022-06-07,-0.006259087346332815,0.004593631223425096,-0.004212474300967835,0.0069114866262628034,-0.011930587929293834,-0.006114465245984707,0.002610522834918924
2022-06-08,0.0058520177477654365,0.008531564767865344,0.004366295560113642,-0.014982636369049252,-0.003720056942584109,0.002513637308063396,0.00768535377027874
2022-06-09,0.0011858990180402163,0.020458744136363352,-0.0038216733034287134,0.005265802389484324,-0.008646291718943854,0.001044147188081944,0.020946882584337703
2022-06-10,-0.0038160485492881465,0.00791653809211412,0.01399939673896113,-0.0035634587874596663,0.0041719785259923085,0.00724634597245986,0.0045833164459747255
2022-06-13,0.0034968698239686387,-0.01983047310503382,0.005095770922283079,0.0032796773232859865,-0.008085006716575185,-0.0043952643578527,0.006991496208112883
2022-06-14,-0.0008608514011607857,0.0124474208819266,0.004375749658580984,0.004907252922619226,1.8513494535064216e-05,0.0017718119696340136,0.012143574481386586
2022-06-15,0.002485409445207122,-0.004257746767327936,0.012754724439143304,0.010975454304821268,0.0029749305994753294,0.0010125855196392326,0.0063954966082003266
2022-06-16,-0.006976738654851313,-0.0006340613601138089,0.013991411555255994,0.010680086826138427,0.00021731907188406532,-0.002407914840791597,0.011980754911355156
2022-06-17,-0.0004303000677788772,0.014982710122701201,-0.006719695742608306,-0.005383431311338731,-0.002634682505601728,0.007450005105795024,-0.002929159891444551
2022-06-20,-0.0018423167024432352,-0.025989845566375427,-0.01210175996740384,0.0012022424187970468,0.00015319084317037802,-0.004214498213167422,-0.011346836961223166
2022-06-21,0.00778950752061068,0.03513824608048674,0.01788755793389188,0.03096456151909759,0.01386398574214286,0.011555768960025496,-0.0018653842990593555
2022-06-22,-0.0031630828292923932,0.019972079982353348,-0.00805534214267802,-0.01206960539041318,-0.004817996100493242,-0.00014234324317693545,-0.019351586042146124
2022-06-23,-0.005382455608079559,-0.010163163862788014,-0.01432515978648519,0.014167517926935408,-0.003103302108109546,0.00016062324492983538,0.004070669999011303
2022-06-24,-0.0004770949437251228,0.011151236231363342,0.005746262105082547,-0.0010628614016687465,-0.008376038544809925,0.0023826427663047687,-0.010186736709684448
2022-06-27,0.0018711372558950549,0.0014204600458512656,-0.012312727551296893,0.00027626059720738463,0.0006415605963024961,0.0005371164859328221,-0.0013284496173539904
2022-06-28,-0.0022595608993321472,0.005644695929374295,-0.0066063231774590135,-0.01581299821045768,0.004379820839963895,0.004179291625204234,0.004265960418794553
2022-06-29,-0.00047878203578148316,-0.02358323040356747,0.012062212014260205,-0.031867539079665635,0.004451592815453968,0.009054245593250571,-0.005099710300568184
2022-06-30,0.0015149358188012295,0.004824571497892667,0.0032185329574956146,0.037339107486972084,-0.0057334954229254645,-0.004545753926377938,0.0019443142505100885
2022-07-01,0.00731334813068694,-0.003910713750152971,0.006435260250416208,0.013152527294194723,0.005359095727457548,0.00477867991044189,0.012458842188227593
2022-07-04,0.0015829306916580583,-0.005067721119296202,0.0016660384582433733,-0.006780428034319011,0.015137499245621166,-0.0008045841998376837,0.0012046448177647487
2022-07-05,-0.005653481157337241,-0.0013257607384834743,-0.004544317082027163,0.01241931330789901,0.002357500623242569,0.004584118642384721,0.014748856425090677
2022-07-06,8.477945602956171e-05,-0.011523769539199103,-0.009074957471426707,0.0001954126080369431,-0.00041824046444848624,0.00019093897201176535,-0.00968663323498007
2022-07-07,0.006098967690687925,-0.01508525064294979,-0.005181287414378696,-0.024479914936228687,-0.0003870567847600176,0.005306321133699579,-0.011598554114566633
2022-07-08,0.0007559106115604163,0.007863393326183153,-0.0019280881161111273,0.006613844636706557,0.0017888756408264777,-0.0040069915793788085,-0.003274498854257199
2022-07-11,0.0017683468846202103,0.015650482216451253,0.015094807805485248,0.038225928636737926,0.003647214007643164,-0.0008347803194712259,0.0057658050369655545
2022-07-12,-0.00010506069524577764,-0.005243963561756595,0.003407236430364977,0.00650479147372974,-0.007033904476568287,0.003663680729308514,-0.020378747499918266
2022-07-13,-0.0005399305927148946,0.013035282555307488,0.0074523195142991334,-0.0008423698257984844,0.013027129890798347,9.129042701542636e-05,-0.021916170166096764
2022-07-14,0.0021609644126150004,-0.02048577748641865,-0.009414640213812941,0.0020936085827322095,-0.004426501168224224,0.00093880185050879,-0.018303652640509593
2022-07-15,0.0037839308280318163,-0.018716530758773563,0.012382842117495935,-0.010327444722789443,0.00984002306241987,-0.0020323605863675656,0.018217211525361706
2022-07-18,-0.0034806564268539245,-0.023207616973567734,-0.002977432192387155,0.01584270551565981,0.0016702724541241443,0.002835251077136046,0.005618209276797803
2022-07-19,-0.0029310818091552652,0.007416474119204356,0.0010179622145479845,-0.007587675529341147,0.0017470287924833945,0.00034968830393183653,0.017796654631534868
2022-07-20,-0.001709516006967267,-0.0077899410374838015,-0.007994907093381094,0.026974347849515357,-0.006288922746210653,0.0030926162591790583,-0.012248657082081449
2022-07-21,0.002376501621561467,0.0038263937575580428,0.01353843559116829,0.019518882338434337,0.0013917496026105034,-0.0013931586432063244,0.022348971842578343
2022-07-22,-0.002197797768511347,-0.028251314208694697,-0.021748259218223442,-0.03460222120211018,0.0013409457335781985,0.007347484271949091,-0.03590156950074412
2022-07-25,-0.002780229314578975,-0.0005523712568973332,0.014440657494125285,-0.00726838425540029,0.004685436939952208,0.00011422383261847072,0.0321525603850598
2022-07-26,0.0009281629572838856,0.004280147617398953,0.0018514234164845101,-0.0056695124588815055,0.0065301825672890055,-0.003416880045739919,-0.022611251635990037
2022-07-27,-0.0002507803755239809,0.009205691813845672,-0.004516555458735662,0.00380196179547832,-0.006860934725546993,0.003846193774790691,0.008697865323999085
2022-07-28,0.0004289135230764455,0.0018373610606236476,-0.013063198912689677,-0.023927545422068416,-0.00022701386982819805,0.0022877651145032547,0.00222283928002341
2022-07-29,-0.0011017360331097702,0.007990068362454965,0.014694004339451928,0.004372406156156698,0.0033254770637427683,0.0003601795234716265,0.002615343076174614
2022-08-01,0.0010282594113840355,0.02031314607371269,0.011772766715969942,0.0190759467588754,-0.0009148564142170432,-0.002433451836873365,0.01185863410897842
2022-08-02,0.005324996802691199,0.022485612847924975,-0.019603634145479505,0.03468237090629622,0.0015911501170717086,0.0031218028351237092,-0.021320966362041522
2022-08-03,-0.00059762630837695,0.009136033550245145,-0.010459568911093333,-0.045147362788821886,0.004018691572170025,0.0013393490596707203,0.012603422254286997
2022-08-04,-0.0002896759025162873,-0.0015167046729434473,0.006837206019198106,0.017546962820841585,-0.004379766367487163,0.0032427424101821993,-0.003876407353790044
2022-08-05,0.00041608662142604064,0.007787910013462149,0.00952416662453091,0.008533694641345117,-0.005143884690150999,-0.006784430909920037,0.004777274860366671
2022-08-08,0.004235151575880817,0.006883624317726974,0.004759353274373107,-4.548351486311183e-05,0.0034321318333033228,-0.002591076911350505,0.009802475186479637
2022-08-09,0.0037352364125027965,-0.002891607334049013,0.005445032513104739,-0.028067642563741987,0.0033831817367210304,0.0011425965676541859,0.01132898977481831
2022-08-10,-0.0004445735117708278,0.00974848583874597,-0.0026621708779792333,-0.03390572977185908,0.0009120852771142189,0.0021925540933404844,0.0004119873447787561
2022-08-11,0.001013804095471987,-0.005909982724523872,-0.003227501515451889,-0.02000523092805429,-0.010919656127077574,-0.0006240868925260617,-0.008770773564127424
2022-08-12,0.0046693558139223644,-0.024143873677280145,0.002008564135806047,0.0258998749478311,-0.002943327368182691,-0.0012954879357671483,0.0022571424887223826
2022-08-15,0.0023680841353062704,-0.00413849568345559,-0.009303754617621238,0.005719897869337507,-0.011845377003879028,0.0020576756398854768,-0.005456676696076304
2022-08-16,0.0003623406549129639,-0.006430383108121973,0.013702893854263485,0.005656889826759639,-0.0012360835033234144,-0.0010035280328627616,0.0008303214264512246
2022-08-17,0.009937790667840505,-0.011511769618618465,0.012861738877891288,0.0038502106129365945,0.010609581336271807,0.004103084796052319,-0.0059605531673873145
2022-08-18,0.004430123264806954,0.004362075787548279,0.009576726402711839,0.02276344261128626,0.0013066414822240106,-0.0010538580349836431,-0.004885575970901898
2022-08-19,0.0021521672621333562,-0.009807827954593222,-0.0035355984269949303,-0.01905023946507038,0.0034197627950963583,-0.0023703890637697066,-0.018560514475256425
2022-08-22,-0.004093115576346536,-0.008974917190948289,-0.00676072981077679,0.0028796620642262665,-0.002645148359259603,0.00026356034902519246,0.004434016013747685
2022-08-23,0.003312007301943571,-0.021501988031258364,-0.012049063857181106,-0.00045792008702546117,-0.0005226092871356679,0.002698222891266485,-0.02534635813146192
2022-08-24,-0.001550624231400681,-0.004571597374775436,0.000887786446885093,0.0007656939931722281,0.0023958129124940523,-0.0004625333813383267,0.015394774162547885
2022-08-25,0.006914858252771603,-0.010168824867143914,0.0016373742395567306,0.007248420124237557,0.0036505666683092804,-0.001176569638228022,-0.0002725542617715971
2022-08-26,-0.006183853051642537,-0.003027319842452619,-0.01661434796410092,0.00739558632584744,-0.009101688894178943,-0.0014903712463692762,0.005252395302544202
2022-08-29,0.00045345650467079905,-0.007311083982531688,-0.0026632794154792055,0.016477028513657774,-0.0037421714963646953,-0.0008969174636586572,-0.005805819457250507
2022-08-30,0.004231721153471081,0.0028101658038452537,-0.005757773943592022,-0.002653451539865453,-0.0007614137018908871,0.0057179881388144714,-0.003942723040366762
2022-08-31,-0.005381012837857394,0.003476962685975863,0.01617686174724391,0.02675136746030164,-0.0067664366574591945,-0.0016402196714255949,0.00905252563784757
2022-09-01,7.580433389686157e-05,0.004536433931016969,-0.0028095542171870658,-0.013518090720172836,0.006434840786519375,-0.0033641655062818404,-0.009510456746285867
2022-09-02,-0.0043691381985651815,0.00527983396616352,0.00023851208490780856,0.017852424245066965,-0.005511624072277103,-0.0057088791614793724,0.0017570698925377488
2022-09-05,-0.0005799914282548311,0.002202274067378097,-0.01639557397846573,0.004789497231062278,-0.0065084011348758,-0.0036598589229272786,0.014093513123858275
2022-09-06,-0.00858281467173072,-5.350154916281351e-05,0.00036541666500811983,-0.0071556671878404525,-0.0032848358425577114,0.004101294439690928,0.024819191811700673
2022-09-07,0.0044089167765903655,0.02434092904150506,-0.002647625345748417,-0.022357553219290543,0.003026525704042379,0.005318980709291508,-0.022238312092649024
2022-09-08,-0.00355583897799839,-0.01129165777223515,0.001153971723729112,0.004122423792559914,-0.005706047282521515,-0.0003623271445934712,-0.011482949511200225
2022-09-09,-0.0015557045807644116,-0.015723321748112737,-0.003643387895287963,-0.015019253853506309,0.0033239825351134406,-0.0002961781294258553,-0.006296953235878559
2022-09-12,0.0072225195774985,0.007780035700608357,-0.0003623306486901761,-0.0112764487689953,-0.004579273386331534,0.00087369997850971,0.0029767972577908527
2022-09-13,-0.007507527899666241,-0.019578489884161984,-0.009589582883354313,-0.01837997839947511,-0.001861877369687456,-0.0006729343564404794,-0.003862082212214065
2022-09-14,0.002350704162704916,-0.005899227217712706,-0.0002790167394345234,-0.01766959439796777,0.0026039329432562017,0.001045539979012169,-0.01682962178613393
2022-09-15,-0.00047023943905818175,-0.000677833672436011,0.0025732283089741586,0.00619195017024468,-0.004217675026238479,0.002685600364010302,0.007370996515664262
2022-09-16,-0.002748327418052625,-0.014811467779552147,-0.008813920593068772,-0.025797685488023914,0.0005291751377473996,0.0041928854126409435,0.01065642772783636
2022-09-19,-0.00420737928745135,0.0074240238152692515,0.0003089604128446351,-0.03268976005838261,-0.0002354209032585568,-0.0006729471685132068,0.015605124173651222
2022-09-20,-0.003333828922830577,0.005162615659880146,-0.00153002761452336,-0.01934063464263119,-0.002338501717072957,0.0062973161503305205,-0.002395382028254929
2022-09-21,0.003773479561254872,0.011777665404619298,-0.0018377535414836402,-0.01969355143847805,-0.004344978875293706,0.006763924208488704,0.0002789490435550098
2022-09-22,-0.006785306196648574,0.006823437090284346,-0.01894068825042858,-0.011553974639016525,-0.0008478875657680872,0.008863473704993446,0.006111139276140908
2022-09-23,-0.0017795649683288724,-0.0004823712897421064,0.008428290213058267,0.025516578690685607,-0.0021250796440593672,-0.001365488774595472,-0.004623162737266563
2022-09-26,0.0028106430369169897,0.013419656789528445,-0.016582947803332786,-0.008572805454844366,-0.006469726777638647,0.0005609692039259945,-0.014859986476676681
2022-09-27,-0.0051305807039483875,0.011003452586329492,-0.0020545448388299596,0.00424478306403289,0.0022949056853954985,0.00376393494858289,-0.0027347328100874153
2022-09-28,-0.001435263368593637,-0.0053149342663696905,0.009601308410010266,0.0015126584254688646,-0.001380367266954921,0.0016285978644143494,0.022756178532265407
2022-09-29,0.00044713350558546645,-0.0030130764982179837,0.018909998481177834,0.024798624914795446,0.007207374955565202,-0.001273866097604629,-0.0031847112116719116
2022-09-30,-0.007186640740362068,0.008196534970560923,-0.000652117701365649,-0.02180568513363055,0.007660781412917786,-0.00040325966147106374,-0.0010345798467594725
2022-10-03,-0.005901896100090941,0.0031662227398382213,0.0033838390528358134,0.004615426969790598,-0.002846351495117905,0.00969839614841937,-0.01247426901663146
2022-10-04,-0.002735756986735152,0.007154343286362309,-0.010012737581275338,-0.015767652346338402,0.006772968076161173,0.002878141027689418,0.002885429856198231
2022-10-05,0.0008773016689573325,-0.007834588248766103,-0.0029966420970370874,-0.00350797644358696,0.004598392183606096,0.001743403886034158,-0.014052784656408504
2022-10-06,0.003308178780297913,-0.018443022060077603,-0.004021180662528527,-0.023768566768499234,-0.004720723077424408,0.007302294381167924,-0.023820028499466205
2022-10-07,-0.003126786463881625,0.0046309829014439296,-0.005077733154198496,0.004436904062489629,0.0076806946911254885,0.0026238162624919823,-0.00640837574406035
2022-10-10,-0.00038487958909404153,0.006104541157677503,0.006808110717723024,0.0038899311352070236,0.0029741022811003736,0.0021235670632924757,0.0007512477372716945
2022-10-11,-0.0020709579910439075,0.007520905903601056,0.003260087420117663,-0.028809168096556988,-0.0027212239510217796,-0.0007212528801416905,-0.0002592628163633778
2022-10-12,0.005165794728207298,0.03996024764541711,-0.01781674621702209,0.00544013773056832,0.002314037864892089,0.0006366775731393198,0.007230486155010999
2022-10-13,0.0009491568346742568,-0.004218519466363661,0.0003952286194272532,0.007350828214373384,0.002374236565871617,0.0007164926755120143,-0.007874134028138033
2022-10-14,0.011626606772131252,0.00913979247075785,0.012516296766875145,-0.009795365146497755,0.0050675260699896895,0.003442597049463316,-0.02434315435163732
2022-10-17,-0.002516651999630486,-0.010211900325765503,-0.007558940352399774,-0.018974913183234854,-0.0003027253645166226,0.005052138779196937,-0.0033052096133992254
2022-10-18,-0.0043750965885452865,-0.014557168435945992,-0.006447351472226241,-0.023863891922012374,0.000974637414289054,0.0048156522881115755,-0.01171543670428707
2022-10-19,0.0006545365787882065,-0.0051522506701531506,-0.006260848242815364,5.017558993593012e-05,-0.004427100888560904,-0.003691561137897124,-0.018515296081667063
2022-10-20,0.000608353718306169,0.012575510819143257,0.008756212556980105,0.02740583920426907,-0.003429251642887766,0.0033954680872048206,-0.007873364134904668
2022-10-21,0.003187043448630799,0.020583689168650197,0.008419549677705921,0.03006159642940681,-0.0022345712311308084,0.00013596329166500415,-0.004388266190271869
2022-10-24,0.0004891598286941451,0.0030620956573755346,0.0010051597507288637,-0.006782556456099056,-0.0019737553964014887,0.001773483824223478,-0.0016676677248586673
2022-10-25,-0.004257226418190548,-0.024783090289249132,-0.009661639720889743,-0.026218670554330352,-0.006446252110788807,-0.0029496556936765665,-0.005094366982478271
2022-10-26,-0.0023140316527169185,0.024598122571445835,-0.010185089564931808,0.022578385186409335,-0.0013720799710900406,-0.002838078329928462,0.012003784588288633
2022-10-27,-0.0014615158660339067,-0.010589197357774284,0.016174465802263737,-0.03144340192439572,0.0006850416499136227,0.002083579571928612,0.01570239223981088
2022-10-28,-0.0012437285717603755,0.030653742218202665,0.010625167195389343,-0.02736620523113415,-0.004152286185317434,0.003296265414909379,-0.006983778138996195
2022-10-31,0.0025413398264716963,-0.004597060936381213,-0.01113730928161102,-0.020008121098791423,0.005249299492831652,-0.0072489849401048655,0.008482816947787762
2022-11-01,0.004648160922921431,-0.0021977285460044265,-0.012232489238730826,0.0025829272123545147,-0.003232818390443864,-0.006237018702775661,0.020519276979583622
2022-11-02,-0.0031876642388373954,-0.019257886018589163,-8.09062925208166e-05,-0.0030512182109848456,0.007168553417142362,-0.0018855546198186276,-0.007364558299533322
2022-11-03,0.001690917119131004,0.0027705368409511547,0.003365059314184916,0.00460541609189177,0.0016086494274875098,-0.0010760399141237697,0.010425375471381948
2022-11-04,-0.001089594109868715,0.008695189283463235,0.014450839422569046,-0.004690799528225529,0.015933679655426154,-0.000553712546541112,-0.006866183389274055
2022-11-07,0.0025099700758500964,0.006010781487522926,0.0024333804012491474,0.013031339654479824,0.0019667123042640565,0.008400818275113483,-0.002391286577051442
2022-11-08,-0.003067985167498494,-0.00828369358071398,0.002976894724849272,0.008389081103692056,0.00019991328302303006,-0.0038282802781589623,0.014657698076516063
2022-11-09,0.008097986839098487,0.003633308432694582,0.02104144160606842,0.014512206376551429,0.015436470198416936,0.004328380366679519,-0.00031679075887472424
2022-11-10,0.0037196154619174924,-0.003827837722945447,0.005045178408521996,0.01894863276077362,0.004682663143891959,0.00014978898646400218,0.0014270699921459151
2022-11-11,0.0033807165961521122,0.009758820236905054,0.009773183639987058,0.007596328358100887,-0.0030330148905845953,-0.0016432853893743817,0.009393786556812576
2022-11-14,0.0036758480712627667,0.009624560018232376,-0.004116349037113201,-0.003533222169833898,-0.0056035080759071825,-0.004918909762412795,0.0032681029829591686
2022-11-15,0.005782642435737152,0.003428772137546791,0.021220243477285666,-0.00013448822523016386,0.003150239107734586,-0.0017884580654865018,-0.0011211724434078546
2022-11-16,-0.004409767808682319,-0.02067612995566027,-0.014925298260874978,-0.0037960503766897593,-0.007144815084057806,-0.0040580777156042505,0.0026053663808791633
2022-11-17,-0.005845212850035294,-0.002026397349757646,0.006444488727949646,0.019033594402840037,0.001774899131761641,-0.0008034250118071901,-0.0033191878113395623
2022-11-18,2.0563957555370092e-05,0.01926883436013085,0.0050354585112755675,0.003377713680720862,0.004987038927493059,0.001564022792027705,0.005408935664264526
2022-11-21,-0.000636871702885206,-0.005567009356830259,0.00920801940341077,-0.028797268799454476,0.004639973508699435,-0.00039281876574671015,-0.02291336514719662
2022-11-22,-0.0035484498724084046,-0.0023819508256142465,-0.0001636541755643506,0.013034574841322059,0.003530726517079227,-0.0064082057703064065,0.0071624984241323445
2022-11-23,0.003264185000476528,0.003708724919587596,0.006650266246038322,-0.029544342750261875,-0.0028482425180299305,0.006876584136404737,-0.005380268082334314
2022-11-24,0.00924244344769885,-0.011365931970928089,0.017364725846474034,-0.01293563595818121,0.0077833163252208695,0.0010485752946840844,-0.002762656198033973
2022-11-25,0.002732180673952716,-0.006404993872009019,0.008305103386227938,-0.004990490271593021,0.0020888095998068132,-0.009376117263991474,-0.0016890227081498514
2022-11-28,0.005404183747656748,0.010316183277367231,0.011831432468822104,0.0025869101045841846,0.012195283256028987,0.003369350703683585,-0.008836554891920163
2022-11-29,0.0037705741896746792,0.012285174383403052,0.008993987870454356,-0.0038331856423047678,0.004097912016487184,0.007133519318580652,0.004681873655427964
2022-11-30,-0.005561068618771608,-0.010319765972836839,-0.009296706841600543,-0.012751947158816042,-0.013679697509353687,0.0056215728155583075,-0.011110730022623402
2022-12-01,-0.002865803287510218,-0.024683991784550947,0.005133155446979511,-0.0034294299960964674,-0.0033514031452072284,-0.00211134290991648,0.005978055281006925
2022-12-02,-0.0015700920429598626,-0.024660829651472784,-0.015595052921909141,-0.028566163738392297,2.020393759368422e-05,0.002654570228170986,0.007915932112580466
2022-12-05,-0.0061895981052199605,0.004216230640844894,-0.007331613609324294,0.048049459988515536,0.00462930696102044,0.004793301910070406,0.010412197884876052
2022-12-06,0.0018775575594957737,-0.004288943182209818,-0.005471119998897817,-0.015656038182288695,0.004061867001052658,0.006568446662723232,-0.010222922781225042
2022-12-07,-0.0025394042692778594,-0.019100859824813403,-0.0002480670245831041,0.016693994046686988,0.005092441887097615,0.004224927134106352,0.0008413435022314333
2022-12-08,0.0007107556766758228,0.01517528380575564,-0.008742401897241929,-0.0063113786957911325,0.010815458262653312,-0.0029153829781971255,-0.0014837246027737496
2022-12-09,0.0028753303144511367,0.0019175468012794148,0.012670691777372404,0.025428865721012772,0.0032789802031238683,0.005877002709061261,-0.009999615765827561
2022-12-12,-0.00028015890811452544,0.028052188519290158,0.02226078890940034,-0.008741624538393791,0.004186071313487892,0.0033924201446586407,0.0114923098584991
2022-12-13,0.005446186572345067,0.023913488916274237,0.004999589939466214,0.020221697455528872,0.005745407163764648,0.001499438036957178,-0.016903238852878845
2022-12-14,0.004423907211056556,0.008813408436629987,0.0064770681211460245,-0.014478996811706118,0.01399437568732842,0.0030495198458159443,-0.016476728240204356
2022-12-15,-0.004859297798196913,0.0054935237807106465,0.006202933713104411,-0.001786221932958465,0.003114276622282329,0.003048210152635093,0.0036572329076673626
2022-12-16,-0.0024553732505277997,0.00994334477625299,0.008748545998757268,0.014310406823461175,-0.004330384432397149,-0.005037214189025226,0.008487263372693789
2022-12-19,0.004068296126078754,0.013816453256034696,0.008814353314163543,-0.004481114423703042,-0.0020270957141336242,0.0014493983975762692,0.00243745701245056
2022-12-20,0.004779195013964262,-0.0038983200043116546,-0.0024958130894812258,0.027758960143390948,0.00802679577575821,-0.003474429934812119,0.014984340080939343
2022-12-21,-0.004137541009775569,-0.007369156321580674,-0.00503173093730311,-0.0014681185104241591,0.002336043070424792,-0.00018246740020783675,0.005763526569848794
2022-12-22,-0.0012573684732439315,0.0035165546192974634,0.0010038994590312236,-0.01986774340554939,0.0040862842917303134,0.0014258932870064283,-0.009238706336546982
2022-12-23,-0.0013493738242359968,-0.005714213644561321,-0.0032043004873902464,0.02618370895104488,0.01015992457320339,-0.011041040844575259,0.007293901571896182
2022-12-26,0.004169817410910215,-0.001044679018785213,0.010601283158809248,0.025588920540430538,-0.007633519456576478,0.00029034609848466034,0.025904894038307882
2022-12-27,-0.004601076676035004,-0.0037951143877245105,-0.006050614749858498,0.01679646335679458,0.0048417764305170264,-0.000309862539573319,6.374341606056777e-05
2022-12-28,-0.0065266128713997226,0.013588382750122733,-0.00385549993228428,0.0033645721698949333,0.005300355625121011,0.0009051082853682743,0.01391548959479252
2022-12-29,0.002763648086476814,0.0033039128435089224,0.004560998555629612,-0.01726807333880587,0.0011533280767513652,0.005496807598581192,-0.012570351045413519
2022-12-30,-0.0025111132557295,-0.011923563959050311,-0.00035376845542900486,0.02077008252488458,0.0011312180680520428,-0.009513470362273726,0.010254462041363085
2023-01-02,-0.001418365744463725,0.005047673356001261,-0.0011216986493512897,-0.011785660271129771,0.0003859421506862055,-0.0011558144690668793,0.0043975579222736505
2023-01-03,-0.003194031262961085,-0.015139340255886721,0.004746663106424329,0.01718630069496951,0.0015947646631072983,-0.0034419680861250946,-0.007200059005647822
2023-01-04,-0.0023799654638130556,0.009135379714101367,-0.007612944971083882,0.01510634430907728,0.0027808829284210216,0.004405182975276132,0.011752371997611432
2023-01-05,0.0025206291123091792,-0.01664800468192991,0.005250705444477289,-0.001719074584959528,-0.0022338907931934706,0.005098568366651911,-0.005429388264731904
2023-01-06,-0.0017678022859000868,0.012183063736380518,-0.0029654788902873964,-0.006243014154205589,-0.005719314044810126,-0.002964701703299998,-0.0043749704883084784
2023-01-09,0.002834197852343711,-0.011172633332286928,-0.018243900345268304,-0.003510043394491565,-0.00514328316109307,-0.0012253781343546408,0.009748627823557255
2023-01-10,0.0006361798789425888,0.017839282876072823,0.0017361080764413002,0.019233443695915002,-0.0025013320638383766,0.0007080082066300196,-0.006197332724426117
2023-01-11,-0.0029068066064785133,-0.004331049586416321,-0.014183846464174157,-8.548524104756231e-05,-0.0034332141819111784,-0.00028684911300488306,-0.016618359731499825
2023-01-12,0.0031569380142445424,0.0212040051205919,0.01816341675764101,0.03628743968946113,0.0020000898787511374,-0.00013797554767875186,0.013167091330824873
2023-01-13,-0.0006028820543928475,-0.021277753113379393,0.005779321350673276,-0.006135017272278332,-0.009076006333671142,-0.002804618703852063,-0.0018717230195848822
2023-01-16,0.0003973302208551841,0.00010420116589526435,0.013818179748819399,-0.016895400252694457,0.0013079422539520149,-0.0019398898328103855,0.016575169737455025
2023-01-17,-0.0018958234437878702,-0.005289892922838115,0.009353956562617585,0.022847124547027503,0.007712292850204649,-0.006331976716068178,0.008780562373047078
2023-01-18,0.0014304711551433112,-0.0003215501517742402,0.0013416406880075197,0.019390278251617602,0.00553555108764451,0.0035159541248667796,0.0008280351839452659
2023-01-19,0.00943239149600595,-0.0008660337506555749,-0.012601066264840477,-0.012753347184565049,0.0014232912192278866,0.00579167478055018,-0.0143337958411879
2023-01-20,0.002314926436482626,-0.016842164848976392,0.009782293538381746,-0.0012876950928263657,-0.0013941312192086608,0.00829161784797905,0.008249382086635906
2023-01-23,-0.003809380512174596,-0.0033695594756957786,0.02547167318534146,0.038338276474444585,0.004925944259397807,-0.007038147104764918,0.024247159305364665
2023-01-24,-0.002190748590875223,0.014359200761464198,-0.005979863945889825,0.010293851729772353,-0.0038689242525699495,-0.0016883287569980589,0.011049987581806718
2023-01-25,-0.004925610179555941,0.025572920141913372,-0.008638128684548614,-0.010919520937123233,0.004647230659803471,0.005899405619225329,-0.0029861161221064925
2023-01-26,-0.003935890263028701,-0.013071960566411496,-0.01254335565027021,0.0014716729862283922,-0.0027670368368107176,7.313414650757453e-05,0.001604294488372449
2023-01-27,0.00364725945719551,-0.003579915537572548,-0.0061783746561955375,-0.0018668952317698736,-0.0002638022724204656,0.0010241398763279085,-0.01141180103437743
2023-01-30,0.0029188771855134295,-0.01302451237897437,-0.004523124099430296,0.01216569253572337,-0.007795215140337713,0.002860771702705655,-0.018611015331259136
2023-01-31,-0.006190923312489126,-0.020526933596596703,-0.0030593222492187417,0.01059325207090384,0.004608334857933251,0.0032052576912146003,0.006875234863259138
2023-02-01,-0.0031771442047081808,-0.011419138684118969,0.005490679034215712,0.02343813225088734,-0.00773919022194592,0.0034696175880315084,-0.019471780066337447
2023-02-02,0.0017097052497973512,-0.0004797310543276566,-0.0014505329263924402,-0.00044397998995944845,-0.0046568619250355985,0.001638065958863791,0.0007097790216633779
2023-02-03,0.00389125762072182,0.020602324039709345,0.0047980069527344925,-0.009207914440363544,-0.00362926850191393,0.008140555261138249,0.019142720768247044
2023-02-06,0.0036994975340603744,0.002357384789291287,0.009498820154753115,0.02134250542163022,-0.0029944613148686354,0.0003146888897038157,-0.009478993140853473
2023-02-07,-0.0003662481157772993,0.018139317191178658,0.012470247983172504,0.00940102007306593,-0.013712242012662726,-0.002158754927771171,0.011417125339864368
2023-02-08,-0.0007136563776408103,5.017873149468382e-05,0.002196357841691441,-0.006830855176534517,0.0005383724961788662,-0.0001694105925688481,-0.007287709205348905
2023-02-09,0.007535373727264742,-0.0022794198354153805,-0.019841601953670775,0.018618137566294657,-0.006316377923260134,0.0022511722364563004,-0.012480582066894426
2023-02-10,0.0024271196583369173,0.0005034657506506365,0.010697468269890676,-0.0015630843701118064,-0.002299179634747872,0.0017838405783021142,-0.0026544951165936976
2023-02-13,-0.007566715528218335,-0.010558847513407436,0.02455138396800581,-0.01961608920665628,0.0027081464259127454,4.215257072632503e-05,0.025473061305532584
2023-02-14,-0.004294167144859777,-0.0007479747362941269,0.005290472733390364,0.0013227880759810315,-0.004585291770649054,-0.00041899192579568275,0.0004910631683653656
2023-02-15,-0.0010992139062160626,0.010530049139741118,0.004781659718806404,0.01294118005305126,0.0023856119558839134,0.004139411765489991,0.017204668580870296
2023-02-16,-0.0009968565246953184,0.009256291125536307,-0.0119790461768095,-0.0349028541992897,0.011970967606440727,0.0002859233947645475,-0.0016369921538336434
2023-02-17,-0.00475087849875888,-0.017238904702633704,-0.010365893769172418,0.007322766700010219,-0.0058716976324201305,-0.0033669017874136194,-0.008578688008950378
2023-02-20,0.004813166929569679,0.01245285789669068,-0.001777089926862056,0.010386555336345539,-0.0003686838816656907,-0.000660504613119972,0.0008558635530040071
2023-02-21,0.0027229438999135302,-0.009377449002115734,0.00483894877580516,0.036977608785449874,-0.0004315670898361848,-0.0007752536136343649,0.0002669492715707829
2023-02-22,0.0020628526243121276,-0.01819543486252371,0.015415263196331914,0.014595167121115015,-0.003961568005740696,-0.00022977203330856022,-0.004830352822745115
2023-02-23,0.0013469438360000044,0.0013165025460975916,0.0028691265055759488,-0.015287574201915516,-0.0013543894865055077,0.005221450174353402,-0.0074760709076909454
2023-02-24,-0.010424011183026629,-0.006495389886517061,0.019578922192719724,0.023098252556730647,-0.004709065905216164,-0.0012567159508503278,0.01710272314227906
2023-02-27,-0.006875029064753478,-0.013267730146935537,0.0002664202011901156,0.026651161852474785,-0.00555137822300557,0.0038940242173825233,-0.006716931768668846
2023-02-28,-0.013392092965844923,0.0027808443647793202,0.001278166088031399,0.020543022655449605,0.0015526623171793065,-0.0006624433057429153,0.0035626166001043007
2023-03-01,-0.0007327562679213095,-0.005809549195145928,-0.004749552056772475,-0.029468591790696608,-0.006301384502928558,-0.0005328619498644427,-0.026725580354125124
2023-03-02,-0.007881384390035986,-0.007530103327479472,-0.004600788827879106,-0.002393432492191682,-0.0155194404882587,0.004026957047266558,-0.013531213211660995
2023-03-03,-0.0031226545088980516,-0.016392599770368367,0.009979218839046476,0.007971936386011683,-0.0037131251930440966,-0.0028799260084984486,0.005004983048251324
2023-03-06,-0.0048362327868012355,0.002323391782486359,-0.00665686417328565,0.010240296045737523,0.001398208470211369,-0.0030419158566149167,-0.021108862250584483
2023-03-07,-0.0008373040390820968,-0.017591175864053742,-0.0013686558019850763,-0.006822942935677122,-0.004320833807709376,-0.005773203114797486,0.013663478825587381
2023-03-08,-0.0016647348507325996,0.027154086878372747,0.002796733532499466,0.012997786665748036,0.001575747897986684,0.0022462866671585572,0.018118509860088627
2023-03-09,0.004566919125789339,-0.018921851447915757,0.007864061075718966,0.0036844299343652314,0.00021683539419194657,0.006625645790765604,0.01541829651151033
2023-03-10,0.003968396386992226,-0.0050203478655625414,-0.010683244554462337,0.005865791516105488,0.007134819457823608,-0.00780170277835955,0.009585047543825075
2023-03-13,-0.0006694653352222928,-0.022121194944928053,0.002236037980805763,0.010639025904801825,-0.0037880695386385867,-0.005321849682737739,0.019824876727742014
2023-03-14,-0.0023245563032048763,0.012352711586629312,-0.013989233179895658,0.006928191149031301,0.0014464160122420638,0.00299252894125089,0.016260506754459662
2023-03-15,-0.0029045290168971073,0.004514066427402634,-0.01359449584405085,-0.02204126653427357,-0.0033075067728556926,0.0014396864777468437,0.01742374399191641
2023-03-16,0.007785805596119195,-0.0010644232420535223,0.005675716228637068,0.011277682190969297,0.00557116875814763,0.00040000838885550865,-0.0014198108939915866
2023-03-17,-9.072506404132237e-05,-0.0028705229271177826,-0.0034306300556882323,-0.003186597773504826,-0.0025015913482629073,-0.004572652719663505,0.010740002252642275
2023-03-20,0.002415037388858541,0.022993613990790064,0.0071665870167695435,-0.0015703478285893752,-0.0008936449469332342,0.0018260142977120073,0.010346167835607042
2023-03-21,-0.0006288454756384833,-0.018083960809550857,-0.009157171541068479,-0.005135343719311117,0.002664879352344312,-0.0065126583944205094,-0.00014090798088848996
2023-03-22,0.0012344808850205619,-0.005159596665641703,-0.005653917899462848,-0.014510801248625794,0.0010775098707976425,0.004590187080873067,0.008945245284740609
2023-03-23,-0.004145935438606289,-0.004441511757100792,-0.02307875369986909,-0.0022935650312025384,0.0009838182621832792,0.004627211657502802,-0.026093204063434506
2023-03-24,-0.004002253288650272,-0.0004484285573870839,-0.016960299203956156,0.0008581016592334768,0.0017615166228276914,-0.005915079006023565,0.0011212011123633288
2023-03-27,-0.00449885889267322,0.0139364056587664,0.002331054411412336,-0.003986712646764403,-0.006320915515538415,0.0016769091816580223,0.020496646871741034
2023-03-28,-0.002736025280591231,-0.006804751223123264,-0.00874699905546732,0.02228799470622421,-0.013534752276549482,0.0026773782041704147,-0.002930644479020729
2023-03-29,6.353862534743022e-05,-0.004370277037024351,0.0021519621310453784,-0.011709274349950184,0.0067707404749393395,0.005047036981513205,-0.01519092342776326
2023-03-30,0.0030198762054601874,-0.0032280908732546985,0.0013975981206568492,0.021619200063673974,-0.004455521814798406,0.003000934585419508,0.005172658831004806
2023-03-31,-0.00042611498315147793,0.0038097134503827256,0.0029677924684935364,-0.016252716464762004,-0.002104177404238951,-0.0032532952563982085,-0.0009959784144643474
2023-04-03,0.005730157997187796,0.009114507525324734,-0.010925977784592096,-0.00834787452525143,0.0024992751753777857,0.0037389226799125854,-0.012077849844747478
2023-04-04,-0.004599742762930546,-0.003095835887463811,0.003999055848754754,0.006656541012228489,-0.005824278455670574,0.0060155472401876,0.0004076788260415322
2023-04-05,0.0011248435149827005,-0.007705060756145918,0.010633332376069697,0.009238070975020312,0.002050294129049033,-0.0041379736913412,0.014456881590050168
2023-04-06,0.003377621353180185,0.013203831489551385,0.003157176811460874,0.0002740255473924083,0.0007439028431838121,0.009936975105044855,-0.007828674970937671
2023-04-07,-0.004394994201731026,-0.006763633670001704,-0.007136634283987801,0.019053769389834187,-0.01028179966113717,-0.0042045843990244375,0.005816608717833844
2023-04-10,0.00542318727217511,0.01054369072182052,0.01904234009866037,0.008882775286406925,0.0015992495657053594,0.00510761163827925,-0.013392746379159444
2023-04-11,-0.006489561470506569,0.008304839262063287,0.0011082220160480328,0.020645710692475106,-0.006061801848400164,0.003936155873751513,0.012574638933545563
2023-04-12,0.000225518084933247,0.0022040083203478983,0.003971440030608354,-0.012029309112494772,-0.0009599796579133357,0.0020230267150847486,-0.004746719713924744
2023-04-13,-0.005527693865793852,0.0006536844906038657,0.006721306911132025,0.021528519334249003,0.0019928253172821295,0.0026348366364087514,0.014439433325043223
2023-04-14,0.0006686242652358815,-0.025195949737940215,0.009105587563569984,-0.01708228162043468,-0.006401046431219748,-0.004495556609878365,0.027958913506272342
2023-04-17,0.002112196252214732,-0.01176500060235708,-0.007031562020027782,-0.0052479686472387205,0.0025190889561827337,0.0008767571449451061,-0.015634994038872797
2023-04-18,0.0016185901390386426,-0.006880415047154465,0.010299816850417942,0.0010360088090732888,-0.0036681957667932088,0.0029123028262982597,0.004756419676540125
2023-04-19,-0.0017494687338220091,0.007857229595343913,0.006496082326013933,0.023283168118248466,0.003942799721564855,-0.0006754753706241833,-0.015151111628477832
2023-04-20,0.0008965887124656114,0.004441209164499905,0.0013226097348111193,-0.045540459241189137,0.006871606160222145,-0.001297996126234701,0.005626046866751197
2023-04-21,0.006952760159162705,0.00011197251846930176,0.006623209939217314,-0.0014105478092023916,0.004831977478789304,0.0017881747282682335,-0.00810771669303664
2023-04-24,-0.0034697801830284314,0.0172907713866167,0.005092513956369675,0.020060226227835043,0.0025729758235208604,0.004083244825134404,-0.005655755934030002
2023-04-25,0.00048272681764498476,0.006196933210287136,0.013547908207809111,0.04617627377247392,0.0018485072504732893,-0.002725893624332141,-0.0068118197196045
2023-04-26,-0.0034692702446439704,-0.010762998006363052,-0.030693089336577897,-0.0174486722399217,0.0014639653494182931,-0.0012382832267219966,-0.009961324112944519
2023-04-27,-0.0063378308773313664,0.009592807326191527,0.004038677392195306,0.006847878334392704,-0.012867553514719153,-0.0026891106870337695,0.013958449604220392
2023-04-28,3.573013370512199e-05,0.002275777616964504,0.007023688974677546,0.005014812082423193,0.004413288997589439,-0.002570696786322399,-0.01161291252424478
2023-05-01,0.002059448696092384,0.009005502280359802,0.006783256136008591,0.004765823716818308,-0.00048731076836214054,0.0016479462903641784,0.006770121900399744
2023-05-02,0.0019071952816989233,0.0317724545988657,-0.004904999480018041,0.05461502103784275,-0.007768343918353545,0.000751021864314458,-0.0053125042067440845
2023-05-03,0.0013749789376305507,0.012253375061098833,0.002145289781350863,0.017759590147469598,-0.0019573347262417167,-0.007677727958559719,0.013493485719036507
2023-05-04,0.0004725536810391331,-0.005835104913759754,-0.0042470374887661755,0.003868364751468881,-0.005399757863182255,0.0007456188812454088,0.012877560651447965
2023-05-05,0.008590306329288791,0.02017175042819478,0.006836854385177878,0.004681661694939949,0.0007860274290585926,0.0001758449175837063,0.011925751151933228
2023-05-08,-0.0008800440771668113,0.0035899765424028283,-0.009074049037051042,0.020330719063948427,-0.0033077683184469173,0.003148836520970953,-0.008127681604241228
2023-05-09,-0.0026768514293812975,0.0141940092041171,-0.005208820740811813,-0.021190752550409416,-0.0046582246911051044,0.0038858374051757498,0.009656881564202722
2023-05-10,-0.0027000138631139156,-0.009067358066157502,0.004988764118109228,0.0213805139748005,-0.0018687323088431385,0.0011617505378397881,0.011587836687013834
2023-05-11,0.008962039839884495,-0.010036294630946572,-0.004466001628485619,-0.016106631201370968,0.0060185564920735984,0.0001622161810775659,-0.003996635885784519
2023-05-12,0.0008373733357335877,3.992630366521352e-05,0.0015877483455051568,0.015893773983867168,-0.005972213521061688,-0.0011008833252621015,-0.011261619028678843
2023-05-15,0.001256230544483754,-0.0021119995533240236,0.010918832126129324,0.0013946472466861831,-0.0015389670293054405,-0.00037848015979095417,0.02173725942601772
2023-05-16,-0.005930342069731842,-0.010471136024440325,-0.002461387569887782,-0.009105566694326252,0.0017025759856835671,-0.0007770271653077164,0.002195909512964613
2023-05-17,0.0008213140139625276,-0.0012104649852273323,-0.012259316860419242,-0.0009039923495944521,-0.010948008423867348,-0.0036395452399952564,0.006363338246623427
2023-05-18,0.005108765013904676,0.029815460659400543,0.0009663950356139897,-0.010208485951331406,0.006531887200705992,0.00974151308204789,0.015887898369859436
2023-05-19,-0.003790329759437374,-0.0037301710517669406,0.006951827853623806,0.0173950170000578,0.0025148170650978836,-0.002100759634739403,0.009800962317528018
2023-05-22,0.00406741483637488,-0.009584880870904743,0.013581602777536663,0.014383447289446558,-0.0037849493405843516,0.0036809095886833868,0.009518775402035981
2023-05-23,0.003754621250486344,0.0200297878544623,0.0035565355772707507,0.00781656638966554,-0.013308466379193487,0.004746496125427837,0.0162798177853032
2023-05-24,0.00577415416954123,-0.008872144248923351,0.010606464992615187,0.013241775121939907,-0.003147439812265884,0.0042893790621063976,0.0040870136890560115
2023-05-25,-0.006442068320030146,0.0036780073507691685,-0.008963737760548872,-0.023677284674553174,0.0020525994951545584,-0.00014053391613993665,0.015503842846977048
2023-05-26,0.0010768787556474152,0.009363631218775002,0.006614103097597751,0.018673433994722904,-0.004550477897188436,0.0008852148892022752,0.002645860565991892
2023-05-29,0.002964741706384612,0.004011653391477835,-0.004358629154305948,-0.007195087343534842,0.010425525592397834,-0.0053396767969121715,0.006145212161631164
2023-05-30,0.005315800704986523,0.008902057528754379,0.022279240535233235,0.018589669889687504,0.004663172037543263,-6.054333137643549e-06,0.008747943087652608
2023-05-31,0.003076736201763064,0.001068553486203673,-0.005904450608159039,-0.021658779575230727,0.002352918446735723,-0.0047452236306778466,-0.007340872376068642
2023-06-01,-0.009376992280215839,0.005306010114805223,0.00908908293350682,0.009892958216676379,0.010037482436242149,0.005457620780931673,0.007849899595972553
2023-06-02,-0.0001028588588261693,-0.004549127312283823,0.0052433613693590505,-0.0017761464461093384,0.003542542042683494,0.002858543133778026,-0.004004608720300716
2023-06-05,0.004733156959793249,-0.0009391779813485264,0.0019081048877413135,-0.017633325097432498,0.00025059858615932387,0.009455210941790772,-0.01558310588100214
2023-06-06,0.0021008549128923647,-0.0048043109706772825,-0.021281091975876926,0.0014256928212758573,-0.004856984116697905,-1.8815379158504956e-05,0.006882855417735884
2023-06-07,0.001288396469227573,0.004117291095666023,-0.007382627495908139,0.00928752478516228,-0.0015107184622534689,-0.007992917990663796,0.011793461720959183
2023-06-08,0.0048819455739935865,0.0194117506421012,0.025238789502991483,0.01908018404429294,0.006277040542665192,0.006606613162970942,-0.006044365282052503
2023-06-09,-0.006337898624164637,-0.008868881139682594,0.009746967075143735,-0.006016659270397627,0.002443234180065261,0.002227565016776219,0.0038756517819280175
2023-06-12,-0.00476054539105325,0.0015662111499809696,-0.005256728353068316,0.028247995018458854,0.0043679008976558464,-0.002544625610082674,0.022393797191801155
2023-06-13,0.0017248499335533454,-0.019414013429864152,-0.002057742222481553,0.020030207726100743,-0.006781074592278799,-0.0018624812464613995,-0.016488335553908554
2023-06-14,-0.004454546880279207,-0.012259650643041176,-0.014558972105161341,-0.012924983132629532,0.008230002100426933,-0.0007408240969935242,0.003443705337670682
2023-06-15,0.00471628971222374,-0.011385934859017306,-0.007592899844290086,0.005080796020055948,-0.0044465911708907475,0.001993855544808114,0.014935993821406476
2023-06-16,-0.005471549741900594,-0.007054432522114007,-0.004236902232989079,-0.007407265824734226,-0.004591403048908396,-0.00277936702672821,0.0012814826217676701
2023-06-19,0.0010095412675916553,0.011408283937380635,0.0015806134913186705,0.01942562143927243,-0.0031601976695766233,-0.004610363269768824,0.0016770883966746488
2023-06-20,0.0021999763994371103,0.010841265097289008,0.01646718257117968,0.009330888442247628,0.006463818442612075,0.0069556057267074825,-0.007722922789247886
2023-06-21,-0.0004905666243220671,0.03229651849613181,0.012002803014854659,0.017516069602220213,0.007573777292024946,-0.0032027913938863016,0.000839366522814523
2023-06-22,-0.003699204171615907,0.002944337837892676,-0.004245361805652519,0.003203642601886964,-0.002461693169753418,-0.006768558206523979,0.014017561879657636
2023-06-23,-0.006698807775972811,-0.012004917061700732,-0.016126440293508258,-0.016006512624341926,-0.0009526644774214782,0.0034379358651622327,-0.02242814146984026
2023-06-26,-0.0018788390382930595,-0.02195404736210996,-0.008675853260249226,-0.004230952120178342,0.002372769934543816,-0.009235654238651648,0.0039981695019275345
2023-06-27,-0.0035405721942691707,-0.01637992219680418,-0.002015803042042259,0.008049190993899941,-0.0025799671597342847,-0.005537688682184095,-0.00017799906582706263
2023-06-28,-0.00255072319871643,0.005661067174114638,0.01058227946870633,0.020838010337519055,-9.000684632016977e-05,0.00436130730022033,-0.008061471528168577
2023-06-29,0.007481487615493497,-0.009170463724869887,-0.018199622865560774,0.010691441144824291,-0.0054703872751375796,-0.0006635177274050468,-0.01727881948291624
2023-06-30,0.009804443174358244,0.02566894949685375,0.021404736289074983,0.005925979305651347,0.010449679727951577,0.0033417868098979554,0.015068329762517721
2023-07-03,-0.001292442587335863,0.017862214262213818,-0.0027399463842693772,-0.0017303180424469095,-0.0016440115567480209,0.0013206836060634167,-0.0016695245616862142
2023-07-04,0.0022990283675129396,-0.005029486294547868,0.00821223075038563,0.0232008859787089,0.0001461508182568858,0.008390674908978218,0.011420487736003593
2023-07-05,0.008902972775014237,0.002922735117285776,-0.012807866437440531,-0.018583825580640406,-0.0019621894702874674,-0.002812988242315715,-0.029561691253120744
2023-07-06,0.004448599770913272,-0.020423349841599055,0.008593548137229606,0.029335872252746545,-0.005809042705217893,0.00039268263875066824,-0.004941618550026968
2023-07-07,0.003658314125532292,-0.012882040627645707,-0.0012415607482834765,0.012427807336176587,-0.0011559620371760315,-0.0068298693482919505,0.013865986696464955
2023-07-10,-0.004833919841138986,-0.0015986288115613385,0.00421889020205237,0.0053582054279902045,0.014146389066177337,0.003350332956550683,-0.00397884986499312
2023-07-11,0.0027606591516662555,0.00337562267480722,0.0019596610800818705,0.0033334725924132774,-0.0017150405695461996,0.0012377335539335132,-0.005499377228117399
2023-07-12,-0.007234808733713438,0.009914467707207662,-0.006566639143072724,0.006798362138019336,-0.005470336269624154,-0.0037443481562711134,-0.006278015648038394
2023-07-13,0.004143199685187454,0.01562206821850654,0.0035609166209617424,-0.00675788061669749,-0.007356621514825862,0.004151456410574607,-0.005812962191899216
2023-07-14,-0.004119056655478822,-0.0018638747568541984,-0.0045633819772221,-0.022624751383020992,-0.007801432858572982,0.0009896918795155878,-0.00700475085263742
2023-07-17,0.00239104067700773,0.0024569447162835073,0.011572777545322144,-0.011035562744058175,0.0035150540004241513,0.004012279375093146,-0.007801433226461287
2023-07-18,0.004858827112563171,-0.01794015396726297,-0.008272839405925478,-0.03479228350933201,-0.0035553641833129656,-0.00033985060208037465,0.00255366240191213
2023-07-19,-0.0002711632901077422,-0.007543176654493519,-0.015836826868587173,-0.023961770134530914,0.001319479881385973,0.003211074241172623,-0.011526963607234327
2023-07-20,0.0051940732289563404,-0.009290225850268879,-0.00288672491925489,-0.01028964830627889,0.009431847948673026,0.0014489148838636263,-0.027328265389112552
2023-07-21,0.004156629116696278,0.02341349470155007,0.0017099104019067427,-0.011249925344492918,0.008054385416106037,0.009914830670140918,0.007031163260472034
2023-07-24,-0.006142045701398135,0.005832321631222051,0.0028509321458571628,-0.009405897376782912,0.007839641926140012,0.0024068285051440123,0.015693698433457352
2023-07-25,-0.0038959178688866424,0.002620542581095747,-0.00950202676420072,0.0043603626381944335,0.0073638177320637845,-0.005746960648971843,-0.015208966491108328
2023-07-26,0.0041719106495650546,0.0013522930939956384,0.013246186925168086,-0.011501343935653413,0.002805005910774253,0.0043700049408492425,0.001337589500435243
2023-07-27,-0.006805011673955565,0.03006823961586948,0.003388175297671639,-0.010055173395110018,0.003808728807934733,0.0031166528391875265,0.016952656758976715
2023-07-28,0.004058591193528703,-0.001068246766928564,-0.015415574983081163,0.0009222650412865144,-0.01011438512520088,0.0037494028706243996,-0.0117923355717049
2023-07-31,0.002889849275613831,-0.006842017283166851,-0.004366883007739292,-0.01650024467612801,0.004737462352147931,-0.0017204026968806712,0.004643115983064819
2023-08-01,-0.00203076887478022,-0.004016940298044302,-0.0004925959052752612,0.002654745915860936,-0.005911015121004887,0.0020548828087997334,-0.00232927673378795
2023-08-02,0.0025256097479706275,0.0005864822293006863,0.0068935771098398956,-0.006073567754726534,-0.003135499050044447,0.002365842913496464,-0.005309976599089439
2023-08-03,0.006185164033786568,0.0032285025554611726,-0.010839462488018052,-0.014605922056817306,-0.0046594836458063674,0.004573555669923546,0.004081668374372032
2023-08-04,0.00010582605294677815,0.0031316255832101246,-0.0002269572049812823,0.013869081968008488,0.0027159602349507567,0.0027057020703697486,-0.002431757772503081
2023-08-07,-0.002176247113295132,0.006553661983155289,0.015467183243768395,0.02343315666292929,0.009568393498271306,0.0014650821180352237,-0.0075243724037448384
2023-08-08,-0.003174759653240187,0.014581411712833555,-0.017444212658642343,0.023934744321241912,-0.0064471099521296645,0.0059077457744344695,-1.3824341497399933e-05
2023-08-09,0.003240292321146582,0.029397379206755288,0.0012733467509777382,-0.0010946199546357028,-0.0012388934563446338,-0.0021988970853058626,0.0012978731691876244
2023-08-10,-0.0018693703849343634,-0.016032055399300055,-0.004157799456035502,0.0038864015738722833,-0.0068914281138041655,-0.0020305376305525154,0.015720413864387505
2023-08-11,-0.005328142308841213,0.02016261009008184,-0.005895278216747271,0.00881842322068282,0.007266035003979371,0.006466587895617096,0.0061110895628534384
2023-08-14,-0.002428030752405295,-0.010737564513537995,-0.007336587735264038,0.026843107788400978,-0.005028630439054892,-0.0007248197527344489,-0.011535688001980241
2023-08-15,-0.004275390041912804,-0.001968288908203162,-0.004533749564685667,-0.002896017920194357,-0.009366297111124626,-0.0012843973133386337,0.02033644227949524
2023-08-16,-0.0030621626618120325,0.0089119204206378,-0.033731308022416355,-0.016953327136164143,-0.012629096221097173,0.0030973312600582376,0.0068577517598141765
2023-08-17,-0.0037873460096695647,0.0013702586204325533,0.01095119213479556,0.026153324969205607,-0.0030253587949016668,-0.009051001734005236,-0.0015609265135681338
2023-08-18,0.003414587956489443,0.026080833936072554,0.003673413513400912,-0.005315564403877378,0.016886622058840044,0.004401448982248614,-0.015458693581706755
2023-08-21,-0.00012563196667290065,0.011449345563515304,0.0007713011375134538,0.014872782044637944,-0.009032625535879408,-0.005852427134149432,-0.001553866014889827
2023-08-22,-0.0007787770839928804,0.0032541014528174174,0.006599148090936769,0.04095498440422266,-0.00546905662842071,-0.0022193674509585755,-0.001911938823823643
2023-08-23,0.004667566868758581,0.015196349186480487,-0.0009566889568824067,0.032159876918436775,-0.003883929465092995,0.0039024037917987555,0.01871268977432233
2023-08-24,-0.0050963361945609315,0.004202330447843712,-0.027659448182646543,0.009979643417810874,-0.009386170046076388,-0.00016153377988360998,0.008265080162564678
2023-08-25,0.004830567919934263,0.012377968881367727,0.003726121579370274,-0.005338698569352866,0.0018436577399110659,-0.002768380379893547,-0.0008949937660811045
2023-08-28,-0.0008127862268489249,-0.01007486157226831,-0.01817039622961066,-0.025683543858768112,-0.0190774241500133,-0.002774843466643809,0.003044078329750697
2023-08-29,-0.010380298483931141,-0.002220163883031649,-0.0045691123192656185,-0.01377420173013094,-0.0036659948716054568,0.003150023508237402,-0.009813715363649498
2023-08-30,0.0006654052886437864,0.004054027462992993,-0.007144362538901845,0.014370679276203748,0.0016026874673326394,-0.0012894983681388445,0.0269643480863958
2023-08-31,0.004400326405951286,-0.01838237692346103,-0.004120272492170967,0.031094824525106517,-0.007974610560843611,-0.0015687642052135491,0.012739817942243003
2023-09-01,0.002959294504827624,0.010423676291520325,0.009585765744444795,0.0030544711376107453,-0.0026547770030981256,0.002726301894514737,-0.002023267462205805
2023-09-04,-0.0015754108203202488,0.016521968401956775,-0.002194917240549045,0.030163078002992814,0.0008935781796963916,-0.0008874321764995023,-0.016239591484647552
2023-09-05,0.0088294494099089,0.003544904167667877,-0.018737019104024328,0.006452373411367575,-0.000430523481174285,-0.003659347678795009,0.006357859431644192
2023-09-06,-0.009844961447245794,-0.0132598986239512,-0.007328839958458136,0.014544721459579763,0.009527893976722521,-0.00244621833630488,0.004430175780489739
2023-09-07,0.011343587533972611,0.004803282082624492,0.00906815307136834,-0.022640175869242225,0.015335183961275851,0.0006142539169385883,-0.0026906084612841248
2023-09-08,0.0013109461514218368,0.001244897145430934,-0.0034369127840545534,0.0024213981841366976,0.010232917622204749,0.009439907197792126,-0.008027683164663119
2023-09-11,-0.001447858774327397,-0.010604404258586417,0.024963410363610612,0.006699634335118487,0.0074031977616828195,0.003721498965423553,0.026505811753007025
2023-09-12,-0.0006408042085783786,-0.013780379931403368,0.016777877074048455,0.015662925471384707,0.002387540474082128,0.0059233126122343474,0.005554789846885517
2023-09-13,0.006629622386286811,0.005551437109934591,0.011864110638577936,0.008277748326891808,0.000180862189250678,0.0005094717666283391,-0.0030965748376612172
2023-09-14,0.0014119516998488378,-0.005129872509104639,0.00443329296896564,0.005465910348167502,0.0013143974570431574,0.0010430051507982047,-0.007152216739857141
2023-09-15,-0.0007779089960739905,-0.02052805496842269,-0.0034023732591790556,-0.01973880140014257,-4.881799983512533e-05,-0.003099236393341557,-0.0271014970157724
2023-09-18,0.009359800074167151,0.001108651752921512,0.017614846254115045,-0.009161075720635431,0.013317436727207976,-0.0014991010199053023,-0.00019356046500021749
2023-09-19,-0.004019171332186571,0.02868971882683745,-0.00037789418181939785,0.020814815731384665,0.0030892607288858023,0.0004078011459139416,0.012239277951359422
2023-09-20,0.005786708744296197,0.010174257194170339,0.0048429134304514565,0.007899176906579111,0.012797680155577109,0.00021723294172693185,-0.022837959473063864
2023-09-21,-0.0040360175888218015,-0.014300411147184753,-0.011251524423703762,-0.016331549735300616,-0.0016176669727004079,-1.027813244311977e-05,-0.0009045866039948376
2023-09-22,-0.002571120782560409,0.01027736984963117,0.005775261798150844,0.029463639216359375,0.004425245851119454,-0.0013432235388155117,0.019676763392098406
2023-09-25,0.001444347765072156,0.009759860893898464,0.008851385394095896,0.0013009625523496657,0.0022954007035146523,0.0006945463751918835,-0.0074317785798499745
2023-09-26,-0.008428805920465495,-0.012041912065643366,-0.002059456059497399,0.019342033452433353,0.0016322142377480481,-0.0027708180135294514,-0.0053697161378052725
2023-09-27,-0.0005694990135954155,-0.0118414803199914,-0.022161891729560537,-0.030797887925050452,0.006967614465517675,0.006967599165247065,-0.0024184064198663697
2023-09-28,-8.261122790715423e-05,-0.016581323714422173,-0.0033630847901653287,0.005940996674770182,0.003281604913965766,0.0019345536712608445,0.009892749871077229
2023-09-29,0.007921833343710211,-0.0012579780360435432,0.029990900037738112,-0.028516879473087585,0.0005487066120092045,0.003896264367742696,0.007016656965922532
2023-10-02,-0.000576544885348487,-0.006158827774435636,0.020778837725823052,-0.003859571688440388,-0.004363073544502352,0.007205352019824933,0.011860427254564586
2023-10-03,0.004528882570934704,0.004344347630898924,-0.011493308977291762,-0.002687809967499438,-0.008449202029827874,0.0006503209908778418,0.0064122202285090005
2023-10-04,0.0044516921930566195,0.0008896350738633786,0.008927056392074268,-0.013791765033312394,0.007871282657933782,0.004457968757212559,-0.012114644762956622
2023-10-05,0.002271457203829453,0.013933360505452677,0.003071755371081597,-0.01006881784805871,0.003209733083153567,0.0036588398267910376,-0.00927294939299065
2023-10-06,-0.0038805883508416395,0.004424897680812658,0.007331711288605351,0.038744339025915425,0.0024548063291441884,-0.0053389416851574185,0.030441862114349454
2023-10-09,0.004369961779236402,-0.021842040960224247,-0.011002820422478875,-0.016633604708475656,0.0041075212799091595,-0.009346165414412742,-0.006751931297807682
2023-10-10,0.003274205184917326,-0.03216869791435773,0.004936748491503406,0.00683521723850049,-0.006367359900413972,-0.005679311109295151,-0.01115602685296257
2023-10-11,-0.010538424938166287,-0.00862975538106178,-0.0021762153609314653,-0.014553715781365719,0.004230561699660726,-0.0001885570417823269,0.0034693341360824193
2023-10-12,-0.0014579916764876997,0.00814205778937786,0.013105823455552409,-0.00022442605525118005,0.005987375120287125,0.004300982281128739,0.006927834356957342
2023-10-13,0.0068582377395707194,-0.005550557559103586,-0.0024534870216094584,-0.017217677467763964,0.005632270770580783,0.0001732441765443388,-0.013291090949767147
2023-10-16,0.0068026112962910066,0.024512062254029104,0.001706256879886833,-0.01936923996933499,0.014689112021807078,0.005060321643277701,0.0015537893480040835
2023-10-17,0.0005700053508928614,-0.009256158004148331,-0.004825771588726872,0.007694333947317819,-0.0037336342126670966,0.0007726899322687451,-0.0010704899832076065
2023-10-18,-0.004077561135072588,0.017381087578307648,0.006428219512082791,0.012992125264928595,0.0038494143956482717,-0.006264992425814835,0.0021932467829424455
2023-10-19,-0.005959221252934289,-0.0012198255160487143,0.0011645727811138362,0.006183247997002679,0.005842259362423035,-0.005995754085166156,-0.0056576033821693385
2023-10-20,0.0018073971772592293,0.003927231130265755,-0.011832489256427454,0.015979580331704185,0.007892307156276578,0.0014835190621705606,-0.020459726008236367
2023-10-23,0.0007889029781164694,0.004375409415898915,-0.0018862175029592152,0.02137387799338445,-0.0012946960955126927,0.007660526111145818,0.008373969870410905
2023-10-24,0.0012543239708443876,0.011467111331571562,0.01670744561355939,0.020003213633844448,0.0010557824553394325,-0.0015475103656172548,-0.006277855378716241
2023-10-25,-0.009612906948353902,-0.002276134546765189,-0.007136470679354065,-0.0012727076372102421,0.004068977481357012,-0.0013219850306461966,0.023006355496119426
2023-10-26,-0.002142406489893474,-0.012501171206395689,-0.014339633478763311,0.007045073107096901,0.004178981396617407,-0.003535836222560597,-0.015257413200391952
2023-10-27,0.006271124016666212,-0.014403423101565128,0.01042756494567354,-0.01236625169103699,0.0038553922747967943,0.005334216069350163,0.000325171325578462
2023-10-30,-0.0010310279418511302,0.016082169568579493,0.004291399923079209,0.062474551190555505,-0.011489893250931362,-0.008250406394003386,0.024091834091718497
2023-10-31,2.2994938849030613e-05,0.009396553816074424,-0.009692254518037575,0.0008849678235965118,0.0026270401539423916,-0.0019307066103604444,0.0028632121876612576
2023-11-01,-0.005296121742563429,0.0022835325060008255,0.012735738613108071,-0.01213759102416342,-0.006334880526061747,0.004945164773257781,-0.01077802254688093
2023-11-02,0.0035124144213961772,0.0022197445892906285,-0.002663383840061449,0.021032669178655625,0.004955394480094798,0.0011307018509099387,-0.02583205053875351
2023-11-03,0.002999023768761738,-0.011372883300287684,-0.0023826690840552576,-0.0039536674837034914,0.010826296013124579,-0.00041862082333813197,-0.021547226871614585
2023-11-06,0.006028593203811729,0.011305609425664866,0.010719351534501534,0.024921360548726228,0.01143015969871874,-0.001859015516102706,-0.014054639595616503
2023-11-07,0.0035198875049359426,-0.001547534559156355,-0.0006586125472823213,-0.019407766233510062,0.004854695848645205,0.0027468730578763447,-0.005791101902679149
2023-11-08,-0.005403386344793088,0.01189663430747631,0.0020833206622827166,0.023846181169887654,-0.012992845744810522,-0.0010167106979793268,0.000830908264063173
2023-11-09,0.0002945895999389892,0.011305538628830639,0.004996949390608027,0.0040583535981633485,0.0012536335180275719,-0.005189047985836884,-0.005491800722704466
2023-11-10,0.00463516419423913,-0.003929497526429106,0.01230883511736947,0.01280091616318328,0.00603539199230859,0.002227706067941648,-0.005648473401583753
2023-11-13,-0.00045461013000622176,0.00737561725572177,-0.02013701363397874,0.016725382761736882,-0.004746873072054237,-0.0017151094432857493,-0.0005608802886430792
2023-11-14,-9.330818289894063e-06,-0.015607054729272216,-0.00016653992817645095,0.00658504314890689,-0.01306400879999337,-0.006492577019122586,0.013464698889286959
2023-11-15,0.002989197448842415,0.004871967692229203,-0.005136742787097812,0.009619760465869738,-0.006925412142901088,-0.0008887161166090183,-0.013347648634949874
2023-11-16,-0.0004980097963073306,-0.012466404126840799,0.005936975990936735,0.006450253219117449,-0.003884936409664815,0.003633500027134587,-0.011179199034605737
2023-11-17,8.861685072494537e-06,-0.007307897803699857,0.006531231100513593,0.010588630309627058,0.0072277911407164054,0.0005723679920910097,-0.03450177685886098
2023-11-20,-0.001573479264784593,0.01784505133222606,-0.0017134832389705285,-0.02519954415319237,0.004845437021001615,0.0036836337922621218,-0.008269260000373842
2023-11-21,-0.0008369995047277676,-0.010446666831864104,0.003759649848718335,0.0006845024855545041,-0.007138700146313296,-0.0006700952109321514,-0.006775752497964818
2023-11-22,0.005994261038411831,0.013282942768322679,0.0022454578335719287,0.0014702982068750888,0.007913886390088803,0.0010576909223556413,0.0078010522010522705
2023-11-23,0.006059562985439145,-0.0031146544589862987,0.01781920965961134,0.02166003703178654,0.0026549293418066246,-0.0007929993717034972,0.004973993863443863
2023-11-24,-0.0008280066397676335,-0.009795733445010791,0.003928473100079084,-0.015912731919137415,-0.0014739844784760062,-0.0010219892206108356,-0.015836082196497108
2023-11-27,0.0027838963233495647,-0.0014738106963953321,0.013525025355848498,-0.0019681263827717567,-0.0006914885798179563,-0.0024888011106947183,0.0033124779190180477
2023-11-28,0.0003287134872997702,0.008930916932743076,0.0017805400967139942,0.03501071261451581,0.0018879512909562085,-0.004124086516992638,-0.007330870644396625
2023-11-29,0.002289196560340772,-0.011069053687511635,0.00541986989739801,0.012167282702836938,0.0049226013954022894,-0.003280925775698585,0.010132019461495664
2023-11-30,0.00144036098575859,-0.006581267532134316,-0.0017625368626630925,0.005250990601475915,-0.004364388327495869,0.0006412579632727557,0.016118801055100128
2023-12-01,0.004006236572107028,0.0027579992447057233,0.003946968135545448,-0.008675178034389311,-0.0012738458689168727,-0.004946402549218507,0.004735721128298944
2023-12-04,0.002880002257604078,0.0004379894318250237,-0.007567498395425343,-0.001859571899067056,0.00786566091700663,0.003992382376557873,-0.005355859321493473
2023-12-05,0.008339747199825562,0.03575358124518431,0.0019448274441901485,-0.0005599771157008812,0.00798820807899641,-0.0006082295645576728,0.01213278889592015
2023-12-06,0.0005558720421900984,0.004641848405373435,-0.004909209760530413,-0.012291645286737669,-0.010732383202478468,0.005569056504914092,0.010755632026406047
2023-12-07,0.0028434444420108364,0.005394666440626516,-0.02102773093222456,-0.01674960415000084,-0.0014196127095423524,-0.004184022154569164,-0.022238619751373083
2023-12-08,-0.0037594636142111006,-0.0011262040406967145,-0.0008184367401816783,0.01634412744223896,0.010631597090102916,0.0024792582901296506,-0.002950144948590645
2023-12-11,0.007351328552292988,-0.015477891148843641,-0.019617224112382165,-0.025283775776616127,0.0045450884408842224,0.0008379956460421423,-0.023810251891216147
2023-12-12,-0.002758387230247029,-0.01598802058964885,-0.014761408185434335,0.019460978299133794,-0.004289264713005814,0.004472528380168923,-0.013869467395403156
2023-12-13,0.0023145061919654553,0.003378184768125759,0.010002520705451545,0.005680934841889556,0.006976824102723543,0.003346955509729125,-0.012942349463040308
2023-12-14,0.0032808682166298067,-0.00010430888358703224,-0.006297603798429862,0.007352874429521413,0.005112168263980967,-0.0016642778381574426,-0.006440577744064814
2023-12-15,-0.005198498544248662,-0.02410851915486533,-0.006433237486234697,0.00897445952364837,-0.006482854825667003,0.003222568099528038,-0.004945312589071219
2023-12-18,-0.000454039813106715,-0.003991668231111368,0.009297640974947678,-0.013182407337674736,0.0004946487210900276,-0.0012882361421388724,-0.005338798827505383
2023-12-19,0.0004906178173419492,-0.0014812167602808195,0.010565494570840007,0.0017868938592411929,0.0041306319913153935,0.0014969303125228015,0.016527969642313043
2023-12-20,-0.0008595436548183432,-0.004298477262856711,0.006813266411632568,-0.0036251843521921488,0.0033791124886128317,0.009523807504261834,-0.014222513196558513
2023-12-21,0.006476701011404369,-0.0032826578809963657,0.015125215980423339,0.00986422540323053,0.00511040260016371,0.0007452765618455284,-0.0033066486202828443
2023-12-22,-0.002538039345246929,-0.0014251491388912357,-0.0025276882297897724,0.003555586531303476,-0.008836183932260516,-0.000802155838163883,0.017026398826567965
2023-12-25,0.00412620593932186,0.0017721805795293368,0.026913581423670382,-0.004557745063830881,0.002793913512846056,-0.0033783574260832236,7.169461100412029e-06
2023-12-26,0.007501278865109621,-0.001318099998569796,-0.012416022787101987,0.005967687159456712,0.002129928237015819,0.003277686817538249,-0.00966729180870269
2023-12-27,-0.0036785080474380553,-0.004191367683056308,0.004041333042938597,0.0011480777212189315,0.0018802805334643617,-0.002144412654799992,0.006637045470716102
2023-12-28,0.000337944210484775,-0.008580080524735337,0.0008070378060339629,-0.007703157432284409,0.0036653303065606957,0.0036619772478772524,0.0020771303753288665
2023-12-29,-0.006189970083473842,-0.01458923704406303,-0.009586615234406171,-0.013958625141646062,-0.004938040977494445,0.0022122220043075233,0.005484335163920298
2024-01-01,-0.0013454106170798614,0.006058250244268238,0.0037008386624213163,0.002368575125635892,0.007225523466661339,-0.0017373316106563687,0.0019873801924314154
2024-01-02,-0.0038534535450723633,-0.013990535046810528,-0.0158584189759358,-0.01963254810458601,-0.0011632948167495712,-0.0021984043729558326,-0.007161410271290364
2024-01-03,-0.0008466562123005995,0.020293746762875146,-0.008959725805262133,-0.016907469580327086,-0.003369055862513965,0.00048824359253182305,0.007559880644048761
2024-01-04,0.0028243581878749646,0.012120867116330399,0.001435075092328501,-0.0050211739574499295,0.011227496769878035,-0.008944297349715436,0.0023978174804086885
2024-01-05,0.0020700331530541763,0.022803841200554318,-0.012866240762152092,-0.006243735617247367,-0.006583986057607467,-0.0064918656484506945,0.0015625576602816829
2024-01-08,0.0036823854441053287,0.015607473121751527,-0.002058785999044717,0.010835159341422908,-8.076491072523274e-05,0.0028167530564001965,0.013896284259226782
2024-01-09,-0.0004269241852737059,0.012227865647582875,-0.010443068035960568,0.010383785276064933,0.005572850098670532,0.003686209961474478,-0.015257238221051735
2024-01-10,-0.0004732465703882114,0.003014618727539185,0.00477394463716862,0.0038219905684722996,0.008789353861493454,-0.004124387381681868,-0.001421947575349806
2024-01-11,-0.006401109497273873,0.00413266285105031,0.004056109133580124,0.057473647097569365,0.0029835739278978677,-0.0003177296685093373,0.008978130224648481
2024-01-12,-0.0009164476001359825,0.0007782390721957048,0.002751264052561111,-0.029138261552585094,0.002889989699152019,0.0016550255229282416,0.01847301945754053
2024-01-15,-0.0001766886851043646,-0.009519619960295975,0.0017975115385945835,-0.000200834245555124,-0.001091704843626364,-0.005154264804868621,-0.0009043436625526135
2024-01-16,-0.0019667747288231482,-0.003810929927293778,0.006378901846712089,-0.0085541835825375,-0.0007098122843419483,0.0024210837914263013,-0.0027686200979925154
2024-01-17,0.010786776563571836,0.007449131255447965,-0.007588870074104741,-0.01959335534010905,-0.0028573629141461637,-0.0017347599671716759,0.0026262221254162612
2024-01-18,-0.004076051656549648,-0.006121214395360599,0.00946478454926534,-0.00465386052279379,0.00405858974123124,-0.00609956491515018,-0.0010467970499336485
2024-01-19,-0.003193792624063219,0.0017618569690627905,-0.01073564222079851,0.03176266388251549,-0.012089279373984334,0.0021164671313419073,0.012938237207312499
2024-01-22,0.0015894484993784176,0.0010035573606492908,0.019068035941961853,0.0421895333035957,-0.0012520630721130383,0.0005354738444101527,-0.0005593522147578779
2024-01-23,-0.004327164207768397,0.003189768748100549,0.0016401994943140248,-0.021446245265746244,0.0035926763110267646,0.0019115808128412522,-0.007000533149267089
2024-01-24,-0.002316098975035561,0.003628086567696369,0.015667625224467286,0.011998420108020786,0.005287366488044995,-0.0023916735009571932,6.0004902141151757e-05
2024-01-25,0.002782074691741988,-0.015221298905748118,0.0015413867270679673,0.0033925753367538337,-0.0007120806908847533,0.0009228226640855297,-0.002322073025270432
2024-01-26,-0.002138654187919204,-0.015297225303962707,-0.002987803405369979,0.017732203292424722,0.0036575470417491082,-0.0024644287868844667,-0.005571407224456072
2024-01-29,-0.0014088550541441992,-0.006206807045237339,0.0019441852191970613,0.01646422627296871,0.012011225084032674,-0.0031206738598824895,0.006606388529933181
2024-01-30,0.002519344391193659,-0.0031359908049227807,-0.0093190932965126,-2.767069554683417e-05,0.011856078274338959,0.0015062865658422768,-0.015174765365318634
2024-01-31,-0.0002790672004251505,-0.014010373381413383,-0.0011748119860735306,0.007705976700992095,-0.00529329465253449,-0.013579286409579765,0.006848132074667238
2024-02-01,-0.0016562165105691207,-0.010008916636748176,-0.008813362690191817,0.0030811386464031708,-0.003964983121297276,0.0024056690114757006,0.008388843954162596
2024-02-02,-0.0007325314023920728,-0.006866813473665218,0.0005241990305338803,-0.0030650184792721464,-0.010350378338397664,0.006668058848796391,0.007409051182055506
2024-02-05,-0.0015039459596656473,-0.023770695129255403,-0.004585242003422255,-0.01407267586114762,-0.0016755833698109373,-0.009193932618611778,-0.006934895715702604
2024-02-06,-0.001295292751279761,-0.0032215765587305504,-0.0028303398939710316,0.0002523741525765602,0.008342132478853256,-0.0017437407843311921,-0.012215059607078577
2024-02-07,-0.006559343676892393,-0.009373129138334777,-0.016635735858492873,0.012866624766414822,-0.003938662967535992,0.0013597793189848149,0.015265403779408316
2024-02-08,-0.0031102422824364176,-0.005878257823498803,0.011658193365581392,0.006361661682517557,0.0029830957703276383,0.004158806500139275,0.011014563751026035
2024-02-09,0.0019914433426505545,0.01710540852419017,0.0020972169189064278,0.010822715720209538,0.00023413187191599063,0.0047376016192396215,-0.0063913540433810055
2024-02-12,-0.0063814463879896585,0.004541050970759737,-0.0113294984355427,-0.015466769142537565,0.006728953384096124,0.0037812296419439226,-0.006704124683232426
2024-02-13,-0.011831890577352752,0.0006446709061943796,0.0029636199557630943,0.015718289981037754,0.0007051401520134042,-0.0018526060722704424,0.0012523931502243897
2024-02-14,-0.004074661305453713,-0.010465164605862711,0.0009427272945623439,0.005754690046881945,0.0032506548611511673,-0.005991228512451205,-0.017505376025225713
2024-02-15,-0.0011688251959656335,-0.012984367687941702,0.00028825215690962144,-0.022157766672188658,0.0070789008575091765,-0.002566202125325342,0.014785923140580668
2024-02-16,0.0024472139558103408,-0.011775782778835996,0.020309163195672605,0.0052186061423816705,0.0020870432245689782,0.0005887940402734457,0.006321402697523729
2024-02-19,0.0024516890136379106,-0.009516501842555786,-0.002070651415002354,-0.0020049412959131352,0.0031960159885224635,0.002418418603011402,-0.0023914549282483782
2024-02-20,-0.0018512987015161732,-0.008328007244534766,-0.012930736842611328,0.005530072013260281,-0.005538488570782565,-0.0022271822897118377,0.0017400718475881081
2024-02-21,0.0003657367220877913,-0.00025949251102748693,-0.008522134831344536,0.0018817250437506584,-0.002381647188241129,-0.0007850265433940704,0.012376052253922475
2024-02-22,0.0023712790922001234,-0.006062603093055921,-0.001087845057324315,0.021989524248522182,-0.002836165446974186,-0.0006214646278614786,0.007651219489100574
2024-02-23,0.0012107686415030949,-0.004235859060076275,-0.007095303355440892,-0.0033875649127504317,0.003469855997920982,0.005110063246939301,-0.021755363245760388
2024-02-26,0.007401159344755949,-0.0004487514885780679,0.011687760420360436,-0.013020161945145658,-0.006528032500171665,-0.003695843013189702,-0.001891442247662501
2024-02-27,0.0024463791614389666,0.0011134394296690203,-0.0012765374383477347,0.01585881664941926,-0.00026372759498601234,0.0009267406778918082,0.035357540095000466
2024-02-28,0.00031784587285465306,-0.008470140620406607,0.004155147050795399,0.010523181129936367,0.0012152278083901375,0.0003870294489620713,0.016515159016903307
2024-02-29,0.005779005814666159,0.0008537215227410743,-0.0040729400053638055,0.0025193165214541695,-0.0031431445707464636,0.0036293044606638563,0.0020132824518321727
2024-03-01,0.01103015752923371,0.022085584431455942,-0.004319262195929492,-0.011065208046977307,-0.007630329337987943,-0.006535857550333189,0.0038220303628251936
2024-03-04,-0.004419549729939726,0.017125132562359438,0.012028240676957186,0.004638668173685013,-0.0004624617019917906,0.006594945886667148,0.0245220112505487
2024-03-05,-0.0033804032892977803,-0.01446879928537983,-0.005368801243527472,0.004494909942662114,-0.00491841724241752,0.00030297818011106156,0.0212827071127878
2024-03-06,-0.005274142364019448,-0.008018452524606265,-0.01592963109308218,-0.015321223888813466,-0.0033714328446384535,-0.0039737561315898355,0.00459162645108773
2024-03-07,0.000953827019446297,0.003619353708923544,-0.0020443285456836578,-0.0036417553224180584,-0.001458827793952518,-0.0006606064354078741,0.005127716066439696
2024-03-08,-0.007543986785830266,3.931733623958749e-06,-0.010929545858710867,-0.0029966450055840736,-0.010704815314736407,-0.0029966393064924063,0.007167886940603922
2024-03-11,0.001978343141418572,-0.013202169046338407,0.003263341725947782,0.01519606124757473,-0.003776519306354383,-0.0007554376778045443,-0.02349329019787914
2024-03-12,-0.0034381474354702292,0.0016448597232684389,0.0084691884237411,-0.0044546938816129025,0.016148655981040434,0.0025918539944600407,-0.015620573450413943
2024-03-13,0.005298746934734892,-0.012498292648336117,0.003634356921677527,-0.018606429246213547,-0.006563351968867791,0.004126201615333446,-0.006431109911791748
2024-03-14,0.00705270978910799,-0.008920805375306403,-0.013912442118053304,-0.01612544001149189,0.016995063004205245,0.00437768378102304,-0.00570615380330666
2024-03-15,0.0024977641773523086,-0.004645810236446326,0.027109342444764904,0.011717029242420629,0.003946776247317863,0.0051564702609875135,-0.012273034356730822
2024-03-18,-0.0033673986684521,-0.004445654494628281,0.008181768035893341,-0.016620908477168954,0.00046952713346605165,-0.00023312653035748038,-0.01639329243692355
2024-03-19,-0.0018857329176630963,0.0055673335713016525,-0.014503715540883193,0.021140375348136165,0.0007714719088781157,0.00021685223609916828,8.424306096882066e-05
2024-03-20,-0.004219301546297613,-0.009624330836269046,0.001170723808977998,-0.00880242451917069,0.0005292224523232726,-0.0037495779245341073,0.00635130265793625
2024-03-21,0.0022543289679808165,-0.01831434190371815,-0.0005501494261757349,-0.028194446267476792,-0.010181507373826079,-0.0024977275829909016,0.03021794107573706
2024-03-22,0.0032515615044339165,0.01796194629509933,0.009022266538857397,0.007539641798471083,0.007397874977687027,-0.0006617426584117473,0.008507386749523754
2024-03-25,0.004858405963399003,0.01046687453347918,0.01494983713052768,0.006178441116639705,0.012286027849476796,0.0014503535522411935,0.024910121450123404
2024-03-26,0.00244443685965819,-0.003472739251250576,-0.011093032381869693,-0.016793273770715014,-0.005342791383225767,-0.0005043474381691661,-0.017160769982190613
2024-03-27,0.005321049954231043,0.003690600362240067,0.0028695541618371113,-0.019243585609962238,-0.0020904769706424865,-0.007206037748073784,0.020253637335127982
2024-03-28,-0.005320884296469811,-0.01867254606026417,0.010345416770624056,0.007859168827737564,-0.0007009593508945351,0.00044968018902762964,0.012138550228026956
2024-03-29,0.0007495025154140734,-0.018333087055202896,0.005696304776149151,0.0038398839149745697,0.006107605868307803,-0.004825812388799216,-0.009925573284228904
2024-04-01,0.0019183604399601384,-0.01070015131387878,-0.02334340847157493,-0.005747283054995992,0.0033092996653671025,-0.0014085479409980473,-0.001180886376528814
2024-04-02,0.0019634750993575856,0.0006505786670505185,0.0023013495063462803,0.020487725663556652,-0.005899042945052758,0.002470230969954519,-0.011955189464442533
2024-04-03,-0.002829130785398028,0.012558046575286887,-0.011159174688579982,-0.0022674908601642662,0.013500684327075116,0.004662231930391378,-0.012136971484835035
2024-04-04,-0.0019133080729122481,-0.0032367803343036033,0.012142088139172275,-0.012170564415421949,-0.004890363587264926,0.003257932781191812,-0.017235076457723476
2024-04-05,-0.003294319999050914,-0.002849449595847177,-0.0014578607536941727,-0.02017561685888459,0.002429211329971175,0.002537079797040616,-0.009531724829145456
2024-04-08,0.006993050004899757,0.006818520709672387,-0.006570949541673998,0.02089847770050062,-0.002939765362152848,0.0006046431888778132,-0.0064263882139121995
2024-04-09,0.002846620200052512,-0.0047894936737341845,-0.0034601503903102537,-0.005902658835855567,-0.00263211684073593,0.004169251559307618,-0.01777392980101851
2024-04-10,0.0002014088305017545,0.000794569178693908,-0.0008120631938865906,0.014883035423956638,-0.00924740044893137,0.0013497120921783764,-0.01188047088922875
2024-04-11,-0.0018851124378302044,-0.016855110203488656,-0.0056564228030793594,-0.012085308810010515,0.008383613342874923,0.0007676776714032015,-0.0004632156340061081
2024-04-12,-0.004280028113505003,0.006836950093856399,0.015451695084304114,0.021534497133109717,-0.007394311844457316,-0.0020741253289191766,0.01070635730243602
2024-04-15,-0.002158659917786365,0.029063113402189256,-0.002226686126345286,0.00633486451137923,-0.0021505347954189433,0.001591450643482676,0.021609127852259408
2024-04-16,0.0006094232467992823,-0.0023416859980099677,-0.01053705594255998,0.015925792089287783,-0.0023675764655490743,-0.0017704537590529095,-0.02700974272001005
2024-04-17,-0.00035886799368551844,-0.004937793690439869,-0.018507313529972157,0.01066348042547569,-0.005337796397849228,0.0056380366576927856,0.012163637201220894
2024-04-18,-0.002729623441782821,0.015000039285920608,0.016573183595804238,0.0003545440277103142,-0.0038713226035224746,-0.007214737373993266,0.014712101724051348
2024-04-19,-0.0037433156565274813,0.003168204294780684,-0.006396919283400865,-0.010326753377468958,-0.0034224106142089024,-0.005283963524615214,-0.0034855578328847414
2024-04-22,-0.0027964598832605067,-0.001443844509320699,-1.1909545117431579e-06,-0.014788144298647108,0.006768649160681089,4.170470013158364e-05,0.016092591016243437
2024-04-23,0.0011143322174683484,0.0013038134822281897,-0.0042620260091531395,0.008640374423919548,-0.0001564398884542796,0.00309966172408638,0.01728851742798854
2024-04-24,-0.0027574205583672036,0.006019946227077078,0.005536384881008074,0.011730569607198949,-0.002460448999766004,-0.0016831293214066827,-0.0015107584738630762
2024-04-25,-0.0022648757905277365,-0.01100412311078667,-0.002913314279630596,-0.012832332079855395,0.002016068708871503,4.882963626385542e-05,-0.00033306078181078775
2024-04-26,-0.0009439599135790189,0.00037514680210844426,-0.0026457359085789254,0.012589723308918862,-0.0033366596980514245,0.0007981055530421543,-0.01349148269086741
2024-04-29,0.0029983082286755753,-0.005303473067208556,-0.008495559269609841,-0.021991654448155318,-0.006418521243306444,-0.001821637856347865,0.01497021698643503
2024-04-30,-0.002423299468906603,-0.027318108066462003,-0.00013146206279782336,-0.020855387150379302,0.003707675105927472,-0.001997605282324555,-0.007586890156850366
2024-05-01,0.004939258381783324,0.009534042136869928,-0.009524908561104795,-0.019794051584168852,-0.008604142909001078,0.01057887677367554,-0.013914584521692173
2024-05-02,0.004829266561548584,-0.004159374818163171,-0.009416879916276426,-0.0050373296016395595,-0.001820406825295298,0.00304136659742413,0.004804504271838705
2024-05-03,-0.0022105714524883234,-0.018096211034923815,-0.014377243718153167,-0.04067487062861434,-0.002129689106913539,-0.00047856314086008677,-0.019110835063877982
2024-05-06,-0.00490462022620816,-0.0024153878313731094,-0.00801088534227492,-0.002355452743998469,-0.003363561849729336,2.7722161289763165e-05,-0.005734308903249594
2024-05-07,-0.0018049829211566498,-0.02315584362596774,-0.003553245340961763,-0.0025343125610046446,-0.0028468991274297655,0.006101967996607594,-0.0030841318699283316
2024-05-08,-0.0004759103609886507,0.005690316319663792,0.021220114066594666,0.010903251588989606,-0.011212349955985603,0.002037953672681565,-0.0019425163938727177
2024-05-09,-0.007539924774130883,0.016729824483850738,0.013927189332382671,-0.0025188131477486006,-0.0037473743157210248,0.0013027431245179045,-0.0013872736875566911
2024-05-10,-0.0003902962630406826,-0.008654492359232081,-0.004947227270356433,-0.023969500577684242,0.005093793786370815,0.005134099578809164,-0.006957952030936221
2024-05-13,5.029531473091511e-06,0.00744923169362462,0.0008756276172080008,0.02903274834171128,-0.008306175539500839,0.0024303537471656307,0.003072623987697066
2024-05-14,-0.004334863989844981,0.02469181728600483,0.02469670349089595,0.010604253504921505,0.005262536747010096,0.0001496124447560241,0.00663603592774512
2024-05-15,-0.0043800109020237996,-0.01717782625753524,0.014827339351588135,0.0025606696844770547,-0.0002558420070074708,-0.0034464557484712916,0.005518356672766819
2024-05-16,-0.00586519548479432,-0.011836638753251158,-0.014914163747287892,0.01804392591145473,-0.013139015129294345,-0.0074574840533522925,-0.019633305173943877
2024-05-17,-0.003410060453128293,-0.0070038830280635955,0.00775698690795238,-0.0005081963191660379,-0.002522251729456419,0.0009381734613731999,-0.002859319325454841
2024-05-20,0.009789661574564753,-0.002623984100597307,0.007008066477483551,0.008810337875093355,-0.002046458759252318,0.0014743892337884146,-0.007099469849097701
2024-05-21,0.0012460866570415076,0.001740624437456034,-0.0007339292598476028,-0.017980149973711824,0.012084473550025798,0.003768202579092667,-0.02274998524390261
2024-05-22,-0.001331483614629219,-0.019576349377118198,0.0051657953771723,-0.0022213218704080547,-0.0007852850066638784,-0.0037448010178565273,-0.003971454546632326
2024-05-23,0.0034987462422376866,0.013743569864221004,0.0111893237811893,-0.020695326097423132,0.0024535528538833368,0.0032989136762123466,-0.007649032524643422
2024-05-24,-0.006286083645301552,-0.018451108744354072,0.010903650544834274,-0.015908547862580332,-3.8224297501444654e-05,-0.0007610119351965294,-0.0010148869578251864
2024-05-27,-0.0009294498655326377,0.008586759733869022,0.0012369656464150456,-0.007156915245046024,0.0013706487902312944,-0.004147929815431231,0.008211447526615782
2024-05-28,-0.002373875913417059,-0.008821559612885945,0.003553756668327223,-0.00584442082834324,-0.0022201218470766235,0.004280903742779345,-0.012205416098188746
2024-05-29,0.0023435462366537814,0.011962468323329875,0.013760467539970546,0.03809724224313488,-0.003151502453281489,-0.0031447129884310666,0.017024767610881796
2024-05-30,0.00411097620846499,-0.00788903457089347,0.005492880842682933,0.03964531771304508,-0.000654501786800115,0.002780710880534117,0.017809339166518147
2024-05-31,0.010365015895193386,0.007221767649095674,0.016705197068363986,-0.01280168670446767,0.004288275244162254,0.0010872312374397171,-0.022319255879672237
2024-06-03,-0.006062155129179975,0.0020165565996285847,0.0029080543663221737,-0.011548307049546909,0.009259155331714213,-0.003548514728272126,0.004498638372928151
2024-06-04,-0.001310963019866325,0.0003214280214534249,0.008672845529571881,0.014657105954018902,0.004092249774757211,0.0025001729987167726,-0.013222041380980123
2024-06-05,0.004888132706596923,-0.010737367053218792,-0.0003549383943506006,-0.01049684217699227,0.0026742356385885046,-0.0012814494166519448,-0.0058480286678004164
2024-06-06,0.006625492389056341,-0.01240323966753777,0.0008337700322608552,-0.022894194320383563,0.005387421047844983,-0.0015588162027840881,-0.004963325400162614
2024-06-07,-0.005148676294030434,0.012988745258154627,0.000492083306291704,0.008326527497601814,0.0047338524262858514,-0.004557642337668866,-0.001734569299891624
2024-06-10,0.0008302187719929563,-0.020548550809604837,-0.018136478920606294,-0.021146779079455173,-0.008136932612968356,-0.00270884094523461,0.0008240956415431001
2024-06-11,0.0031495306818343652,0.022867057184211732,0.003336443333918538,0.006424138598951865,0.0019779356431643227,0.002658194535451314,0.007440499674269663
2024-06-12,0.0038384825643782016,0.012603647118018453,0.007758292835268864,0.026078430934738744,0.0010780083460625214,-0.0017080196917582606,-0.0006453637910130777
2024-06-13,-0.00027334071070248044,-0.012997005582102619,-0.007468673037059915,-0.021399288487043762,0.0016902076381591089,0.0012964178056774326,-0.025145524883209085
2024-06-14,-0.0024663367489831736,0.02052712890970363,0.007645983784988773,0.014895706061812617,-0.002762536168275899,0.0016228071318556859,0.006845014171805406
2024-06-17,-0.003036995391171879,-0.007242574455364354,-0.0063513174816740865,-0.023799426281310807,-0.007772062600055736,-0.0012671733044392884,-0.009743803086862301
2024-06-18,-0.0010536763073217274,-0.019541496850222696,0.005432907241953174,0.03080671743811265,0.0035775992885421974,0.003135390744898352,0.005595085135989808
2024-06-19,0.0012123466844022636,0.001554581221909189,-0.00835460002701686,0.00882301037174457,0.0029932386305379327,-0.001986815399974079,0.005150284784814865
2024-06-20,-0.0026257898754371667,-0.008676596718486237,0.005844207027518024,0.008373798880028517,-0.002077495617398706,-0.0018854436431240324,0.004573886555874439
2024-06-21,-0.007191625137397194,-0.012244066649336438,-0.01603141209611242,-0.0014156210706735436,0.00337990092828998,0.00027469493192153416,-0.009080083864381926
2024-06-24,-0.0026763962075733376,-0.010165919979438973,0.01766897769122723,0.005306756902460459,0.0014229570192933905,-0.007855536321973083,-0.00777792987237168
2024-06-25,-2.6708079690642393e-05,-0.005939831010444128,0.0006955980911821357,0.0013624452939917345,0.003231832818041046,-0.007130097137473425,-0.011275717602381727
2024-06-26,-0.00024845055693066445,-0.00781024674595783,-0.003925768935726305,-0.00015402172723843696,-0.005019059872743868,3.7129739039821206e-05,0.005805658182393617
2024-06-27,0.0004103170858790005,0.008718027162776282,-0.020172980549332694,-0.011912917481594532,0.004936492639101246,-0.0031565299198249067,-0.014281436001004887
2024-06-28,-0.0003550743379712209,-0.00038275911779810204,-0.005353049962610674,0.027963159869174865,-5.40959393218767e-05,-0.004498086182153819,-0.014062794263921945
2024-07-01,0.0017723112377087263,-0.010213114331327837,0.020614292953903574,0.009009251754209227,0.004206623666176503,0.0018088476067627344,0.014052019814422301
2024-07-02,-0.009431424719571875,-0.018537495067729396,0.005092297207654017,0.026778268904510995,-0.010502719557413456,-0.009626812966351357,0.010289861220429953
2024-07-03,0.0020916557426563266,0.0026723190798720554,0.00043367126172868853,-0.02881087320958759,-7.17933838315587e-05,0.00042393704171505604,-0.007533924692871172
2024-07-04,-0.007524977691767606,0.0035337344545757834,0.006462523647505347,-0.005222840962477702,-0.0009790764755385052,-0.0018891630550277863,-0.00018140814192905643
2024-07-05,0.002122669706991023,0.007075290484997135,0.012042215357909274,0.01991477528303769,-4.409565305753675e-05,0.01152812558156339,0.01827450767624012
2024-07-08,-0.002482567972771304,0.00036734982785552306,-0.020189684991149412,-0.0023865651053149553,0.00801185785030743,0.010165209234110803,-0.00923429103628486
2024-07-09,0.001489533726155296,0.007834351795945911,0.020788775704493563,-0.009087519035107652,0.018423277684969885,0.0017300715462511172,-0.01306249397292714
2024-07-10,-0.0011110487564488152,-0.010122814080133213,0.0026927625729480285,-0.025868297041542056,0.001632862289953033,0.0031637547756027235,0.013954283374077928
2024-07-11,0.0028724328580412985,0.01813742442960668,-0.0029832283455630943,0.007854965165672956,-0.011731324225680326,-0.0003882229225773683,0.009455400235147703
2024-07-12,0.0020589361358018476,-0.01776620876953139,-0.005038632426268065,-0.009321863483589512,-0.003167645375008255,0.0022082054250282873,-0.007095047339873653
2024-07-15,0.0005473090839793649,-0.005580175008775692,0.010055417133756411,0.019156698163481777,-0.00204023294774673,0.010710870609957412,-0.009494697559125988
2024-07-16,0.004178800245462783,-0.009419948637295826,0.007961882232904765,0.008894942810585955,-0.005514257531033387,-0.0005953033620620138,0.022340676311861297
2024-07-17,-0.002907216459746196,0.0031020950785237036,0.002935341976429493,0.0023554527645895345,-0.009939354927332392,0.0026913624345000914,0.003700802342929342
2024-07-18,0.004765396488860199,0.004536549094983089,0.0029365898414683055,0.004634974753999455,-0.00453722255693678,0.006479918981295779,-0.005327751652222325
2024-07-19,-0.0011002506691024298,0.0144795010956324,0.0038972409103937068,0.0007906918053001326,0.0036684818706210556,0.003429462949907073,0.00037495760073855247
2024-07-22,0.0040393318691670866,-0.013613969233314104,0.002661359518111486,0.008013798686220583,0.0032670131463434964,-0.008598981315561782,-0.001863506986911564
2024-07-23,-0.004506162825539222,0.012869440650166835,-0.0036424719786677345,0.022540505093667437,-0.008056796517180283,0.0004510949733303232,0.005842884203351718
2024-07-24,0.011406311591034347,0.01875052240781556,0.016933876684512832,0.032650092328101385,0.0045047563559312,0.0016543409595067796,0.0004673954276436402
2024-07-25,0.0016612707283864383,-0.03247532319820994,-0.002707800162685416,-0.0045463846465004345,-0.0026721943763985175,-0.007088027338863354,-0.0053422431259849724
2024-07-26,-0.00578481600825585,0.018083632301485318,-0.002185768963761931,-0.025572663865442744,0.00044178737790872115,0.004499409346174242,0.0036904657681072085
2024-07-29,-0.0033054357225222055,-0.00989183302287035,-0.004707234550458269,-0.007993614106226166,-0.008253014228398792,-0.0012926251981243294,-0.014779635157291554
2024-07-30,0.004146191246571477,0.014216129057356034,-0.006678794078705439,-0.012279059653732983,-0.0006524071878916502,0.0009669252078295414,0.001900667379628943
2024-07-31,0.0022022166515154526,0.005850456674575521,0.01684325187555338,0.004859069475763489,-0.005528894126821412,-0.005255256529304096,0.025559499613792277
2024-08-01,0.0023886298444884646,0.0031667770918266214,0.005782110861660822,0.003124517656236765,0.003560296436230113,-0.0005519843995327834,0.012606242489588457
2024-08-02,-0.0017494675391627984,-0.011861566963792909,-0.01817650406255076,-0.009371160988386125,0.005454046880237578,-0.002553902055231748,-0.021448742104054327
2024-08-05,0.0014893159162251831,-0.007411733698112884,0.015114364598296553,0.017957920687011363,-0.007126346952291279,-0.0009104971934480694,-0.004477424570667507
2024-08-06,-0.004292032850609133,-0.00295252179599483,0.006557761712853965,0.002205707331663993,-0.0032099681630746134,-0.008775318321581812,-0.001579772629584774
2024-08-07,0.0025572259433386015,-0.015127859823438415,0.012019337584154584,-0.010669648032757419,0.0021451257369821345,-0.0007541742007489515,-0.015062295745849667
2024-08-08,0.0021111897226853337,-0.006502434035072562,-0.00792645560397527,-0.04127658609725664,0.008972968347264791,0.0014510248045270463,0.004885542741425536
2024-08-09,0.002830777380376929,0.014043319308409238,-0.002822842461180019,-0.020807610846395295,0.006744159119287956,0.002344129921346996,-0.007710451456944955
2024-08-12,0.0033208629148710474,0.0047926143714496425,0.00812456040004668,-0.014885299673426985,0.008031566861188865,0.0019268264736671385,0.010657244614986612
2024-08-13,0.004223025385010632,0.00968525258575719,0.0015981156636877712,0.01088459601510498,0.007470838109674751,0.0034356691857408746,0.0007265175605572135
2024-08-14,0.003197404275347984,-0.005155758824573179,0.015580558891804387,-0.02524656916091479,0.002991099353515085,0.00034467886371068485,-0.008096035990518979
2024-08-15,0.0015707878156038721,-0.013003558272364081,0.020450491678761444,-0.019586617775710784,-0.0033664169658411958,-0.002882995247910819,0.004449559585992365
2024-08-16,0.004408189106040823,0.007866844288503427,0.016982654718574828,-0.009758597635021692,0.0070146572772662175,0.0012222331182688204,0.003474427980924374
2024-08-19,0.004784738230142899,-0.018281876439930917,0.01934734399518662,-0.004033778109028509,-0.007905984515950523,-0.002244040395228967,0.002781968049645195
2024-08-20,-0.0024223128532276364,-0.025744220359085142,-0.002381692523749612,-0.01548319457746379,0.0024285000249550884,-0.004750578219221867,0.022296374368692414
2024-08-21,0.0024045227352827853,0.003059345375132658,0.0074823313087499475,-0.027254247741308555,-0.0002042968924246527,0.00850594176921905,-0.0065018313359889
2024-08-22,9.869594537730269e-05,-0.0058477465476695885,0.014009863413547567,-0.0016617290605709274,-0.0062384396616683244,0.010202888045067218,-0.015913867991678963
2024-08-23,-3.95221351009446e-05,-0.010362531007788948,-0.007759015739645736,-0.020332122444077446,-0.0032860008686075946,0.003529649199303378,-0.02633350867026994
2024-08-26,0.005393246090287925,0.014982459200462669,0.008634797053556997,0.0038891263288581843,0.004078663372516176,0.007253443020500685,-0.020539362847348867
2024-08-27,0.00325916785044777,-0.007743643566385509,0.008572982727008132,-0.010894443246167574,0.005449187953181671,-0.004779806772328909,-0.02007230969923482
2024-08-28,-0.00010225277489760425,0.016627956015178646,0.007288528332536791,0.013331093621035673,0.006202610277966587,-0.0003881234740062365,0.010741885196750733
2024-08-29,-0.0019686991396325156,-0.004968955543971447,-0.002785438674762113,-0.008971425607408353,-0.0006107493136951528,-0.0011203922189525397,-0.008655630929349362
2024-08-30,-0.00021240859618811952,0.0013890313826362658,-0.010441983087397093,0.004392072301594564,-0.0036802036493071106,8.096933575561254e-05,-0.008257742358792609
2024-09-02,0.004551994744513408,0.013034469232517693,-0.007127793025139211,0.00641187601130409,0.009200672514550397,-0.002573780076649865,-0.011432815310620884
2024-09-03,0.0032902469954060177,-0.014385572390649595,-0.007854634022616965,-0.022383544637626585,0.0044746938175709156,-0.00227960627748247,-0.009514981879355991
2024-09-04,-0.002643306308918066,0.012079256981552336,-0.007715425541655137,-0.01974245225971098,-0.007426629550232452,0.0028459432776912984,0.009886040823107114
2024-09-05,0.005344233836713994,-0.012913095133589016,-0.0016697484249523762,0.03161194994808116,-0.0033580935261959743,-0.0033078727034985046,-0.0009143145449288984
2024-09-06,0.0024698097185700033,0.006843028995904238,-0.004216116547888657,-0.010145333197428963,-0.0005646667086287691,-0.002107357973803932,-0.014226039675547048
2024-09-09,0.007581828673892576,-0.0017735475117256938,-0.0008960717209642618,-0.009901293062533461,0.0011012091280898284,0.0027233681103238203,-0.009814868359417254
2024-09-10,0.00490742835942288,0.00894345923428797,0.0009586983507794955,-0.011162734962382022,0.008399942958979821,0.0011889755753645183,-0.01685496133965497
2024-09-11,0.004434270856464922,-0.0069794224734797405,0.009458318154484337,-0.0407069765618649,0.0009752187479205021,0.0064438083589417995,-0.0049764067500201415
2024-09-12,0.0027425486272398742,-0.009824079889740983,0.0034924242104228055,-0.0026428262333013266,0.0017330256677924756,0.008175977655569218,0.009987674753421943
2024-09-13,0.0035179832804224454,0.010771775771028525,-0.006336294317622329,-0.008710654966765811,-0.0075500602872272515,-0.0044860193493603305,-0.007974349509928542
2024-09-16,0.00023350130554385383,-0.014786217630789744,-0.0016574091803212435,-0.005856477758729002,-0.007203213706278834,0.005094158918340533,-0.018265033022706857
2024-09-17,0.004819313221600556,-0.02493408904246438,-0.002275340041177733,-0.02687560484749292,-0.0034641764627402994,0.006991749263883964,-0.012902337828624353
2024-09-18,-0.004068208995112754,0.003597245891948892,-0.004165141024397078,0.004425078753922669,-0.00601977909270674,-0.0040873717800336004,-0.004899325834438061
2024-09-19,0.0035437425502456584,-0.001453986781739494,-0.009020339123212776,-0.0019769166643061856,0.0004188660089327538,0.0022390783311437125,-0.009515775063394388
2024-09-20,3.9712986997266755e-05,0.004663266981589452,-0.009116647056770528,0.012489148970205168,-0.0007580114335647408,-0.004765076020953681,-0.011241330728236593
2024-09-23,-4.759550623128063e-05,-0.0069069262929756375,0.0068882930179099845,-0.004142921309398149,0.0022205718498692004,-0.0028178923630471963,0.0003131743415283156
2024-09-24,0.0056121602265479615,0.00041052813444049146,-0.0032881037624629015,-0.017350388773574355,0.0014930585259750441,0.006515883401529824,-0.0212625576672086
2024-09-25,0.00015032863081370482,-0.020623634077720575,-0.005958193744819767,-0.0015299052135287886,-0.010753698956170437,-0.0032808724847301846,0.0021704769707462197
2024-09-26,0.0008745540045893151,0.0040575290515816615,-0.008569563038152551,0.0027648863896291946,-0.003727424444170733,0.002408140783267844,-0.02745451709119084
2024-09-27,-0.0008084411336800855,0.00045180603764374404,0.013270772617819553,0.005084631753818845,0.00200615095376208,0.0021520033331318454,0.01650301999479211
2024-09-30,-0.0011775824223772126,-0.01753413056489446,-0.01766265872193591,0.003287493430905079,-0.00147427316805244,-0.0027216761500757545,-0.011191223171034798
2024-10-01,0.0010733330805557518,0.002613703924083327,0.005595189721906115,-0.015960506736845303,-0.008474698067639284,-0.002916720764426162,-0.012149754237672583
2024-10-02,-0.005261721274569107,0.015898465329434848,-0.021952126738356458,0.008266181472225138,0.0035595319500053924,0.0030103741043060414,0.001938286265314649
2024-10-03,0.005629655281860309,0.023334507150716777,0.0016671251537630043,0.008736509700160171,0.009661865514408067,-0.0013342609754318484,-0.0016133637300577589
2024-10-04,-0.0021532941138746433,0.004142676664460321,-0.01860018654373881,0.01993138035445595,0.0007534663491977911,0.0009249308898018562,-0.028649244184442625
2024-10-07,-0.0038105693765158196,0.01561103499988324,-0.0010271111957235706,-0.021676368320896287,0.0029431074273585283,0.0038273220658979106,0.006796371559902922
2024-10-08,-0.00025162273848682736,0.013001867093817412,-0.005292597282560914,0.009860178089171973,0.0008877379312987417,-0.0003622905969246673,-0.0026230934715601815
2024-10-09,-0.0010243738683981967,-0.00043580220022975953,-0.0029931599453476136,0.011176522877373894,-0.0038956717126034553,0.005356495880891661,-0.0071966258223957885
2024-10-10,0.004030334625166229,0.012883973438909296,0.004598120431614516,0.0025295057359340204,-0.0023449442046526827,-0.000951577004157891,0.005277067752811184
2024-10-11,0.0001694570411349278,0.013755147263980921,-0.002648079641365929,-0.004098628571290026,-0.008526355695557626,0.0026875134852634756,0.008893841841822559
2024-10-14,0.004258339797477485,0.013819674772334992,0.010881899155164692,0.015791535756558738,0.005365334571825175,0.004400779837391792,-0.019752023557684097
2024-10-15,-0.00404917659439001,-0.01716645041506669,0.009522060446071283,-0.010939078109683139,-0.003866941486975445,-0.000325358321060648,-0.013323082471114342
2024-10-16,0.001872183874165127,-0.024790475864212427,-0.0133687434549482,-0.006119710288837093,-0.009198337969634127,0.0032712010182835874,-0.006066921050501751
2024-10-17,0.004878294681101078,0.006084127852634384,0.0023927257014211634,-0.016498735726877507,0.007678387935667328,0.00357722372294966,0.020107680070378345
2024-10-18,0.003663611826673201,-0.003423767103644034,0.003917135606203466,0.004692189606137198,0.007299319157209806,0.005888421867322534,-0.006040074964699158
2024-10-21,-0.004512099507886621,-0.024382311891860492,-0.015034291014542154,-0.015007562965794882,0.006112469871237643,0.004655116106758074,0.001954163615037342
2024-10-22,0.005271610875209798,-0.00637796403533356,-0.013570388044624836,-0.023176143219894235,-0.01123834358368121,-0.0045773976972248295,-0.00834584374208438
2024-10-23,0.0010168168147619617,0.001707162624042407,-0.005985355636313902,0.007159144011387935,-0.0042797576374678445,-0.0004199755343990586,-0.012376769003497521
2024-10-24,0.004704682856497666,0.0020067819725097026,0.008663979134940703,-0.01912003219738836,0.0036428873297267936,0.00404915821156022,-0.025868564154262686
2024-10-25,0.005022402607603108,-0.012920901381782441,0.002558221465759383,0.022881302096128337,0.004647673043610089,-0.005962490445243583,-0.003096372640699817
2024-10-28,0.005283734444778728,-0.007670245761976744,-0.0023808527011190826,-0.01116662611440185,0.004081056603923811,-0.0051657759566567304,0.004031705413243184
2024-10-29,-0.0023412045006023473,-0.001205539929924081,-0.00305309451520791,0.010197084690624744,-0.0011204108397561367,0.004887935486696916,0.010920099711790428
2024-10-30,-0.003031300731296578,0.014816639929430038,0.003798644048766092,0.008752511333762434,0.005521144969327237,-0.003291430376904129,-0.01078427081178956
2024-10-31,0.00024976617915392223,-0.00709841420502834,0.019682951821997384,-0.008213544799896087,0.001955661445308288,0.001920437431063876,0.01571769566573166
2024-11-01,-0.0038282565201714983,-0.02086613024284598,0.010198066971873407,0.0022519436228351803,0.003612854652680041,0.0028721047335933995,0.01047618447229407
2024-11-04,-0.0013614585966660918,-0.008329272628337152,-0.02087176683246903,-0.02079273100879371,-0.0008994177969422943,-0.0034964926569860367,-0.01731024533768363
2024-11-05,0.00035168686848379045,0.016073741240508286,0.0013583887547422224,-0.013755645196718408,0.009459285023820332,-0.0011328889897550885,0.01779210355184751
2024-11-06,-0.0009025376779785311,0.0007999210461832686,0.015138796609066764,-0.016171395146876974,-0.003971329719214495,-0.00018528130078527644,0.002411675691584972
2024-11-07,0.01071831214762427,-0.005730459276063109,-0.009866901013940024,-0.02372586274117602,0.003042726882404351,0.003123598623255955,-0.016917319666000886
2024-11-08,0.0002341448368719045,0.023166206557288075,0.002984805700622817,0.010674100005723062,0.012425174786257225,-0.001034412849372962,-0.005762679072635366
2024-11-11,-0.0017287342724070609,-0.007058680649003452,-0.019135610790082386,-0.0023313522951192425,-0.0007354432203380554,-0.0019492655931526268,-0.00037277713177211847
2024-11-12,0.0011824385865552567,-0.015100544469560566,0.001619228468420076,0.005865900370594133,-0.01008639040713031,0.004548601112054529,-0.015183388685159605
2024-11-13,-0.004402966700309875,0.0003972234789189642,0.003894420014405683,0.01613099678200935,0.0023320745499334846,-0.0024001348365072926,0.00510576836358091
2024-11-14,-0.0011166854517591267,0.0015474456275348834,0.0005207585016203555,-0.0062531515349830945,-0.0015504925272097946,-0.006915481640156535,0.012996777248683875
2024-11-15,0.0013402337474173623,-0.026781398200580987,0.005346535340352297,-0.005150797986637118,-0.0061847602964061645,-0.004748175069761563,-0.008517898581622609
2024-11-18,-0.0035761129799612964,-0.011084767754195606,0.01434496845499813,0.009553877540406335,0.011389595363146036,0.0013107545180715409,0.00684702849490914
2024-11-19,-0.0033728317810685763,-0.0035287929502982734,-0.0022384034054201175,0.010842101543140352,-0.0015568220737373194,0.000507811299672819,0.004903781473576144
2024-11-20,-0.001061434475795896,-0.005308357055328476,-0.007435199831021235,0.015080345108468257,-0.0034362957458289353,5.9408631171106046e-05,-0.001797186735584659
2024-11-21,0.004400482854205942,-0.02162443790040155,0.002099932517866049,-0.02532365197412791,0.0030221931490336178,9.507591329058288e-05,-0.02298833561946507
2024-11-22,0.0015005633677575353,0.003317495962787506,-0.0013709615175040689,-0.001655819366797867,0.0015155637009972253,0.004993690514393099,-0.005387579391336085
2024-11-25,0.004202140488465784,0.0014291329362609152,0.014272558218341128,-0.0018853885998591402,-0.0017384751488291655,-0.003014574828700269,0.0030450859673070204
2024-11-26,-0.0030227022104992876,0.015285475509363235,-0.007818514767304548,-0.007279131174947569,0.003852841631406581,0.005103308424590844,0.00791305007976717
2024-11-27,0.0043847519393259956,0.0010039236394377407,0.0009363909339319058,0.029606626669522667,0.009284783755064136,0.003004140373496418,0.010521260940946863
2024-11-28,0.0035841413490134027,-0.012712612848312746,-0.0005561051001595764,0.01899105782862361,0.0030254857780478476,-0.0007445796784445167,0.014897970384913459
2024-11-29,0.0016272122479815282,0.009679117278955802,0.005299647535585092,0.011151854186620859,0.004487932872529838,0.005853518428544993,0.016590777277531187
2024-12-02,-0.0016543701146927144,0.0034559063128210637,0.012340768726964428,0.0030560306817372005,-0.006569764523826381,-0.003245240742715172,-0.0029006916617436884
2024-12-03,-0.001682721741955782,-0.009628149163928238,0.008538114760940185,-0.0026953186307512892,0.007404116519179569,-0.0038331888810298827,-0.003399693120711692
2024-12-04,0.0005671107189510484,0.009855580025587481,0.012512126010782929,-0.0032278230157347966,0.007841275449465685,-0.004720777098582172,0.014019370214652554
2024-12-05,-0.005214276893170036,0.002935180062245303,0.009733136203067316,0.02020133294355988,-0.010085250336326883,-0.0026507952084210066,0.016910926756361754
2024-12-06,0.0029031882602024426,0.004562640039958177,-0.02009275985457013,0.013521506406539357,0.006578500103048759,0.00018844989209221811,-0.0018921607631546703
2024-12-09,0.0021622478095220956,0.018282545440129427,0.005193995166858154,0.0011648179017640587,0.004288259219544726,0.0014924265907681456,0.0024361179556032643
2024-12-10,-0.006913459557540476,0.003074461045670028,0.00960853061850211,0.023249606195675773,0.0045218380987073125,-0.0005186216520028026,0.007186880625669103
2024-12-11,0.004915625681236735,0.01248501507439817,0.017575491261972977,-0.006098869771232692,-0.0004884941578692801,0.0008062984921441483,-0.006858403229145617
2024-12-12,-0.005135836950368161,0.0032314113686576058,0.002648529670624887,0.00857480979224431,0.0014866717075285361,-0.0058650556002175745,-0.00022024836836737684
2024-12-13,-0.0010238774438959557,9.724564323767223e-05,-0.014586831007107346,-0.016767565668947552,-0.0028590613337331123,0.003721995055459218,-0.000498449773863263
2024-12-16,0.004236277553463456,0.00043626137924543753,0.0014841519057802633,0.006235834496693789,-0.00040110136425008653,-0.0020263500539490324,-0.016504784521981567
2024-12-17,-0.002241676172501329,0.00889447626116535,0.01263910052181723,-0.005406410947482093,-0.008309325893024026,0.004150809362722891,0.006154619603467209
2024-12-18,-0.0052382041238808715,-0.03928181968129591,-0.015375948468677942,-0.015141674256152777,-0.010411401655881206,-0.0002034423980484304,-0.01499827078502434
2024-12-19,0.00019960793429944955,0.028231962935428317,0.004330836778094496,0.005250275006068274,0.0016570565418637315,0.004025417809019466,0.010728208791668649
2024-12-20,-0.0038642304558799394,-0.0066344081926193715,-0.008476972272559311,-0.004991229902916498,0.009301408128783032,0.0021628263369516325,-0.004926836320572265
2024-12-23,0.005128144279285822,0.004526218761751487,-0.013846983425101671,0.020948142000514567,-0.0018385321081236736,-0.00933289752939017,-0.016940869567257117
2024-12-24,0.004660755781042278,-0.016706000249747555,0.012975224804550465,-0.001164770709638092,0.0049587811452154506,-0.0001762448418698678,0.0036579100701997092
2024-12-25,0.001416272768190305,0.00016268842555216805,-0.009918696673805233,0.0029092723777440566,-0.011085731702302993,0.002612011304749371,0.0020588424767276764
2024-12-26,0.0020067918347916294,-0.030162048762691514,-0.013613340727331008,-0.017765542806541117,0.0020962261373180303,-0.004581762952372353,0.021448131305198757
2024-12-27,-0.0009032537954736029,-0.012477972735717756,-0.003436764060683629,-0.01703653773158613,-0.007105995545226656,0.0033426418442183124,0.0035106876821974476
2024-12-30,0.0022145841646133506,0.016126758348162018,0.007291257967213912,-0.012391494806196625,0.006880088845384002,-0.002222700746433975,-0.0030244283422836546
2024-12-31,-3.2873030189989365e-05,-0.0017784732089859937,-0.01771627505154513,-0.019080495486513107,-0.0005842447899843513,-0.0026392904733817148,0.009607356116253811
2025-01-01,0.005339959284331409,-0.010907057781239824,0.0011871225511022425,0.02008379170310557,-0.0014610915863838953,-0.0020468454386431915,0.009015489917554395
2025-01-02,-0.0009468106203930425,0.01463434339004783,-0.004502342332846972,-0.004475561502933315,0.005451141284923921,0.001257989544399018,0.0017166013659497342
2025-01-03,-0.007487349776956147,-0.007579765406602844,0.005249894735603063,-0.007577298455094879,0.0034297130282707785,0.0008696384684805404,-0.0009695163954235371
2025-01-06,0.0055810356236494505,-0.001538039317961228,-0.0009497238721561205,-0.006539050718796646,0.0015828710377336084,0.00374182498837709,-0.02053771623704876
2025-01-07,0.0036221919236340675,0.0024204082165243906,0.006920751712309921,0.03765853356191154,-0.003394885505485198,-0.0051520550131984345,0.007625431818299067
2025-01-08,0.0015586717476324856,0.011024878004050132,-0.0035251164015257116,-0.0119289832508276,-0.007441462330443066,-0.004802197138270648,-0.0010599228992193273
2025-01-09,-0.00031634120098588975,0.02434138901530361,-0.014003078442234633,0.007391909995522808,-0.003935884011763999,0.0008100335756774924,-0.0035240051706441613
2025-01-10,0.004291551290470078,0.014124245217363275,0.0018716452803540908,0.023609602822520545,0.005138537888150963,0.006125278137508672,-0.000671003228335431
2025-01-13,0.003957206890204757,-0.007351622970758308,-0.007987798454515593,0.028666765868082682,-0.008097401575330314,-0.0032314537409892643,-0.021006568168356075
2025-01-14,-0.0032334630590786684,-0.013268395254987757,-0.009021406641454581,0.0022325512755132283,0.0011000901805029613,-0.0050248749888704425,-0.009917929959531419
2025-01-15,0.004484054461611794,0.02223231348796214,0.01623539223478297,-0.01933753445362302,0.01146985406408714,0.010607989191508016,-0.02050553979034884
2025-01-16,0.004480815761084226,0.004670878215910105,-0.001192251913322931,0.00020073125849096398,0.003593355804909952,0.005307215128683197,0.009662566738031729
2025-01-17,-0.0058777281121747595,-0.010358462050703333,-0.002079739238970657,0.025746669444255722,-0.018610245040787635,-0.005130502965265124,-0.010085178886374212
2025-01-20,-0.00532752734958032,0.009280122917011226,-0.0058966204619058694,-0.032188137486566674,0.00020840870345932374,0.008548082829608854,-0.022548234268287316
2025-01-21,0.0022817561635926644,0.019608893890705224,0.0024366398325976544,0.033587428856146816,-0.0034506522590572013,0.005605308697509495,0.017891442303181612
2025-01-22,1.9868878318615274e-05,-0.017653101247185915,-0.011686042978312099,-0.042193462044851936,0.003546503632736941,0.00211624026661069,-0.007446063200620758
2025-01-23,-0.00034085692016521535,0.015935906037201242,0.004585805417975778,-0.0036384745767215803,0.002597182292187134,0.00910886334302923,0.007484246227447132
2025-01-24,-0.0014096777314334772,-0.0011794822031165047,0.003999997466918682,-0.0044943302292652,-0.002521725735257986,8.986592164692716e-05,0.019205083983637256
2025-01-27,0.003313915939846431,-0.0033849942075907485,0.009276749523551538,0.0002591260194634037,0.0031541827802771447,0.00188477036125006,-0.024755212236896192
2025-01-28,-0.012039782071868139,-0.0027466773967634917,-0.012538978968203251,-0.021505313247483025,-0.006479377314793783,0.0021521835797802236,0.005229435479548768
2025-01-29,0.003237054458279619,0.0068147989166859844,-0.007164813435010242,0.010324060113042351,0.0034031858483258965,-0.00022604022741956045,-0.0003492792321091622
2025-01-30,0.0033198733325458204,-0.007415210237431115,0.010986076980306994,0.008498055981851034,0.0006344263435064823,0.0063250522140807066,-0.01624472879538564
2025-01-31,-0.0016907448417742552,-0.008872715192649807,0.0020400523881926313,0.01855250444380369,-0.007113301387357579,0.011454836767979667,-0.008859304807675775
2025-02-03,0.0015927383995028332,0.0007310991517978211,0.0010969324123389303,-0.01230890308186488,0.007324926248537433,-0.0021412064136010133,-0.021453245662634096
2025-02-04,-0.004338003753855786,0.015177978020463423,0.012538485971182156,-0.02211639936664489,0.007378779434760213,-0.005550394626744806,0.005656507399504685
2025-02-05,-0.0046810213353909134,0.008444497271291502,0.004874131120254896,0.0212615963687364,-0.0022972714450675883,-0.0012076735302444124,-0.010782175620692806
2025-02-06,-0.003971951276623468,0.009448759018210701,0.0033775769033228056,0.0071107877511860885,0.007466887641333682,-0.004448246278063355,0.012431985753863886
2025-02-07,-0.004566641215546546,0.015461370616098974,0.005574278145765796,0.022525659600299845,-0.004166750339527453,0.008106958028609218,0.027869367915032552
2025-02-10,0.0018715214617573877,0.014768263349795186,-0.0006980416420559869,-0.01749240078616715,0.006847109727082532,-0.0017541767319121312,0.015325095508076297
2025-02-11,0.004341445651753751,0.0047268760351907215,0.003732653547001362,0.015173749132214056,0.0022639003874614706,-0.000993523848511853,-0.01614254373246724
2025-02-12,0.003985610903896929,0.006123533275808746,0.029022987158409955,0.004859385982979252,0.005019127402643951,0.0035544244859586982,0.01132567630792372
2025-02-13,-0.0037175277915463506,-0.002606476689958973,0.006663159664999302,-0.0014348682645886493,0.004642136098512587,0.0007038152350224284,0.005865337439576991
2025-02-14,0.004754560043513926,-0.0005753615999313507,-0.012698124553578837,-0.009532239085039943,-0.004524275718265048,-0.008265512353257728,-0.0016736953029742412
2025-02-17,0.0009461251240772557,0.012518808586560294,-0.009453068123758854,0.001562811043489517,0.006842664017179277,-0.001601692343193032,0.0056016472712776145
2025-02-18,0.006540892004855706,-0.019170240993270762,0.002767483302063982,0.011605530004410875,-0.00255491876972596,0.004886208582958092,0.0025172815675106024
2025-02-19,0.007227450777381431,0.0101453336873622,0.021664496534523743,0.00816841637470529,-0.0046708614796279295,-0.0007038670649498991,0.01736522892159732
2025-02-20,0.0041447710328196136,-0.0018374134909877984,0.018883961234036184,-0.003244793654338664,0.005008365215381821,0.003402384814059992,-0.015046867778224596
2025-02-21,-0.00029196907260939495,0.028091909454899245,-0.006036515068262462,0.014524421057977141,-0.005866078976997238,-0.003412775328667217,-0.009010634273706212
2025-02-24,0.003914295658688613,-0.008594426672397407,0.012812354241887439,-0.008659435875403187,0.002358824873635356,0.0027241660095125813,-0.020026285653628403
2025-02-25,0.0009645995466519462,0.004567837752012979,0.012031601889015461,-0.011161805384582498,-0.0025942621542016883,0.003704982275413249,0.018222888683998486
2025-02-26,-0.002220017430246286,-0.015671250128521205,-0.005486355082945913,-0.018367310590900004,0.0015516627598098347,-0.004500197518221299,0.008882696526761562
2025-02-27,0.0010004694309635304,0.012345588558774776,-0.02204044059829007,-0.03016819641578431,0.008329961391184302,-0.0017470718772141058,-0.02171414576110069
2025-02-28,-0.0006607961599363099,0.002560391394996881,-0.0014404413992931866,0.008314273817008278,0.0016474759210060178,0.0010249132365601273,0.015976803387023637
2025-03-03,9.327851629629918e-05,-0.0004925709538184965,0.00789200913082227,0.010812924886623556,-0.004972112787977328,-0.0004692855101103086,0.00873466504807032
2025-03-04,-0.002197319896281579,-0.007403192760977503,-0.015115189826414797,-0.048046046705456424,-0.001681538152853097,0.0007060615486991087,-0.01782225901127824
2025-03-05,0.005661505803179289,-0.009888136855574828,0.009761976903648087,0.004084737217318783,0.013516768013608717,0.0034428776927627187,-0.021502430879408136
2025-03-06,0.004367479602561782,0.02208836722353548,-0.0135012038555124,0.009063879481003788,0.0057363866773677535,-4.354275075754688e-06,-0.02846873633215895
2025-03-07,-0.0010338352614215566,-0.0073766654294392655,0.013902199428370307,0.0015797701343415564,-0.0018186129961248534,-0.0019963665174441265,0.007215224823375939
2025-03-10,0.00037747348084382333,-0.009219731431728766,0.001754631986939306,-0.009779779290189035,-0.014791838665525602,0.0018580838599528962,0.007878557618444049
2025-03-11,0.0009489590014440687,-0.004840012634349534,-0.0008773574184499197,0.011494258910809579,-0.004314944801602872,0.002675264138994514,-0.01700791652779178
2025-03-12,0.0008226525178178257,0.0006582842336795054,0.010214180179980086,-0.011662521452754144,-0.0029593217426158802,-0.0044648680388768005,-0.0026150883142546716
2025-03-13,0.0011716750786567977,-0.020820289837781458,-0.00617696360215637,0.0036820299812204828,-0.0023427381444253792,-0.0008902084164436937,-0.02077009338557985
2025-03-14,-0.00025018361110204664,0.00021025049611891165,-0.0016180224908064005,0.0026744877903835036,-0.001905855176384216,-0.0019160530488950946,-0.010420781606082858
2025-03-17,0.004047858636544801,-0.012749339946125395,0.0015280597770278984,0.024123528194298274,0.0052144342128275884,0.001576462043934927,-0.00022540855913385317
2025-03-18,-0.0003610865901627681,-0.010873811890309594,-0.0037421857183474586,0.006574426077637775,0.001014992414845426,0.0023580222107224065,0.011354057800180633
2025-03-19,-0.0004838306722246044,0.002040949476237105,-0.018505734326651466,0.0317812520069788,-0.0052178862812487245,0.00050574598196325,-0.0048203831244021
2025-03-20,-0.001600986928058922,-0.0035497860881650153,-0.013067404287860827,-0.040887742105452034,0.007363358988281259,0.002943686877404477,-0.017284116437594647
2025-03-21,0.0019576474709343318,0.010638784513415968,-0.004952861136601502,0.0066953021518807825,0.006272114203486209,-0.004877221745035593,0.00727949274096574
2025-03-24,0.0016075532316926992,0.02301600731759581,0.008531874885693125,-0.00018356484258260112,0.000943973377939138,0.009472128623580565,-0.001963687603187521
2025-03-25,0.0024945918662299697,-0.0017231436157409941,0.0112707669377106,0.018954243245693687,0.0002646962016440008,-0.0012883495563871846,-0.0019890337859229347
2025-03-26,-0.006759062315682844,-0.001866003600493405,-0.0015731259006966872,-0.008994783647095729,-0.01124862939434046,-0.00022355786738549442,0.00797701701120457
2025-03-27,0.0017285858931065066,-0.010984505322361258,0.003304678931974219,-0.004666900654290864,0.005181845518500414,-0.0033198267103551077,0.011628329166133733
2025-03-28,0.006189964403293031,0.004145152210990273,0.006471641158380887,0.011454237003054058,-0.004635303074975856,-0.0013282423116247532,0.004548774623588291
2025-03-31,0.008257603401605551,-0.010492489885158838,0.0176514770610518,-0.00515003632280903,0.002137758161234219,0.006251784865628334,0.01984732642532933
2025-04-01,0.0018413884521271487,0.014629954370222163,-0.006784910427912452,-0.007488309328116877,-0.0065934699806611385,-0.0015957153182217447,0.008998269739612865
2025-04-02,0.0009985844900132154,0.020922616511779603,0.02278657564371137,0.007415924239166404,-0.0007313634292795729,0.006388402059283984,0.020984004058867658
2025-04-03,0.0019149980427366838,0.009215187834065747,0.007054770546656252,-0.012429997356725548,-0.004809843957147643,0.0009093316466791466,0.0005902297747158208
2025-04-04,0.0012577786891752017,-0.0010083851610340584,-0.016349895849194617,-0.03711061047497855,0.0050514416400102465,-0.0017590217726007023,-0.008391856075225895
2025-04-07,-0.002081905573623419,-0.011786982198154472,-0.011127224384250805,0.012530045774778169,-0.0038281757063216184,0.0007518317085693604,0.0070543902491760095
2025-04-08,0.001416260541074699,0.010135447588852662,0.0017494174130329246,0.0232830742037122,0.0048263381175812445,0.004016618358832733,-0.009895624012043313
2025-04-09,0.0012029784381619002,-0.021247312032378184,0.011861823458166693,-0.011263119050580915,-0.002385140732729023,-0.005122717666629559,0.0001563045830329732
2025-04-10,-0.0009230122022003402,0.021192064670126305,0.010470727942247609,-0.0002281896528845143,-0.007327548644601405,-0.007781084276658198,-0.0012349100623373409
2025-04-11,-0.005174882830663587,0.0017898499354233367,-0.00286807864280835,0.003440233578758062,-0.006356383594957214,-0.0002907683911740135,-0.01265838739801756
2025-04-14,-0.0002032007399149297,0.009741309793367492,-0.0025438886528488186,0.00883710536067551,-0.011293502793893387,-0.00845945336037142,0.011102235242847166
2025-04-15,0.004338089260765669,-0.0008918359411959929,0.022391492705698766,-0.019236886331445602,-0.00044595617834605793,0.0026564110054572068,0.006885669483015827
2025-04-16,-0.002185618100871637,-0.013568392604896793,0.003938195181012439,0.002076095910556818,-0.002841801914237724,0.0012579278338907436,-0.0014953250062214151
2025-04-17,-0.00040897047956067246,-0.0022964857085183556,-0.008385662162695987,-0.016040411167684388,-0.002982082096245823,6.783147091666137e-06,-0.02297020969061449
2025-04-18,0.0039289906154276666,0.00196932659840351,-0.008899540930722361,0.021580510798385792,-0.0006670177108556369,-0.005707650107432364,0.018847089441843
2025-04-21,0.00556948958830173,-0.008293238223444127,-0.002205640872233735,-0.01200189931242133,-0.010119028108749439,0.001177453723407373,0.007735940541184792
2025-04-22,0.002777563463516844,0.0016209950179108038,0.01036299021389804,-0.01592601606264592,0.01283243981571126,-0.000798746108255982,-0.009035160462942707
2025-04-23,-0.002150870239817856,-0.008675151390554352,-0.0034878238262497597,-0.004403378569813701,-4.28527870753882e-05,-0.003614348377554886,0.0019555495471215763
2025-04-24,-0.004211722805870946,0.006777490699350378,0.006467373006204652,0.005747085247134744,-0.00350482585292137,0.0011684263324979734,-0.005209642753400002
2025-04-25,0.00028816135709806807,-0.0016890002745379449,0.02573544797590685,-0.012893668370792236,-0.012637371763425519,-0.0014634186583493943,-0.011821499471677238
2025-04-28,-0.0027567885274673025,-0.016653129719167277,-0.011529696230322765,-0.020496296295692835,0.004296663448020425,-0.0006936549182161417,0.006914278841139416
2025-04-29,0.000311926442699346,0.011139877391397254,-0.0016035239856693178,0.026902296362586252,0.002243849915818138,-0.003142464940544899,0.010884289908609117
2025-04-30,0.0002583939223634414,-0.0023038221805060316,0.0008207344647619956,0.01174908858513672,-0.012724470361672343,-0.0023552292610518927,0.012149432373762523
2025-05-01,0.0011429121629281764,-0.012866843361002649,-0.024189987979942734,0.017895959726435942,-0.004453648505701569,0.003533728530326284,0.0030271701919408773
2025-05-02,-0.003024464146381397,-0.031056103320578187,-0.008846417919450896,-0.006619838926036417,-0.00014464302185613657,-0.005936715771300082,-0.0016927223976729198
2025-05-05,0.000860569850839662,0.012067336497169588,-0.0013695067674098036,0.008950939447582957,0.0022281752959117883,0.003857634022460086,-0.008760707909586201
2025-05-06,-0.012133462337994264,-0.008287722405018566,-0.007075749499901861,-0.013773042970575319,-0.010777671399773028,-0.004064512043571074,0.003404432240155129
2025-05-07,0.0005317127421181388,-0.026891636902987282,-0.01989287109516518,0.007617478897204291,-0.00465066858696614,-0.0024220250553882165,-0.02107997809980715
2025-05-08,0.00013238527429015602,-0.004414976139955515,-0.006454167780685748,-0.024680181827459763,-0.0044519654116852506,0.007696314022664742,-0.008364838375824527
2025-05-09,0.003308488346485719,-0.0008587991638093283,-0.002028333669706336,-0.011938603882343541,0.00880547177706929,0.0025861845500215587,-0.013562100062777669
2025-05-12,-0.0014264449920783648,0.01210541998888667,-0.02692817505689362,0.002124365079027817,0.0016090415196837395,-0.0036846613732132213,0.00036349405573063415
2025-05-13,0.002159245738721604,-0.013652458895837568,0.007518773236438466,0.0029449285108329682,-0.000861629217843611,0.0003879567873422185,0.007307550259184752
2025-05-14,0.009414494798332526,0.011455545298524793,0.012306400133149995,0.003274490435603479,0.014154193147992416,-0.002880396664321677,-0.020152190906150825
2025-05-15,0.0007621328315164941,0.008157541405708268,-0.024056552940360958,-0.004115012325268488,-0.0019615302732240466,0.002210459580678808,0.0012213517767393183
2025-05-16,-0.007082910022205885,-0.016018844284880873,-0.011913632740844204,0.010037084951074733,-0.001223138202226832,-0.004502573290106418,0.0017394391952394541
2025-05-19,-0.004082039516127907,0.02246299348554774,0.006786272986245432,0.021161199177875283,0.008579872110267612,0.004799997636780135,0.004836604865708184
2025-05-20,-0.0005898621729979425,0.015001575763794925,0.0017440232770312679,-0.007375597860786349,0.012990038106805742,-0.0018464074284377289,-0.018957406978195437
2025-05-21,0.004121117845432357,-0.00683868864250254,0.004911143137742281,0.026128429813645982,-0.008544190370801364,-0.0009914332236492687,0.019458901272829184
2025-05-22,0.002877554217159297,-0.0008560457385709766,0.024312587794770715,0.0029953896563225356,0.00464746141782774,0.008064959607989707,0.011888610333474148
2025-05-23,0.005436894922359093,-0.008243261960259722,0.012961596793224298,0.0014414170829489294,-0.0029419322452114227,0.001539005053115123,0.002284971356396138
2025-05-26,0.00762237736116262,0.007936331425817152,-0.004259922193027231,-0.019045274048613815,0.002121958604638887,-0.003577361553617328,-0.00999326888094647
2025-05-27,-0.0008267684577114639,-0.005394890896188864,0.0063150943533886545,-0.010033469095915397,-0.013618113943896332,-0.0068441965502745805,0.0056409535467277306
2025-05-28,-0.0021972204150564416,-0.015678409138688572,0.016822522300321403,0.015534263990878277,-0.0009453596662556988,0.000492936227322394,-0.00024792212055868237
2025-05-29,-0.004865276651447055,0.01002184939924422,0.007893569893666868,-0.023483270124206528,0.00324389104730067,0.0026807789665649986,-0.0011727847989585472
2025-05-30,0.008539087570301503,0.027420003920586206,0.0021100714871437995,-0.0019371796948722824,0.0015488330151158139,-0.00010059537795357093,-0.008329199475657467
2025-06-02,0.0021774347824716953,0.02423334607128726,0.018584265610235236,0.020753551520009392,-0.011337891215663094,-0.006233149774504347,0.025181179196709782
2025-06-03,0.006627514033851751,0.009534501927199436,0.00024772310368141424,0.01960770516385912,0.0051939771945034114,0.005203862326661264,-0.023158836320235868
2025-06-04,0.001523363939869061,0.02172194262251865,0.008073740876835904,0.020589763835913516,0.001708746193040066,0.0014390907176007987,0.021381885768834808
2025-06-05,-0.0025291617663689135,-0.010263067710553133,-0.006582265820184491,-0.0012841862914533412,-0.01068533283349911,0.001379116162666563,-0.0017244778818438359
2025-06-06,0.0035647677115427136,-0.023554512020408574,0.007053580445420049,0.016180674901713422,0.0014129594518489828,-0.00046707985910315035,0.007385452993043751
2025-06-09,0.005235728927792063,0.008542688462968533,0.008539816582415441,0.026925015966615673,0.005281804419284205,-0.002217796228040761,0.01727210401565504
2025-06-10,-0.000344886705871755,0.00022217987727684256,0.0010050249484357958,0.016022559372370834,0.00955921530143829,0.0003274557242789439,0.019233840234195422
2025-06-11,0.0008083553084330059,0.016981910874179364,0.004100225850628593,-0.0032462470258153835,0.013056091436863149,-0.00030674702619036906,-0.006592368908528196
2025-06-12,-0.004874176882656451,0.012824296758558671,0.014587596153616315,0.015154925181740013,-0.004932614337667798,0.00017062298944451704,0.00541375161186504
2025-06-13,-0.0039718872691733385,-0.007605163064883816,0.0028812553578718017,-0.0074136460727097,0.001368085222770508,-0.006928202587921686,0.021907897962541514
2025-06-16,-0.0014156512067456672,0.009670300392905631,0.002484716129638975,0.01008807705564232,-0.006234150826722483,-0.0030749248560424784,-0.0025120927988451147
2025-06-17,0.00025139002100543236,0.01582944936702943,0.00609515746314132,-0.009006772805611336,0.0027143124835702715,0.0012117936013300817,-0.0012539732057743039
2025-06-18,8.833370401489663e-05,0.00908310959590873,-0.005995256019112909,-0.004539806797653843,0.0062206168090795325,0.0025120536404488678,0.012966901371234815
2025-06-19,0.00589341681847999,-0.013507260920818656,0.0033252364166463906,-0.012687859710213438,-0.005941460311943045,-0.002754909727740136,-0.004894025769847808
2025-06-20,-0.0010280864221836581,-0.007680406823249032,-0.001258136447992507,0.03723717370070182,-0.012419766331980213,0.0021904762906536685,0.0029958517490741485
2025-06-23,-0.001601520862106016,-0.024682702176281143,0.004317429595790811,-0.02481383123228963,0.004634496980226667,0.006892103592721261,-0.021407421965402438
2025-06-24,0.004823456944314097,0.0024548611341204114,-0.018642892110520847,-0.024952931088288118,0.0017796826716440831,0.0021219491233128293,-0.024806467730879325
2025-06-25,0.0002768207709276037,0.00987793210939624,0.010998045916466427,-0.001469687996757587,0.004377507224386775,0.005519322300182533,0.011083686888423637
2025-06-26,0.0037157600042642715,0.0030012513653745027,0.000657028014202712,0.003328246435084622,-0.0036252117237980746,0.004570897346403175,-0.018150382737781457
2025-06-27,-0.001867247551545333,-0.0012877490925122601,0.0039007853361482285,0.012463964221208892,0.00814090469175804,0.0005022830961424465,-0.007869120408629268
2025-06-30,-0.0004301487390196392,-0.004000473613850336,0.004567149652314403,-0.015511434025976158,-4.8591941461681925e-05,0.006847183354087196,-0.00010517239144882962
2025-07-01,-0.004061744344669013,-0.005876558344611264,-0.02380617539586859,-0.004915515556998914,0.007042831814389517,-0.0056521427485369605,-0.020426557122295033
2025-07-02,-0.0024630482327394395,0.00980485108359846,0.017017775994175414,0.014903059846776883,-0.0063279255789129435,0.00024474477441405613,0.028788676417144946
2025-07-03,-0.0010936066937932796,0.001156979582693702,0.0021728642646090812,-0.022103652610364694,0.007129553920355256,0.004542441968900998,-0.025508555927788147
2025-07-04,-0.005172623106594833,-0.013849917558600029,0.0041891314763076405,-0.009913858266831591,0.001636594857204245,-0.0010016728813929308,0.0010150402415105648
2025-07-07,0.0021337479175111344,0.004173717550661196,0.0010091305989549742,0.005415078754632722,0.0018319313183093734,-0.00032937241943852214,-0.004280382807603698
2025-07-08,0.007671794777613017,-0.0018175692753779921,0.015749580341560553,-0.01117162369937782,0.007671972117944492,0.00914269409792954,-0.008347021199244822
2025-07-09,-0.0025195769653629913,-0.006243784085325165,-0.0016444652148085675,0.005321311485693105,-0.0012426540397295824,-0.002283082179606532,0.023599800215982153
2025-07-10,-0.0006517578072913767,-0.0076678184779489875,0.007140668984592737,0.014195356598094741,0.007620571221221865,0.0075414473225652754,0.0013735928761299903
2025-07-11,-0.0010030205853454144,-0.023037447466819117,-0.011978684216200238,-0.003127966229348085,-0.009186953050039411,-0.008042799031119149,-8.559806422597549e-05
2025-07-14,0.00325704658577752,-0.0014761117334720678,0.009737951073167725,0.010217727859883436,0.007484251850513114,0.009322358170055337,0.026785785213928916
2025-07-15,0.00307669361189217,-0.004088767756241611,0.0012106246052181566,0.02261088372153893,-0.005847039130363615,0.004836400111320101,-0.0020644655079085643
2025-07-16,0.0010585066449866343,-0.009123771241978405,-0.01357658444199908,-0.009497293370732695,0.006620926788261648,-0.002855293593756095,0.013393556701044964
2025-07-17,-0.0021415006859667744,-0.013654869046630448,0.00034936826118031763,0.009646419705341589,-0.00041756269349821503,-0.0003401456443060035,0.01802995484213272
2025-07-18,0.0005296593763984973,-0.005360171949944118,-0.011470083077951209,0.016153703987520716,-0.004302802981219886,-0.0026114185568106127,0.011812480502828888
2025-07-21,0.008366616855916564,0.0067293158743907,0.0021624154837122547,-0.0025740758730695033,-0.0005041026397687425,-8.050816682526359e-05,-0.004735340911767394
2025-07-22,0.0037929236961005046,0.0006432286084924697,0.014676909377441639,0.00013636297336965442,-0.00018352956384649468,0.006105762340942951,0.0005239724980162978
2025-07-23,-0.0003557386488108157,0.00022059045158715027,0.014330315582013513,0.00892657763536333,0.008091881454794381,0.00011151745149161357,0.01456245230387023
2025-07-24,0.0011007423167476097,0.010948918217222004,0.011070142221068936,-0.009922391368106838,0.002866531313559863,0.005359550322597452,0.013975971651080941
2025-07-25,0.005163753575076851,0.0035486895616804385,0.017212953582740134,-0.007867680661567775,-0.005723457253785401,0.0004009249492585466,0.017161764846820384
